Source path,Class name,Method name,Pattern type,Exception types,Handling strategy,Logging framework,Log level
src/main/java/io/github/classgraph/AnnotationClassRef.java,io.github.classgraph.AnnotationClassRef,getTypeSignature,try-catch,ParseException,wrap,,
src/main/java/io/github/classgraph/AnnotationEnumValue.java,io.github.classgraph.AnnotationEnumValue,loadClassAndReturnEnumValue,throws-declaration,IllegalArgumentException,propagate,,
src/main/java/io/github/classgraph/AnnotationEnumValue.java,io.github.classgraph.AnnotationEnumValue,loadClassAndReturnEnumValue,try-catch,ReflectiveOperationException | SecurityException,wrap,,
src/main/java/io/github/classgraph/AnnotationEnumValue.java,io.github.classgraph.AnnotationEnumValue,loadClassAndReturnEnumValue,try-catch,ReflectiveOperationException | SecurityException,wrap,,
src/main/java/io/github/classgraph/AnnotationEnumValue.java,io.github.classgraph.AnnotationEnumValue,loadClassAndReturnEnumValue,throws-declaration,IllegalArgumentException,propagate,,
src/main/java/io/github/classgraph/ArrayTypeSignature.java,io.github.classgraph.ArrayTypeSignature,loadElementClass,try-catch,Throwable,custom,,
src/main/java/io/github/classgraph/ArrayTypeSignature.java,io.github.classgraph.ArrayTypeSignature,loadClass,try-catch,IllegalArgumentException,recover,,
src/main/java/io/github/classgraph/ArrayTypeSignature.java,io.github.classgraph.ArrayTypeSignature,parse,throws-declaration,ParseException,propagate,,
src/main/java/io/github/classgraph/ClassGraph.java,io.github.classgraph.ClassGraph$FailureHandler,run,try-catch,InterruptedException | CancellationException | ExecutionException,custom,,
src/main/java/io/github/classgraph/ClassGraph.java,io.github.classgraph.ClassGraph$FailureHandler,scanAsync,try-catch,InterruptedException,recover,,
src/main/java/io/github/classgraph/ClassGraph.java,io.github.classgraph.ClassGraph$FailureHandler,call,throws-declaration,Exception,propagate,,
src/main/java/io/github/classgraph/ClassGraph.java,io.github.classgraph.ClassGraph$FailureHandler,scan,try-catch,InterruptedException | CancellationException,wrap,,
src/main/java/io/github/classgraph/ClassGraph.java,io.github.classgraph.ClassGraph$FailureHandler,scan,try-catch,ExecutionException,wrap,,
src/main/java/io/github/classgraph/ClassGraph.java,io.github.classgraph.ClassGraph$FailureHandler,getClasspathScanResult,try-catch,InterruptedException | CancellationException,wrap,,
src/main/java/io/github/classgraph/ClassGraph.java,io.github.classgraph.ClassGraph$FailureHandler,getClasspathScanResult,try-catch,ExecutionException,wrap,,
src/main/java/io/github/classgraph/ClassGraphClassLoader.java,io.github.classgraph.ClassGraphClassLoader,findClass,throws-declaration,"ClassNotFoundException, LinkageError, SecurityException",propagate,,
src/main/java/io/github/classgraph/ClassGraphClassLoader.java,io.github.classgraph.ClassGraphClassLoader,findClass,try-catch,ClassNotFoundException,ignore,,
src/main/java/io/github/classgraph/ClassGraphClassLoader.java,io.github.classgraph.ClassGraphClassLoader,findClass,try-catch,LinkageError,custom,,
src/main/java/io/github/classgraph/ClassGraphClassLoader.java,io.github.classgraph.ClassGraphClassLoader,findClass,try-catch,ClassNotFoundException,ignore,,
src/main/java/io/github/classgraph/ClassGraphClassLoader.java,io.github.classgraph.ClassGraphClassLoader,findClass,try-catch,LinkageError,custom,,
src/main/java/io/github/classgraph/ClassGraphClassLoader.java,io.github.classgraph.ClassGraphClassLoader,findClass,try-catch,ClassNotFoundException,ignore,,
src/main/java/io/github/classgraph/ClassGraphClassLoader.java,io.github.classgraph.ClassGraphClassLoader,findClass,try-catch,LinkageError,custom,,
src/main/java/io/github/classgraph/ClassGraphClassLoader.java,io.github.classgraph.ClassGraphClassLoader,findClass,try-catch,ClassNotFoundException,ignore,,
src/main/java/io/github/classgraph/ClassGraphClassLoader.java,io.github.classgraph.ClassGraphClassLoader,findClass,try-catch,LinkageError,custom,,
src/main/java/io/github/classgraph/ClassGraphClassLoader.java,io.github.classgraph.ClassGraphClassLoader,findClass,try-catch,ClassNotFoundException,ignore,,
src/main/java/io/github/classgraph/ClassGraphClassLoader.java,io.github.classgraph.ClassGraphClassLoader,findClass,try-catch,LinkageError,custom,,
src/main/java/io/github/classgraph/ClassGraphClassLoader.java,io.github.classgraph.ClassGraphClassLoader,findClass,try-catch,ClassNotFoundException,ignore,,
src/main/java/io/github/classgraph/ClassGraphClassLoader.java,io.github.classgraph.ClassGraphClassLoader,findClass,try-catch,LinkageError,custom,,
src/main/java/io/github/classgraph/ClassGraphClassLoader.java,io.github.classgraph.ClassGraphClassLoader,findClass,try-catch,IOException,wrap,,
src/main/java/io/github/classgraph/ClassGraphClassLoader.java,io.github.classgraph.ClassGraphClassLoader,findClass,try-catch,LinkageError,custom,,
src/main/java/io/github/classgraph/ClassGraphClassLoader.java,io.github.classgraph.ClassGraphClassLoader,getResources,throws-declaration,IOException,propagate,,
src/main/java/io/github/classgraph/ClassGraphClassLoader.java,io.github.classgraph.ClassGraphClassLoader,getResourceAsStream,try-catch,IOException,recover,,
src/main/java/io/github/classgraph/ClassInfo.java,io.github.classgraph.ClassInfo$RelType,getOrCreateClassInfo,try-catch,ParseException,wrap,,
src/main/java/io/github/classgraph/ClassInfo.java,io.github.classgraph.ClassInfo$ReachableAndDirectlyRelatedClasses,getTypeSignature,try-catch,ParseException,wrap,,
src/main/java/io/github/classgraph/ClassInfo.java,io.github.classgraph.ClassInfo$ReachableAndDirectlyRelatedClasses,getClasspathElementURL,try-catch,IllegalArgumentException | MalformedURLException,wrap,,
src/main/java/io/github/classgraph/ClassInfo.java,io.github.classgraph.ClassInfo$ReachableAndDirectlyRelatedClasses,findReferencedClassInfo,try-catch,IllegalArgumentException,log,,
src/main/java/io/github/classgraph/ClassInfo.java,io.github.classgraph.ClassInfo$ReachableAndDirectlyRelatedClasses,toString,try-catch,Exception,ignore,,
src/main/java/io/github/classgraph/ClassInfoList.java,io.github.classgraph.ClassInfoList$ClassInfoFilter,generateGraphVizDotFile,throws-declaration,IOException,propagate,,
src/main/java/io/github/classgraph/ClassRefTypeSignature.java,io.github.classgraph.ClassRefTypeSignature,parse,throws-declaration,ParseException,propagate,,
src/main/java/io/github/classgraph/ClassTypeSignature.java,io.github.classgraph.ClassTypeSignature,parse,throws-declaration,ParseException,propagate,,
src/main/java/io/github/classgraph/Classfile.java,io.github.classgraph.Classfile$SkipClassException,getConstantPoolStringOffset,throws-declaration,Classfile.ClassfileFormatException,propagate,,
src/main/java/io/github/classgraph/Classfile.java,io.github.classgraph.Classfile$SkipClassException,getConstantPoolString,throws-declaration,"Classfile.ClassfileFormatException, IOException",propagate,,
src/main/java/io/github/classgraph/Classfile.java,io.github.classgraph.Classfile$SkipClassException,getConstantPoolString,throws-declaration,"Classfile.ClassfileFormatException, IOException",propagate,,
src/main/java/io/github/classgraph/Classfile.java,io.github.classgraph.Classfile$SkipClassException,getConstantPoolString,throws-declaration,"Classfile.ClassfileFormatException, IOException",propagate,,
src/main/java/io/github/classgraph/Classfile.java,io.github.classgraph.Classfile$SkipClassException,getConstantPoolStringFirstByte,throws-declaration,"Classfile.ClassfileFormatException, IOException",propagate,,
src/main/java/io/github/classgraph/Classfile.java,io.github.classgraph.Classfile$SkipClassException,getConstantPoolClassName,throws-declaration,"Classfile.ClassfileFormatException, IOException",propagate,,
src/main/java/io/github/classgraph/Classfile.java,io.github.classgraph.Classfile$SkipClassException,getConstantPoolClassDescriptor,throws-declaration,"Classfile.ClassfileFormatException, IOException",propagate,,
src/main/java/io/github/classgraph/Classfile.java,io.github.classgraph.Classfile$SkipClassException,constantPoolStringEquals,throws-declaration,"Classfile.ClassfileFormatException, IOException",propagate,,
src/main/java/io/github/classgraph/Classfile.java,io.github.classgraph.Classfile$SkipClassException,cpReadInt,throws-declaration,IOException,propagate,,
src/main/java/io/github/classgraph/Classfile.java,io.github.classgraph.Classfile$SkipClassException,cpReadLong,throws-declaration,IOException,propagate,,
src/main/java/io/github/classgraph/Classfile.java,io.github.classgraph.Classfile$SkipClassException,getFieldConstantPoolValue,throws-declaration,"Classfile.ClassfileFormatException, IOException",propagate,,
src/main/java/io/github/classgraph/Classfile.java,io.github.classgraph.Classfile$SkipClassException,readAnnotation,throws-declaration,IOException,propagate,,
src/main/java/io/github/classgraph/Classfile.java,io.github.classgraph.Classfile$SkipClassException,readAnnotationElementValue,throws-declaration,IOException,propagate,,
src/main/java/io/github/classgraph/Classfile.java,io.github.classgraph.Classfile$TypePathNode,readTypePath,throws-declaration,IOException,propagate,,
src/main/java/io/github/classgraph/Classfile.java,io.github.classgraph.Classfile$TypePathNode,readConstantPoolEntries,throws-declaration,IOException,propagate,,
src/main/java/io/github/classgraph/Classfile.java,io.github.classgraph.Classfile$TypePathNode,readConstantPoolEntries,try-catch,ParseException,wrap,,
src/main/java/io/github/classgraph/Classfile.java,io.github.classgraph.Classfile$TypePathNode,readConstantPoolEntries,try-catch,ParseException,wrap,,
src/main/java/io/github/classgraph/Classfile.java,io.github.classgraph.Classfile$TypePathNode,readBasicClassInfo,throws-declaration,"IOException, Classfile.ClassfileFormatException, Classfile.SkipClassException",propagate,,
src/main/java/io/github/classgraph/Classfile.java,io.github.classgraph.Classfile$TypePathNode,readInterfaces,throws-declaration,IOException,propagate,,
src/main/java/io/github/classgraph/Classfile.java,io.github.classgraph.Classfile$TypePathNode,readFields,throws-declaration,"IOException, Classfile.ClassfileFormatException",propagate,,
src/main/java/io/github/classgraph/Classfile.java,io.github.classgraph.Classfile$TypePathNode,readMethods,throws-declaration,"IOException, Classfile.ClassfileFormatException",propagate,,
src/main/java/io/github/classgraph/Classfile.java,io.github.classgraph.Classfile$TypePathNode,readClassAttributes,throws-declaration,"IOException, Classfile.ClassfileFormatException",propagate,,
src/main/java/io/github/classgraph/Classfile.java,io.github.classgraph.Classfile$TypePathNode,Classfile,throws-declaration,"IOException, Classfile.ClassfileFormatException, Classfile.SkipClassException",propagate,,
src/main/java/io/github/classgraph/ClasspathElement.java,io.github.classgraph.ClasspathElement,open,throws-declaration,InterruptedException,propagate,,
src/main/java/io/github/classgraph/ClasspathElementFileDir.java,io.github.classgraph.ClasspathElementFileDir,open,try-catch,SecurityException,custom,,
src/main/java/io/github/classgraph/ClasspathElementFileDir.java,io.github.classgraph.ClasspathElementFileDir,getPosixFilePermissions,try-catch,UnsupportedOperationException | IOException | SecurityException,ignore,,
src/main/java/io/github/classgraph/ClasspathElementFileDir.java,io.github.classgraph.ClasspathElementFileDir,read,throws-declaration,IOException,propagate,,
src/main/java/io/github/classgraph/ClasspathElementFileDir.java,io.github.classgraph.ClasspathElementFileDir,openClassfile,throws-declaration,IOException,propagate,,
src/main/java/io/github/classgraph/ClasspathElementFileDir.java,io.github.classgraph.ClasspathElementFileDir,open,throws-declaration,IOException,propagate,,
src/main/java/io/github/classgraph/ClasspathElementFileDir.java,io.github.classgraph.ClasspathElementFileDir,load,throws-declaration,IOException,propagate,,
src/main/java/io/github/classgraph/ClasspathElementFileDir.java,io.github.classgraph.ClasspathElementFileDir,scanDirRecursively,try-catch,IOException | SecurityException,log+recover,,
src/main/java/io/github/classgraph/ClasspathElementModule.java,io.github.classgraph.ClasspathElementModule,open,throws-declaration,InterruptedException,propagate,,
src/main/java/io/github/classgraph/ClasspathElementModule.java,io.github.classgraph.ClasspathElementModule,open,try-catch,IOException | NullSingletonException | NewInstanceException,recover,,
src/main/java/io/github/classgraph/ClasspathElementModule.java,io.github.classgraph.ClasspathElementModule,read,throws-declaration,IOException,propagate,,
src/main/java/io/github/classgraph/ClasspathElementModule.java,io.github.classgraph.ClasspathElementModule,read,try-catch,SecurityException | OutOfMemoryError,wrap,,
src/main/java/io/github/classgraph/ClasspathElementModule.java,io.github.classgraph.ClasspathElementModule,openClassfile,throws-declaration,IOException,propagate,,
src/main/java/io/github/classgraph/ClasspathElementModule.java,io.github.classgraph.ClasspathElementModule,open,throws-declaration,IOException,propagate,,
src/main/java/io/github/classgraph/ClasspathElementModule.java,io.github.classgraph.ClasspathElementModule,open,try-catch,SecurityException,wrap,,
src/main/java/io/github/classgraph/ClasspathElementModule.java,io.github.classgraph.ClasspathElementModule,close,throws-declaration,IOException,propagate,,
src/main/java/io/github/classgraph/ClasspathElementModule.java,io.github.classgraph.ClasspathElementModule,close,try-catch,Exception,ignore,,
src/main/java/io/github/classgraph/ClasspathElementModule.java,io.github.classgraph.ClasspathElementModule,load,throws-declaration,IOException,propagate,,
src/main/java/io/github/classgraph/ClasspathElementModule.java,io.github.classgraph.ClasspathElementModule,scanPaths,try-catch,IOException,log,,
src/main/java/io/github/classgraph/ClasspathElementModule.java,io.github.classgraph.ClasspathElementModule,scanPaths,try-catch,SecurityException,log+recover,,
src/main/java/io/github/classgraph/ClasspathElementModule.java,io.github.classgraph.ClasspathElementModule,getFile,try-catch,Exception,ignore,,
src/main/java/io/github/classgraph/ClasspathElementPathDir.java,io.github.classgraph.ClasspathElementPathDir,open,try-catch,SecurityException,custom,,
src/main/java/io/github/classgraph/ClasspathElementPathDir.java,io.github.classgraph.ClasspathElementPathDir,open,try-catch,IOException,ignore,,
src/main/java/io/github/classgraph/ClasspathElementPathDir.java,io.github.classgraph.ClasspathElementPathDir,newResource,try-catch,IOException | SecurityException,custom,,
src/main/java/io/github/classgraph/ClasspathElementPathDir.java,io.github.classgraph.ClasspathElementPathDir,getLastModified,try-catch,UnsupportedOperationException,recover,,
src/main/java/io/github/classgraph/ClasspathElementPathDir.java,io.github.classgraph.ClasspathElementPathDir,getPosixFilePermissions,try-catch,UnsupportedOperationException | IOException | SecurityException,ignore,,
src/main/java/io/github/classgraph/ClasspathElementPathDir.java,io.github.classgraph.ClasspathElementPathDir,read,throws-declaration,IOException,propagate,,
src/main/java/io/github/classgraph/ClasspathElementPathDir.java,io.github.classgraph.ClasspathElementPathDir,openClassfile,throws-declaration,IOException,propagate,,
src/main/java/io/github/classgraph/ClasspathElementPathDir.java,io.github.classgraph.ClasspathElementPathDir,open,throws-declaration,IOException,propagate,,
src/main/java/io/github/classgraph/ClasspathElementPathDir.java,io.github.classgraph.ClasspathElementPathDir,load,throws-declaration,IOException,propagate,,
src/main/java/io/github/classgraph/ClasspathElementPathDir.java,io.github.classgraph.ClasspathElementPathDir,scanPathRecursively,try-catch,IOException | SecurityException,log+recover,,
src/main/java/io/github/classgraph/ClasspathElementPathDir.java,io.github.classgraph.ClasspathElementPathDir,scanPathRecursively,try-catch,IOException | SecurityException,log+recover,,
src/main/java/io/github/classgraph/ClasspathElementPathDir.java,io.github.classgraph.ClasspathElementPathDir,scanPathRecursively,try-catch,UnsupportedOperationException,ignore,,
src/main/java/io/github/classgraph/ClasspathElementPathDir.java,io.github.classgraph.ClasspathElementPathDir,scanPathRecursively,try-catch,UnsupportedOperationException,ignore,,
src/main/java/io/github/classgraph/ClasspathElementPathDir.java,io.github.classgraph.ClasspathElementPathDir,scanPathRecursively,try-catch,SecurityException,log,,
src/main/java/io/github/classgraph/ClasspathElementPathDir.java,io.github.classgraph.ClasspathElementPathDir,scanPathRecursively,try-catch,UnsupportedOperationException,ignore,,
src/main/java/io/github/classgraph/ClasspathElementPathDir.java,io.github.classgraph.ClasspathElementPathDir,getFile,try-catch,UnsupportedOperationException,recover,,
src/main/java/io/github/classgraph/ClasspathElementPathDir.java,io.github.classgraph.ClasspathElementPathDir,getURI,try-catch,IOError | SecurityException,custom,,
src/main/java/io/github/classgraph/ClasspathElementPathDir.java,io.github.classgraph.ClasspathElementPathDir,getURI,try-catch,URISyntaxException,wrap,,
src/main/java/io/github/classgraph/ClasspathElementPathDir.java,io.github.classgraph.ClasspathElementPathDir,toString,try-catch,IOError | SecurityException,recover,,
src/main/java/io/github/classgraph/ClasspathElementZip.java,io.github.classgraph.ClasspathElementZip,ClasspathElementZip,try-catch,IOError | SecurityException,ignore,,
src/main/java/io/github/classgraph/ClasspathElementZip.java,io.github.classgraph.ClasspathElementZip,open,throws-declaration,InterruptedException,propagate,,
src/main/java/io/github/classgraph/ClasspathElementZip.java,io.github.classgraph.ClasspathElementZip,open,try-catch,IOException | IllegalArgumentException,log+recover,,
src/main/java/io/github/classgraph/ClasspathElementZip.java,io.github.classgraph.ClasspathElementZip,open,try-catch,NullSingletonException | NewInstanceException,wrap,,
src/main/java/io/github/classgraph/ClasspathElementZip.java,io.github.classgraph.ClasspathElementZip,openClassfile,throws-declaration,IOException,propagate,,
src/main/java/io/github/classgraph/ClasspathElementZip.java,io.github.classgraph.ClasspathElementZip,open,throws-declaration,IOException,propagate,,
src/main/java/io/github/classgraph/ClasspathElementZip.java,io.github.classgraph.ClasspathElementZip,open,try-catch,IOException,rethrow,,
src/main/java/io/github/classgraph/ClasspathElementZip.java,io.github.classgraph.ClasspathElementZip,read,throws-declaration,IOException,propagate,,
src/main/java/io/github/classgraph/ClasspathElementZip.java,io.github.classgraph.ClasspathElementZip,read,try-catch,IOException,rethrow,,
src/main/java/io/github/classgraph/ClasspathElementZip.java,io.github.classgraph.ClasspathElementZip,load,throws-declaration,IOException,propagate,,
src/main/java/io/github/classgraph/ClasspathElementZip.java,io.github.classgraph.ClasspathElementZip,getURI,try-catch,URISyntaxException,wrap,,
src/main/java/io/github/classgraph/ClasspathElementZip.java,io.github.classgraph.ClasspathElementZip,getAllURIs,try-catch,URISyntaxException,ignore,,
src/main/java/io/github/classgraph/CloseableByteBuffer.java,io.github.classgraph.CloseableByteBuffer,close,throws-declaration,IOException,propagate,,
src/main/java/io/github/classgraph/CloseableByteBuffer.java,io.github.classgraph.CloseableByteBuffer,close,try-catch,Exception,ignore,,
src/main/java/io/github/classgraph/FieldInfo.java,io.github.classgraph.FieldInfo,getTypeDescriptor,try-catch,ParseException,wrap,,
src/main/java/io/github/classgraph/FieldInfo.java,io.github.classgraph.FieldInfo,getTypeSignature,try-catch,ParseException,wrap,,
src/main/java/io/github/classgraph/FieldInfo.java,io.github.classgraph.FieldInfo,getTypeSignatureOrTypeDescriptor,try-catch,Exception,ignore,,
src/main/java/io/github/classgraph/FieldInfo.java,io.github.classgraph.FieldInfo,loadClassAndGetField,throws-declaration,IllegalArgumentException,propagate,,
src/main/java/io/github/classgraph/FieldInfo.java,io.github.classgraph.FieldInfo,loadClassAndGetField,try-catch,NoSuchFieldException,custom,,
src/main/java/io/github/classgraph/FieldInfo.java,io.github.classgraph.FieldInfo,loadClassAndGetField,try-catch,NoSuchFieldException,wrap,,
src/main/java/io/github/classgraph/FieldInfo.java,io.github.classgraph.FieldInfo,findReferencedClassInfo,try-catch,IllegalArgumentException,log,,
src/main/java/io/github/classgraph/FieldInfo.java,io.github.classgraph.FieldInfo,findReferencedClassInfo,try-catch,IllegalArgumentException,log,,
src/main/java/io/github/classgraph/MethodInfo.java,io.github.classgraph.MethodInfo,getTypeDescriptor,try-catch,ParseException,wrap,,
src/main/java/io/github/classgraph/MethodInfo.java,io.github.classgraph.MethodInfo,getTypeSignature,try-catch,ParseException,wrap,,
src/main/java/io/github/classgraph/MethodInfo.java,io.github.classgraph.MethodInfo,getTypeSignatureOrTypeDescriptor,try-catch,Exception,ignore,,
src/main/java/io/github/classgraph/MethodInfo.java,io.github.classgraph.MethodInfo,getParameterInfo,try-catch,Exception,ignore,,
src/main/java/io/github/classgraph/MethodInfo.java,io.github.classgraph.MethodInfo,getParameterInfo,try-catch,Exception,ignore,,
src/main/java/io/github/classgraph/MethodInfo.java,io.github.classgraph.MethodInfo,loadClassAndGetMethod,throws-declaration,IllegalArgumentException,propagate,,
src/main/java/io/github/classgraph/MethodInfo.java,io.github.classgraph.MethodInfo,loadClassAndGetMethod,try-catch,NoSuchMethodException,custom,,
src/main/java/io/github/classgraph/MethodInfo.java,io.github.classgraph.MethodInfo,loadClassAndGetMethod,try-catch,NoSuchMethodException,wrap,,
src/main/java/io/github/classgraph/MethodInfo.java,io.github.classgraph.MethodInfo,loadClassAndGetConstructor,throws-declaration,IllegalArgumentException,propagate,,
src/main/java/io/github/classgraph/MethodInfo.java,io.github.classgraph.MethodInfo,loadClassAndGetConstructor,try-catch,NoSuchMethodException,custom,,
src/main/java/io/github/classgraph/MethodInfo.java,io.github.classgraph.MethodInfo,loadClassAndGetConstructor,try-catch,NoSuchMethodException,wrap,,
src/main/java/io/github/classgraph/MethodInfo.java,io.github.classgraph.MethodInfo,findReferencedClassInfo,try-catch,IllegalArgumentException,log,,
src/main/java/io/github/classgraph/MethodInfo.java,io.github.classgraph.MethodInfo,findReferencedClassInfo,try-catch,IllegalArgumentException,log,,
src/main/java/io/github/classgraph/MethodTypeSignature.java,io.github.classgraph.MethodTypeSignature,parse,throws-declaration,ParseException,propagate,,
src/main/java/io/github/classgraph/ModuleReaderProxy.java,io.github.classgraph.ModuleReaderProxy,ModuleReaderProxy,throws-declaration,IOException,propagate,,
src/main/java/io/github/classgraph/ModuleReaderProxy.java,io.github.classgraph.ModuleReaderProxy,ModuleReaderProxy,try-catch,SecurityException,wrap,,
src/main/java/io/github/classgraph/ModuleReaderProxy.java,io.github.classgraph.ModuleReaderProxy,close,try-catch,Exception,ignore,,
src/main/java/io/github/classgraph/ModuleReaderProxy.java,io.github.classgraph.ModuleReaderProxy,list,throws-declaration,SecurityException,propagate,,
src/main/java/io/github/classgraph/ModuleReaderProxy.java,io.github.classgraph.ModuleReaderProxy,open,throws-declaration,SecurityException,propagate,,
src/main/java/io/github/classgraph/ModuleReaderProxy.java,io.github.classgraph.ModuleReaderProxy,read,throws-declaration,"SecurityException, OutOfMemoryError",propagate,,
src/main/java/io/github/classgraph/ModuleRef.java,io.github.classgraph.ModuleRef,open,throws-declaration,IOException,propagate,,
src/main/java/io/github/classgraph/ReferenceTypeSignature.java,io.github.classgraph.ReferenceTypeSignature,parseReferenceTypeSignature,throws-declaration,ParseException,propagate,,
src/main/java/io/github/classgraph/ReferenceTypeSignature.java,io.github.classgraph.ReferenceTypeSignature,parseClassBound,throws-declaration,ParseException,propagate,,
src/main/java/io/github/classgraph/Resource.java,io.github.classgraph.Resource,uriToURL,try-catch,IllegalArgumentException | MalformedURLException,custom,,
src/main/java/io/github/classgraph/Resource.java,io.github.classgraph.Resource,getURI,try-catch,URISyntaxException,wrap,,
src/main/java/io/github/classgraph/Resource.java,io.github.classgraph.Resource,getContentAsString,throws-declaration,IOException,propagate,,
src/main/java/io/github/classgraph/Resource.java,io.github.classgraph.Resource,open,throws-declaration,IOException,propagate,,
src/main/java/io/github/classgraph/Resource.java,io.github.classgraph.Resource,read,throws-declaration,IOException,propagate,,
src/main/java/io/github/classgraph/Resource.java,io.github.classgraph.Resource,readCloseable,throws-declaration,IOException,propagate,,
src/main/java/io/github/classgraph/Resource.java,io.github.classgraph.Resource,load,throws-declaration,IOException,propagate,,
src/main/java/io/github/classgraph/Resource.java,io.github.classgraph.Resource,openClassfile,throws-declaration,IOException,propagate,,
src/main/java/io/github/classgraph/Resource.java,io.github.classgraph.Resource,close,try-catch,IOException,ignore,,
src/main/java/io/github/classgraph/ResourceList.java,io.github.classgraph.ResourceList$ByteArrayConsumerThrowsIOException,accept,throws-declaration,IOException,propagate,,
src/main/java/io/github/classgraph/ResourceList.java,io.github.classgraph.ResourceList$ByteArrayConsumerThrowsIOException,forEachByteArray,try-catch,IOException,custom,,
src/main/java/io/github/classgraph/ResourceList.java,io.github.classgraph.ResourceList$ByteArrayConsumerThrowsIOException,forEachByteArrayIgnoringIOException,try-catch,IOException,ignore,,
src/main/java/io/github/classgraph/ResourceList.java,io.github.classgraph.ResourceList$ByteArrayConsumerThrowsIOException,forEachByteArrayThrowingIOException,throws-declaration,IOException,propagate,,
src/main/java/io/github/classgraph/ResourceList.java,io.github.classgraph.ResourceList$InputStreamConsumerThrowsIOException,accept,throws-declaration,IOException,propagate,,
src/main/java/io/github/classgraph/ResourceList.java,io.github.classgraph.ResourceList$InputStreamConsumerThrowsIOException,forEachInputStream,try-catch,IOException,custom,,
src/main/java/io/github/classgraph/ResourceList.java,io.github.classgraph.ResourceList$InputStreamConsumerThrowsIOException,forEachInputStreamIgnoringIOException,try-catch,IOException,ignore,,
src/main/java/io/github/classgraph/ResourceList.java,io.github.classgraph.ResourceList$InputStreamConsumerThrowsIOException,forEachInputStreamThrowingIOException,throws-declaration,IOException,propagate,,
src/main/java/io/github/classgraph/ResourceList.java,io.github.classgraph.ResourceList$ByteBufferConsumerThrowsIOException,accept,throws-declaration,IOException,propagate,,
src/main/java/io/github/classgraph/ResourceList.java,io.github.classgraph.ResourceList$ByteBufferConsumerThrowsIOException,forEachByteBuffer,try-catch,IOException,custom,,
src/main/java/io/github/classgraph/ResourceList.java,io.github.classgraph.ResourceList$ByteBufferConsumerThrowsIOException,forEachByteBufferIgnoringIOException,try-catch,IOException,ignore,,
src/main/java/io/github/classgraph/ResourceList.java,io.github.classgraph.ResourceList$ByteBufferConsumerThrowsIOException,forEachByteBufferThrowingIOException,throws-declaration,IOException,propagate,,
src/main/java/io/github/classgraph/ScanResult.java,io.github.classgraph.ScanResult$SerializationFormat,getClasspathURIs,try-catch,IllegalArgumentException,ignore,,
src/main/java/io/github/classgraph/ScanResult.java,io.github.classgraph.ScanResult$SerializationFormat,getClasspathURLs,try-catch,IllegalArgumentException | MalformedURLException,ignore,,
src/main/java/io/github/classgraph/ScanResult.java,io.github.classgraph.ScanResult$SerializationFormat,loadClass,throws-declaration,IllegalArgumentException,propagate,,
src/main/java/io/github/classgraph/ScanResult.java,io.github.classgraph.ScanResult$SerializationFormat,loadClass,try-catch,ClassNotFoundException | LinkageError,custom,,
src/main/java/io/github/classgraph/ScanResult.java,io.github.classgraph.ScanResult$SerializationFormat,loadClass,throws-declaration,IllegalArgumentException,propagate,,
src/main/java/io/github/classgraph/ScanResult.java,io.github.classgraph.ScanResult$SerializationFormat,loadClass,try-catch,ClassNotFoundException | LinkageError,custom,,
src/main/java/io/github/classgraph/ScanResultObject.java,io.github.classgraph.ScanResultObject,getClassInfoNameOrClassName,try-catch,IllegalArgumentException,ignore,,
src/main/java/io/github/classgraph/ScanResultObject.java,io.github.classgraph.ScanResultObject,loadClass,try-catch,Throwable,custom,,
src/main/java/io/github/classgraph/ScanResultObject.java,io.github.classgraph.ScanResultObject,loadClass,try-catch,Throwable,custom,,
src/main/java/io/github/classgraph/Scanner.java,io.github.classgraph.Scanner,Scanner,throws-declaration,InterruptedException,propagate,,
src/main/java/io/github/classgraph/Scanner.java,io.github.classgraph.Scanner,Scanner,try-catch,InterruptedException,rethrow,,
src/main/java/io/github/classgraph/Scanner.java,io.github.classgraph.Scanner,processWorkUnits,throws-declaration,"InterruptedException, ExecutionException",propagate,,
src/main/java/io/github/classgraph/Scanner.java,io.github.classgraph.Scanner$ClasspathEntryWorkUnit,newInstance,throws-declaration,"IOException, InterruptedException",propagate,,
src/main/java/io/github/classgraph/Scanner.java,io.github.classgraph.Scanner$ClasspathEntryWorkUnit,newInstance,try-catch,MalformedURLException,wrap,,
src/main/java/io/github/classgraph/Scanner.java,io.github.classgraph.Scanner$ClasspathEntryWorkUnit,newInstance,try-catch,MalformedURLException,wrap,,
src/main/java/io/github/classgraph/Scanner.java,io.github.classgraph.Scanner$ClasspathEntryWorkUnit,newInstance,try-catch,IllegalArgumentException | SecurityException | URISyntaxException,wrap,,
src/main/java/io/github/classgraph/Scanner.java,io.github.classgraph.Scanner$ClasspathEntryWorkUnit,newInstance,try-catch,FileSystemNotFoundException,recover,,
src/main/java/io/github/classgraph/Scanner.java,io.github.classgraph.Scanner$ClasspathEntryWorkUnit,newInstance,try-catch,URISyntaxException,wrap,,
src/main/java/io/github/classgraph/Scanner.java,io.github.classgraph.Scanner$ClasspathEntryWorkUnit,newInstance,try-catch,IllegalArgumentException | SecurityException,wrap,,
src/main/java/io/github/classgraph/Scanner.java,io.github.classgraph.Scanner$ClasspathEntryWorkUnit,newInstance,try-catch,FileSystemNotFoundException,recover,,
src/main/java/io/github/classgraph/Scanner.java,io.github.classgraph.Scanner$ClasspathEntryWorkUnit,newInstance,try-catch,NullSingletonException | NewInstanceException,wrap,,
src/main/java/io/github/classgraph/Scanner.java,io.github.classgraph.Scanner$ClasspathEntryWorkUnit,processWorkUnit,throws-declaration,InterruptedException,propagate,,
src/main/java/io/github/classgraph/Scanner.java,io.github.classgraph.Scanner$ClasspathEntryWorkUnit,processWorkUnit,try-catch,IOException | SecurityException,log,,
src/main/java/io/github/classgraph/Scanner.java,io.github.classgraph.Scanner$ClasspathEntryWorkUnit,processWorkUnit,try-catch,NullSingletonException | NewInstanceException,wrap,,
src/main/java/io/github/classgraph/Scanner.java,io.github.classgraph.Scanner$ClassfileScannerWorkUnitProcessor,processWorkUnit,throws-declaration,InterruptedException,propagate,,
src/main/java/io/github/classgraph/Scanner.java,io.github.classgraph.Scanner$ClassfileScannerWorkUnitProcessor,processWorkUnit,try-catch,Classfile.SkipClassException,log,,
src/main/java/io/github/classgraph/Scanner.java,io.github.classgraph.Scanner$ClassfileScannerWorkUnitProcessor,processWorkUnit,try-catch,Classfile.ClassfileFormatException,log,,
src/main/java/io/github/classgraph/Scanner.java,io.github.classgraph.Scanner$ClassfileScannerWorkUnitProcessor,processWorkUnit,try-catch,IOException,log,,
src/main/java/io/github/classgraph/Scanner.java,io.github.classgraph.Scanner$ClassfileScannerWorkUnitProcessor,processWorkUnit,try-catch,Exception,log,,
src/main/java/io/github/classgraph/Scanner.java,io.github.classgraph.Scanner$ClassfileScannerWorkUnitProcessor,performScan,throws-declaration,"InterruptedException, ExecutionException",propagate,,
src/main/java/io/github/classgraph/Scanner.java,io.github.classgraph.Scanner$ClassfileScannerWorkUnitProcessor,openClasspathElementsThenScan,throws-declaration,"InterruptedException, ExecutionException",propagate,,
src/main/java/io/github/classgraph/Scanner.java,io.github.classgraph.Scanner$ClassfileScannerWorkUnitProcessor,processWorkUnit,throws-declaration,InterruptedException,propagate,,
src/main/java/io/github/classgraph/Scanner.java,io.github.classgraph.Scanner$ClassfileScannerWorkUnitProcessor,call,throws-declaration,"InterruptedException, CancellationException, ExecutionException",propagate,,
src/main/java/io/github/classgraph/Scanner.java,io.github.classgraph.Scanner$ClassfileScannerWorkUnitProcessor,call,try-catch,Throwable,log+log,,
src/main/java/io/github/classgraph/Scanner.java,io.github.classgraph.Scanner$ClassfileScannerWorkUnitProcessor,call,try-catch,Exception,wrap,,
src/main/java/io/github/classgraph/Scanner.java,io.github.classgraph.Scanner$ClassfileScannerWorkUnitProcessor,call,try-catch,Exception,log+rethrow,,
src/main/java/io/github/classgraph/TypeArgument.java,io.github.classgraph.TypeArgument$Wildcard,parse,throws-declaration,ParseException,propagate,,
src/main/java/io/github/classgraph/TypeArgument.java,io.github.classgraph.TypeArgument$Wildcard,parseList,throws-declaration,ParseException,propagate,,
src/main/java/io/github/classgraph/TypeParameter.java,io.github.classgraph.TypeParameter,parseList,throws-declaration,ParseException,propagate,,
src/main/java/io/github/classgraph/TypeSignature.java,io.github.classgraph.TypeSignature,parse,throws-declaration,ParseException,propagate,,
src/main/java/io/github/classgraph/TypeSignature.java,io.github.classgraph.TypeSignature,parse,throws-declaration,ParseException,propagate,,
src/main/java/io/github/classgraph/TypeVariableSignature.java,io.github.classgraph.TypeVariableSignature,resolve,try-catch,Exception,ignore,,
src/main/java/io/github/classgraph/TypeVariableSignature.java,io.github.classgraph.TypeVariableSignature,parse,throws-declaration,ParseException,propagate,,
src/main/java/io/github/classgraph/TypeVariableSignature.java,io.github.classgraph.TypeVariableSignature,equalsIgnoringTypeParams,try-catch,IllegalArgumentException,recover,,
src/main/java/io/github/classgraph/TypeVariableSignature.java,io.github.classgraph.TypeVariableSignature,toStringWithTypeBound,try-catch,IllegalArgumentException,recover,,
src/main/java/nonapi/io/github/classgraph/classloaderhandler/ClassLoaderHandlerRegistry.java,nonapi.io.github.classgraph.classloaderhandler.ClassLoaderHandlerRegistry$ClassLoaderHandlerRegistryEntry,ClassLoaderHandlerRegistryEntry,try-catch,Exception,wrap,,
src/main/java/nonapi/io/github/classgraph/classloaderhandler/ClassLoaderHandlerRegistry.java,nonapi.io.github.classgraph.classloaderhandler.ClassLoaderHandlerRegistry$ClassLoaderHandlerRegistryEntry,ClassLoaderHandlerRegistryEntry,try-catch,Exception,wrap,,
src/main/java/nonapi/io/github/classgraph/classloaderhandler/ClassLoaderHandlerRegistry.java,nonapi.io.github.classgraph.classloaderhandler.ClassLoaderHandlerRegistry$ClassLoaderHandlerRegistryEntry,ClassLoaderHandlerRegistryEntry,try-catch,Exception,wrap,,
src/main/java/nonapi/io/github/classgraph/classloaderhandler/ClassLoaderHandlerRegistry.java,nonapi.io.github.classgraph.classloaderhandler.ClassLoaderHandlerRegistry$ClassLoaderHandlerRegistryEntry,canHandle,try-catch,Throwable,wrap,,
src/main/java/nonapi/io/github/classgraph/classloaderhandler/ClassLoaderHandlerRegistry.java,nonapi.io.github.classgraph.classloaderhandler.ClassLoaderHandlerRegistry$ClassLoaderHandlerRegistryEntry,findClassLoaderOrder,try-catch,Throwable,wrap,,
src/main/java/nonapi/io/github/classgraph/classloaderhandler/ClassLoaderHandlerRegistry.java,nonapi.io.github.classgraph.classloaderhandler.ClassLoaderHandlerRegistry$ClassLoaderHandlerRegistryEntry,findClasspathOrder,try-catch,Throwable,wrap,,
src/main/java/nonapi/io/github/classgraph/classloaderhandler/CxfContainerClassLoaderHandler.java,nonapi.io.github.classgraph.classloaderhandler.CxfContainerClassLoaderHandler,findClassLoaderOrder,try-catch,LinkageError | ClassNotFoundException,ignore,,
src/main/java/nonapi/io/github/classgraph/classloaderhandler/QuarkusClassLoaderHandler.java,nonapi.io.github.classgraph.classloaderhandler.QuarkusClassLoaderHandler,findClasspathOrderForRuntimeClassloader,try-catch,IOError | SecurityException,log,,
src/main/java/nonapi/io/github/classgraph/classloaderhandler/TomcatWebappClassLoaderBaseHandler.java,nonapi.io.github.classgraph.classloaderhandler.TomcatWebappClassLoaderBaseHandler,findClassLoaderOrder,try-catch,LinkageError | ClassNotFoundException,ignore,,
src/main/java/nonapi/io/github/classgraph/classloaderhandler/WebsphereLibertyClassLoaderHandler.java,nonapi.io.github.classgraph.classloaderhandler.WebsphereLibertyClassLoaderHandler,callGetUrls,try-catch,UnsupportedOperationException,ignore,,
src/main/java/nonapi/io/github/classgraph/classpath/CallStackReader.java,nonapi.io.github.classgraph.classpath.CallStackReader,getCallStackViaStackWalker,try-catch,Exception | LinkageError,recover,,
src/main/java/nonapi/io/github/classgraph/classpath/CallStackReader.java,nonapi.io.github.classgraph.classpath.CallStackReader,invoke,throws-declaration,Throwable,propagate,,
src/main/java/nonapi/io/github/classgraph/classpath/CallStackReader.java,nonapi.io.github.classgraph.classpath.CallStackReader,getCallStackViaSecurityManager,try-catch,Throwable,log+recover,,
src/main/java/nonapi/io/github/classgraph/classpath/CallStackReader.java,nonapi.io.github.classgraph.classpath.CallStackReader,getClassContext,try-catch,Throwable,ignore,,
src/main/java/nonapi/io/github/classgraph/classpath/CallStackReader.java,nonapi.io.github.classgraph.classpath.CallStackReader,call,throws-declaration,Exception,propagate,,
src/main/java/nonapi/io/github/classgraph/classpath/CallStackReader.java,nonapi.io.github.classgraph.classpath.CallStackReader,call,try-catch,Throwable,ignore,,
src/main/java/nonapi/io/github/classgraph/classpath/CallStackReader.java,nonapi.io.github.classgraph.classpath.CallStackReader,call,throws-declaration,Exception,propagate,,
src/main/java/nonapi/io/github/classgraph/classpath/CallStackReader.java,nonapi.io.github.classgraph.classpath.CallStackReader,call,try-catch,Exception,custom,,
src/main/java/nonapi/io/github/classgraph/classpath/CallStackReader.java,nonapi.io.github.classgraph.classpath.CallStackReader,call,try-catch,ClassNotFoundException | LinkageError,ignore,,
src/main/java/nonapi/io/github/classgraph/classpath/ClassLoaderFinder.java,nonapi.io.github.classgraph.classpath.ClassLoaderFinder,ClassLoaderFinder,try-catch,IllegalArgumentException,log,,
src/main/java/nonapi/io/github/classgraph/classpath/ClasspathOrder.java,nonapi.io.github.classgraph.classpath.ClasspathOrder$ClasspathElementAndClassLoader,addClasspathEntry,try-catch,MalformedURLException | URISyntaxException | InvalidPathException,recover,,
src/main/java/nonapi/io/github/classgraph/classpath/ClasspathOrder.java,nonapi.io.github.classgraph.classpath.ClasspathOrder$ClasspathElementAndClassLoader,addClasspathEntry,try-catch,IOError | SecurityException,custom,,
src/main/java/nonapi/io/github/classgraph/classpath/ClasspathOrder.java,nonapi.io.github.classgraph.classpath.ClasspathOrder$ClasspathElementAndClassLoader,addClasspathEntry,try-catch,MalformedURLException | IllegalArgumentException | IOError | SecurityException,log,,
src/main/java/nonapi/io/github/classgraph/classpath/ClasspathOrder.java,nonapi.io.github.classgraph.classpath.ClasspathOrder$ClasspathElementAndClassLoader,addClasspathEntry,try-catch,MalformedURLException | IllegalArgumentException | IOError | SecurityException,log,,
src/main/java/nonapi/io/github/classgraph/classpath/ModuleFinder.java,nonapi.io.github.classgraph.classpath.ModuleFinder,findModuleRefs,try-catch,IllegalArgumentException,log,,
src/main/java/nonapi/io/github/classgraph/classpath/ModuleFinder.java,nonapi.io.github.classgraph.classpath.ModuleFinder,findModuleRefsFromCallstack,try-catch,ClassNotFoundException | LinkageError,ignore,,
src/main/java/nonapi/io/github/classgraph/classpath/SystemJarFinder.java,nonapi.io.github.classgraph.classpath.SystemJarFinder,addJREPath,try-catch,IOException | SecurityException,ignore,,
src/main/java/nonapi/io/github/classgraph/concurrency/AutoCloseableExecutorService.java,nonapi.io.github.classgraph.concurrency.AutoCloseableExecutorService,afterExecute,try-catch,CancellationException | InterruptedException,custom,,
src/main/java/nonapi/io/github/classgraph/concurrency/AutoCloseableExecutorService.java,nonapi.io.github.classgraph.concurrency.AutoCloseableExecutorService,afterExecute,try-catch,ExecutionException,custom,,
src/main/java/nonapi/io/github/classgraph/concurrency/AutoCloseableExecutorService.java,nonapi.io.github.classgraph.concurrency.AutoCloseableExecutorService,close,try-catch,SecurityException,ignore,,
src/main/java/nonapi/io/github/classgraph/concurrency/AutoCloseableExecutorService.java,nonapi.io.github.classgraph.concurrency.AutoCloseableExecutorService,close,try-catch,InterruptedException,custom,,
src/main/java/nonapi/io/github/classgraph/concurrency/AutoCloseableExecutorService.java,nonapi.io.github.classgraph.concurrency.AutoCloseableExecutorService,close,try-catch,SecurityException,wrap,,
src/main/java/nonapi/io/github/classgraph/concurrency/InterruptionChecker.java,nonapi.io.github.classgraph.concurrency.InterruptionChecker,check,throws-declaration,"InterruptedException, ExecutionException",propagate,,
src/main/java/nonapi/io/github/classgraph/concurrency/SimpleThreadFactory.java,nonapi.io.github.classgraph.concurrency.SimpleThreadFactory,newThread,try-catch,Throwable,ignore,,
src/main/java/nonapi/io/github/classgraph/concurrency/SingletonMap.java,nonapi.io.github.classgraph.concurrency.SingletonMap$SingletonHolder,set,throws-declaration,IllegalArgumentException,propagate,,
src/main/java/nonapi/io/github/classgraph/concurrency/SingletonMap.java,nonapi.io.github.classgraph.concurrency.SingletonMap$SingletonHolder,get,throws-declaration,InterruptedException,propagate,,
src/main/java/nonapi/io/github/classgraph/concurrency/SingletonMap.java,nonapi.io.github.classgraph.concurrency.SingletonMap$SingletonHolder,newInstance,throws-declaration,"E, InterruptedException",propagate,,
src/main/java/nonapi/io/github/classgraph/concurrency/SingletonMap.java,nonapi.io.github.classgraph.concurrency.SingletonMap$SingletonHolder,get,throws-declaration,"E, InterruptedException, SingletonMap.NullSingletonException, SingletonMap.NewInstanceException",propagate,,
src/main/java/nonapi/io/github/classgraph/concurrency/SingletonMap.java,nonapi.io.github.classgraph.concurrency.SingletonMap$SingletonHolder,get,try-catch,Throwable,wrap,,
src/main/java/nonapi/io/github/classgraph/concurrency/SingletonMap.java,nonapi.io.github.classgraph.concurrency.SingletonMap$SingletonHolder,values,throws-declaration,InterruptedException,propagate,,
src/main/java/nonapi/io/github/classgraph/concurrency/SingletonMap.java,nonapi.io.github.classgraph.concurrency.SingletonMap$SingletonHolder,entries,throws-declaration,InterruptedException,propagate,,
src/main/java/nonapi/io/github/classgraph/concurrency/SingletonMap.java,nonapi.io.github.classgraph.concurrency.SingletonMap$SingletonHolder,remove,throws-declaration,InterruptedException,propagate,,
src/main/java/nonapi/io/github/classgraph/concurrency/WorkQueue.java,nonapi.io.github.classgraph.concurrency.WorkQueue$WorkUnitProcessor,processWorkUnit,throws-declaration,InterruptedException,propagate,,
src/main/java/nonapi/io/github/classgraph/concurrency/WorkQueue.java,nonapi.io.github.classgraph.concurrency.WorkQueue$WorkUnitProcessor,runWorkQueue,throws-declaration,"InterruptedException, ExecutionException",propagate,,
src/main/java/nonapi/io/github/classgraph/concurrency/WorkQueue.java,nonapi.io.github.classgraph.concurrency.WorkQueue$WorkUnitProcessor,call,throws-declaration,Exception,propagate,,
src/main/java/nonapi/io/github/classgraph/concurrency/WorkQueue.java,nonapi.io.github.classgraph.concurrency.WorkQueue$WorkUnitProcessor,runWorkLoop,throws-declaration,"InterruptedException, ExecutionException",propagate,,
src/main/java/nonapi/io/github/classgraph/concurrency/WorkQueue.java,nonapi.io.github.classgraph.concurrency.WorkQueue$WorkUnitProcessor,runWorkLoop,try-catch,InterruptedException | Error,rethrow,,
src/main/java/nonapi/io/github/classgraph/concurrency/WorkQueue.java,nonapi.io.github.classgraph.concurrency.WorkQueue$WorkUnitProcessor,runWorkLoop,try-catch,RuntimeException,wrap,,
src/main/java/nonapi/io/github/classgraph/concurrency/WorkQueue.java,nonapi.io.github.classgraph.concurrency.WorkQueue$WorkUnitProcessor,close,throws-declaration,ExecutionException,propagate,,
src/main/java/nonapi/io/github/classgraph/concurrency/WorkQueue.java,nonapi.io.github.classgraph.concurrency.WorkQueue$WorkUnitProcessor,close,try-catch,CancellationException,log,,
src/main/java/nonapi/io/github/classgraph/concurrency/WorkQueue.java,nonapi.io.github.classgraph.concurrency.WorkQueue$WorkUnitProcessor,close,try-catch,InterruptedException,log,,
src/main/java/nonapi/io/github/classgraph/concurrency/WorkQueue.java,nonapi.io.github.classgraph.concurrency.WorkQueue$WorkUnitProcessor,close,try-catch,ExecutionException,custom,,
src/main/java/nonapi/io/github/classgraph/fastzipfilereader/FastZipEntry.java,nonapi.io.github.classgraph.fastzipfilereader.FastZipEntry,getSlice,throws-declaration,IOException,propagate,,
src/main/java/nonapi/io/github/classgraph/fastzipfilereader/LogicalZipFile.java,nonapi.io.github.classgraph.fastzipfilereader.LogicalZipFile,LogicalZipFile,throws-declaration,"IOException, InterruptedException",propagate,,
src/main/java/nonapi/io/github/classgraph/fastzipfilereader/LogicalZipFile.java,nonapi.io.github.classgraph.fastzipfilereader.LogicalZipFile,getManifestValue,try-catch,UnsupportedEncodingException,wrap,,
src/main/java/nonapi/io/github/classgraph/fastzipfilereader/LogicalZipFile.java,nonapi.io.github.classgraph.fastzipfilereader.LogicalZipFile,parseManifest,throws-declaration,"IOException, InterruptedException",propagate,,
src/main/java/nonapi/io/github/classgraph/fastzipfilereader/LogicalZipFile.java,nonapi.io.github.classgraph.fastzipfilereader.LogicalZipFile,readCentralDirectory,throws-declaration,"IOException, InterruptedException",propagate,,
src/main/java/nonapi/io/github/classgraph/fastzipfilereader/LogicalZipFile.java,nonapi.io.github.classgraph.fastzipfilereader.LogicalZipFile,readCentralDirectory,try-catch,EOFException | IndexOutOfBoundsException,log,,
src/main/java/nonapi/io/github/classgraph/fastzipfilereader/LogicalZipFile.java,nonapi.io.github.classgraph.fastzipfilereader.LogicalZipFile,readCentralDirectory,try-catch,IllegalArgumentException,wrap,,
src/main/java/nonapi/io/github/classgraph/fastzipfilereader/NestedJarHandler.java,nonapi.io.github.classgraph.fastzipfilereader.NestedJarHandler,newInstance,throws-declaration,IOException,propagate,,
src/main/java/nonapi/io/github/classgraph/fastzipfilereader/NestedJarHandler.java,nonapi.io.github.classgraph.fastzipfilereader.NestedJarHandler,newInstance,throws-declaration,"IOException, InterruptedException",propagate,,
src/main/java/nonapi/io/github/classgraph/fastzipfilereader/NestedJarHandler.java,nonapi.io.github.classgraph.fastzipfilereader.NestedJarHandler,newInstance,throws-declaration,"IOException, InterruptedException",propagate,,
src/main/java/nonapi/io/github/classgraph/fastzipfilereader/NestedJarHandler.java,nonapi.io.github.classgraph.fastzipfilereader.NestedJarHandler,newInstance,throws-declaration,"IOException, InterruptedException",propagate,,
src/main/java/nonapi/io/github/classgraph/fastzipfilereader/NestedJarHandler.java,nonapi.io.github.classgraph.fastzipfilereader.NestedJarHandler,newInstance,try-catch,NullSingletonException | NewInstanceException,wrap,,
src/main/java/nonapi/io/github/classgraph/fastzipfilereader/NestedJarHandler.java,nonapi.io.github.classgraph.fastzipfilereader.NestedJarHandler,newInstance,try-catch,SecurityException,wrap,,
src/main/java/nonapi/io/github/classgraph/fastzipfilereader/NestedJarHandler.java,nonapi.io.github.classgraph.fastzipfilereader.NestedJarHandler,newInstance,try-catch,SingletonMap.NullSingletonException,wrap,,
src/main/java/nonapi/io/github/classgraph/fastzipfilereader/NestedJarHandler.java,nonapi.io.github.classgraph.fastzipfilereader.NestedJarHandler,newInstance,try-catch,SingletonMap.NewInstanceException,wrap,,
src/main/java/nonapi/io/github/classgraph/fastzipfilereader/NestedJarHandler.java,nonapi.io.github.classgraph.fastzipfilereader.NestedJarHandler,newInstance,try-catch,SingletonMap.NullSingletonException,wrap,,
src/main/java/nonapi/io/github/classgraph/fastzipfilereader/NestedJarHandler.java,nonapi.io.github.classgraph.fastzipfilereader.NestedJarHandler,newInstance,try-catch,SingletonMap.NewInstanceException,wrap,,
src/main/java/nonapi/io/github/classgraph/fastzipfilereader/NestedJarHandler.java,nonapi.io.github.classgraph.fastzipfilereader.NestedJarHandler,newInstance,try-catch,SingletonMap.NullSingletonException,wrap,,
src/main/java/nonapi/io/github/classgraph/fastzipfilereader/NestedJarHandler.java,nonapi.io.github.classgraph.fastzipfilereader.NestedJarHandler,newInstance,try-catch,SingletonMap.NewInstanceException,wrap,,
src/main/java/nonapi/io/github/classgraph/fastzipfilereader/NestedJarHandler.java,nonapi.io.github.classgraph.fastzipfilereader.NestedJarHandler,newInstance,try-catch,SingletonMap.NullSingletonException,wrap,,
src/main/java/nonapi/io/github/classgraph/fastzipfilereader/NestedJarHandler.java,nonapi.io.github.classgraph.fastzipfilereader.NestedJarHandler,newInstance,try-catch,SingletonMap.NewInstanceException,wrap,,
src/main/java/nonapi/io/github/classgraph/fastzipfilereader/NestedJarHandler.java,nonapi.io.github.classgraph.fastzipfilereader.NestedJarHandler,newInstance,throws-declaration,IOException,propagate,,
src/main/java/nonapi/io/github/classgraph/fastzipfilereader/NestedJarHandler.java,nonapi.io.github.classgraph.fastzipfilereader.NestedJarHandler,newInstance,throws-declaration,RuntimeException,propagate,,
src/main/java/nonapi/io/github/classgraph/fastzipfilereader/NestedJarHandler.java,nonapi.io.github.classgraph.fastzipfilereader.NestedJarHandler,makeTempFile,throws-declaration,IOException,propagate,,
src/main/java/nonapi/io/github/classgraph/fastzipfilereader/NestedJarHandler.java,nonapi.io.github.classgraph.fastzipfilereader.NestedJarHandler,removeTempFile,throws-declaration,"IOException, SecurityException",propagate,,
src/main/java/nonapi/io/github/classgraph/fastzipfilereader/NestedJarHandler.java,nonapi.io.github.classgraph.fastzipfilereader.NestedJarHandler,markSliceAsOpen,throws-declaration,IOException,propagate,,
src/main/java/nonapi/io/github/classgraph/fastzipfilereader/NestedJarHandler.java,nonapi.io.github.classgraph.fastzipfilereader.NestedJarHandler,downloadJarFromURL,throws-declaration,"IOException, InterruptedException",propagate,,
src/main/java/nonapi/io/github/classgraph/fastzipfilereader/NestedJarHandler.java,nonapi.io.github.classgraph.fastzipfilereader.NestedJarHandler,downloadJarFromURL,try-catch,MalformedURLException,custom,,
src/main/java/nonapi/io/github/classgraph/fastzipfilereader/NestedJarHandler.java,nonapi.io.github.classgraph.fastzipfilereader.NestedJarHandler,downloadJarFromURL,try-catch,MalformedURLException | IllegalArgumentException | URISyntaxException,wrap,,
src/main/java/nonapi/io/github/classgraph/fastzipfilereader/NestedJarHandler.java,nonapi.io.github.classgraph.fastzipfilereader.NestedJarHandler,downloadJarFromURL,try-catch,IllegalArgumentException | SecurityException | URISyntaxException,wrap,,
src/main/java/nonapi/io/github/classgraph/fastzipfilereader/NestedJarHandler.java,nonapi.io.github.classgraph.fastzipfilereader.NestedJarHandler,downloadJarFromURL,try-catch,FileSystemNotFoundException,ignore,,
src/main/java/nonapi/io/github/classgraph/fastzipfilereader/NestedJarHandler.java,nonapi.io.github.classgraph.fastzipfilereader.NestedJarHandler,close,try-catch,URISyntaxException,ignore,,
src/main/java/nonapi/io/github/classgraph/fastzipfilereader/NestedJarHandler.java,nonapi.io.github.classgraph.fastzipfilereader.NestedJarHandler,close,try-catch,MalformedURLException,wrap,,
src/main/java/nonapi/io/github/classgraph/fastzipfilereader/NestedJarHandler.java,nonapi.io.github.classgraph.fastzipfilereader.NestedJarHandler$RecyclableInflater,openInflaterInputStream,throws-declaration,IOException,propagate,,
src/main/java/nonapi/io/github/classgraph/fastzipfilereader/NestedJarHandler.java,nonapi.io.github.classgraph.fastzipfilereader.NestedJarHandler$RecyclableInflater,read,throws-declaration,IOException,propagate,,
src/main/java/nonapi/io/github/classgraph/fastzipfilereader/NestedJarHandler.java,nonapi.io.github.classgraph.fastzipfilereader.NestedJarHandler$RecyclableInflater,read,throws-declaration,IOException,propagate,,
src/main/java/nonapi/io/github/classgraph/fastzipfilereader/NestedJarHandler.java,nonapi.io.github.classgraph.fastzipfilereader.NestedJarHandler$RecyclableInflater,read,try-catch,DataFormatException,wrap,,
src/main/java/nonapi/io/github/classgraph/fastzipfilereader/NestedJarHandler.java,nonapi.io.github.classgraph.fastzipfilereader.NestedJarHandler$RecyclableInflater,skip,throws-declaration,IOException,propagate,,
src/main/java/nonapi/io/github/classgraph/fastzipfilereader/NestedJarHandler.java,nonapi.io.github.classgraph.fastzipfilereader.NestedJarHandler$RecyclableInflater,available,throws-declaration,IOException,propagate,,
src/main/java/nonapi/io/github/classgraph/fastzipfilereader/NestedJarHandler.java,nonapi.io.github.classgraph.fastzipfilereader.NestedJarHandler$RecyclableInflater,reset,throws-declaration,IOException,propagate,,
src/main/java/nonapi/io/github/classgraph/fastzipfilereader/NestedJarHandler.java,nonapi.io.github.classgraph.fastzipfilereader.NestedJarHandler$RecyclableInflater,close,try-catch,Exception,ignore,,
src/main/java/nonapi/io/github/classgraph/fastzipfilereader/NestedJarHandler.java,nonapi.io.github.classgraph.fastzipfilereader.NestedJarHandler$RecyclableInflater,readAllBytesWithSpilloverToDisk,throws-declaration,IOException,propagate,,
src/main/java/nonapi/io/github/classgraph/fastzipfilereader/NestedJarHandler.java,nonapi.io.github.classgraph.fastzipfilereader.NestedJarHandler$RecyclableInflater,spillToDisk,throws-declaration,IOException,propagate,,
src/main/java/nonapi/io/github/classgraph/fastzipfilereader/NestedJarHandler.java,nonapi.io.github.classgraph.fastzipfilereader.NestedJarHandler$RecyclableInflater,spillToDisk,try-catch,IOException,wrap,,
src/main/java/nonapi/io/github/classgraph/fastzipfilereader/NestedJarHandler.java,nonapi.io.github.classgraph.fastzipfilereader.NestedJarHandler$RecyclableInflater,readAllBytesAsArray,throws-declaration,IOException,propagate,,
src/main/java/nonapi/io/github/classgraph/fastzipfilereader/NestedJarHandler.java,nonapi.io.github.classgraph.fastzipfilereader.NestedJarHandler$RecyclableInflater,close,try-catch,InterruptedException,custom,,
src/main/java/nonapi/io/github/classgraph/fastzipfilereader/NestedJarHandler.java,nonapi.io.github.classgraph.fastzipfilereader.NestedJarHandler$RecyclableInflater,close,try-catch,IOException,ignore,,
src/main/java/nonapi/io/github/classgraph/fastzipfilereader/NestedJarHandler.java,nonapi.io.github.classgraph.fastzipfilereader.NestedJarHandler$RecyclableInflater,close,try-catch,IOException | SecurityException,log,,
src/main/java/nonapi/io/github/classgraph/fastzipfilereader/PhysicalZipFile.java,nonapi.io.github.classgraph.fastzipfilereader.PhysicalZipFile,PhysicalZipFile,throws-declaration,IOException,propagate,,
src/main/java/nonapi/io/github/classgraph/fastzipfilereader/PhysicalZipFile.java,nonapi.io.github.classgraph.fastzipfilereader.PhysicalZipFile,PhysicalZipFile,throws-declaration,IOException,propagate,,
src/main/java/nonapi/io/github/classgraph/fastzipfilereader/PhysicalZipFile.java,nonapi.io.github.classgraph.fastzipfilereader.PhysicalZipFile,PhysicalZipFile,throws-declaration,IOException,propagate,,
src/main/java/nonapi/io/github/classgraph/fastzipfilereader/PhysicalZipFile.java,nonapi.io.github.classgraph.fastzipfilereader.PhysicalZipFile,PhysicalZipFile,throws-declaration,IOException,propagate,,
src/main/java/nonapi/io/github/classgraph/fastzipfilereader/ZipFileSlice.java,nonapi.io.github.classgraph.fastzipfilereader.ZipFileSlice,ZipFileSlice,throws-declaration,"IOException, InterruptedException",propagate,,
src/main/java/nonapi/io/github/classgraph/fastzipfilereader/ZipFileSlice.java,nonapi.io.github.classgraph.fastzipfilereader.ZipFileSlice,getPhysicalFile,try-catch,UnsupportedOperationException,recover,,
src/main/java/nonapi/io/github/classgraph/fileslice/ArraySlice.java,nonapi.io.github.classgraph.fileslice.ArraySlice,load,throws-declaration,IOException,propagate,,
src/main/java/nonapi/io/github/classgraph/fileslice/FileSlice.java,nonapi.io.github.classgraph.fileslice.FileSlice,FileSlice,throws-declaration,IOException,propagate,,
src/main/java/nonapi/io/github/classgraph/fileslice/FileSlice.java,nonapi.io.github.classgraph.fileslice.FileSlice,FileSlice,try-catch,IOException | OutOfMemoryError,log,,
src/main/java/nonapi/io/github/classgraph/fileslice/FileSlice.java,nonapi.io.github.classgraph.fileslice.FileSlice,FileSlice,try-catch,Throwable,ignore,,
src/main/java/nonapi/io/github/classgraph/fileslice/FileSlice.java,nonapi.io.github.classgraph.fileslice.FileSlice,FileSlice,try-catch,IOException | OutOfMemoryError,log,,
src/main/java/nonapi/io/github/classgraph/fileslice/FileSlice.java,nonapi.io.github.classgraph.fileslice.FileSlice,FileSlice,throws-declaration,IOException,propagate,,
src/main/java/nonapi/io/github/classgraph/fileslice/FileSlice.java,nonapi.io.github.classgraph.fileslice.FileSlice,load,throws-declaration,IOException,propagate,,
src/main/java/nonapi/io/github/classgraph/fileslice/FileSlice.java,nonapi.io.github.classgraph.fileslice.FileSlice,read,throws-declaration,IOException,propagate,,
src/main/java/nonapi/io/github/classgraph/fileslice/FileSlice.java,nonapi.io.github.classgraph.fileslice.FileSlice,close,try-catch,IOException,ignore,,
src/main/java/nonapi/io/github/classgraph/fileslice/PathSlice.java,nonapi.io.github.classgraph.fileslice.PathSlice,PathSlice,throws-declaration,IOException,propagate,,
src/main/java/nonapi/io/github/classgraph/fileslice/PathSlice.java,nonapi.io.github.classgraph.fileslice.PathSlice,PathSlice,throws-declaration,IOException,propagate,,
src/main/java/nonapi/io/github/classgraph/fileslice/PathSlice.java,nonapi.io.github.classgraph.fileslice.PathSlice,load,throws-declaration,IOException,propagate,,
src/main/java/nonapi/io/github/classgraph/fileslice/PathSlice.java,nonapi.io.github.classgraph.fileslice.PathSlice,read,throws-declaration,IOException,propagate,,
src/main/java/nonapi/io/github/classgraph/fileslice/PathSlice.java,nonapi.io.github.classgraph.fileslice.PathSlice,close,try-catch,IOException,ignore,,
src/main/java/nonapi/io/github/classgraph/fileslice/Slice.java,nonapi.io.github.classgraph.fileslice.Slice,open,throws-declaration,IOException,propagate,,
src/main/java/nonapi/io/github/classgraph/fileslice/Slice.java,nonapi.io.github.classgraph.fileslice.Slice,open,throws-declaration,IOException,propagate,,
src/main/java/nonapi/io/github/classgraph/fileslice/Slice.java,nonapi.io.github.classgraph.fileslice.Slice,read,throws-declaration,IOException,propagate,,
src/main/java/nonapi/io/github/classgraph/fileslice/Slice.java,nonapi.io.github.classgraph.fileslice.Slice,read,throws-declaration,IOException,propagate,,
src/main/java/nonapi/io/github/classgraph/fileslice/Slice.java,nonapi.io.github.classgraph.fileslice.Slice,skip,throws-declaration,IOException,propagate,,
src/main/java/nonapi/io/github/classgraph/fileslice/Slice.java,nonapi.io.github.classgraph.fileslice.Slice,close,try-catch,Exception,ignore,,
src/main/java/nonapi/io/github/classgraph/fileslice/Slice.java,nonapi.io.github.classgraph.fileslice.Slice,load,throws-declaration,IOException,propagate,,
src/main/java/nonapi/io/github/classgraph/fileslice/Slice.java,nonapi.io.github.classgraph.fileslice.Slice,loadAsString,throws-declaration,IOException,propagate,,
src/main/java/nonapi/io/github/classgraph/fileslice/Slice.java,nonapi.io.github.classgraph.fileslice.Slice,read,throws-declaration,IOException,propagate,,
src/main/java/nonapi/io/github/classgraph/fileslice/Slice.java,nonapi.io.github.classgraph.fileslice.Slice,close,throws-declaration,IOException,propagate,,
src/main/java/nonapi/io/github/classgraph/fileslice/reader/ClassfileReader.java,nonapi.io.github.classgraph.fileslice.reader.ClassfileReader,ClassfileReader,throws-declaration,IOException,propagate,,
src/main/java/nonapi/io/github/classgraph/fileslice/reader/ClassfileReader.java,nonapi.io.github.classgraph.fileslice.reader.ClassfileReader,ClassfileReader,throws-declaration,IOException,propagate,,
src/main/java/nonapi/io/github/classgraph/fileslice/reader/ClassfileReader.java,nonapi.io.github.classgraph.fileslice.reader.ClassfileReader,readTo,throws-declaration,IOException,propagate,,
src/main/java/nonapi/io/github/classgraph/fileslice/reader/ClassfileReader.java,nonapi.io.github.classgraph.fileslice.reader.ClassfileReader,bufferTo,throws-declaration,IOException,propagate,,
src/main/java/nonapi/io/github/classgraph/fileslice/reader/ClassfileReader.java,nonapi.io.github.classgraph.fileslice.reader.ClassfileReader,read,throws-declaration,IOException,propagate,,
src/main/java/nonapi/io/github/classgraph/fileslice/reader/ClassfileReader.java,nonapi.io.github.classgraph.fileslice.reader.ClassfileReader,read,try-catch,IndexOutOfBoundsException,wrap,,
src/main/java/nonapi/io/github/classgraph/fileslice/reader/ClassfileReader.java,nonapi.io.github.classgraph.fileslice.reader.ClassfileReader,read,throws-declaration,IOException,propagate,,
src/main/java/nonapi/io/github/classgraph/fileslice/reader/ClassfileReader.java,nonapi.io.github.classgraph.fileslice.reader.ClassfileReader,read,try-catch,BufferUnderflowException | IndexOutOfBoundsException | ReadOnlyBufferException,wrap,,
src/main/java/nonapi/io/github/classgraph/fileslice/reader/ClassfileReader.java,nonapi.io.github.classgraph.fileslice.reader.ClassfileReader,readByte,throws-declaration,IOException,propagate,,
src/main/java/nonapi/io/github/classgraph/fileslice/reader/ClassfileReader.java,nonapi.io.github.classgraph.fileslice.reader.ClassfileReader,readUnsignedByte,throws-declaration,IOException,propagate,,
src/main/java/nonapi/io/github/classgraph/fileslice/reader/ClassfileReader.java,nonapi.io.github.classgraph.fileslice.reader.ClassfileReader,readShort,throws-declaration,IOException,propagate,,
src/main/java/nonapi/io/github/classgraph/fileslice/reader/ClassfileReader.java,nonapi.io.github.classgraph.fileslice.reader.ClassfileReader,readUnsignedShort,throws-declaration,IOException,propagate,,
src/main/java/nonapi/io/github/classgraph/fileslice/reader/ClassfileReader.java,nonapi.io.github.classgraph.fileslice.reader.ClassfileReader,readInt,throws-declaration,IOException,propagate,,
src/main/java/nonapi/io/github/classgraph/fileslice/reader/ClassfileReader.java,nonapi.io.github.classgraph.fileslice.reader.ClassfileReader,readUnsignedInt,throws-declaration,IOException,propagate,,
src/main/java/nonapi/io/github/classgraph/fileslice/reader/ClassfileReader.java,nonapi.io.github.classgraph.fileslice.reader.ClassfileReader,readLong,throws-declaration,IOException,propagate,,
src/main/java/nonapi/io/github/classgraph/fileslice/reader/ClassfileReader.java,nonapi.io.github.classgraph.fileslice.reader.ClassfileReader,readByte,throws-declaration,IOException,propagate,,
src/main/java/nonapi/io/github/classgraph/fileslice/reader/ClassfileReader.java,nonapi.io.github.classgraph.fileslice.reader.ClassfileReader,readUnsignedByte,throws-declaration,IOException,propagate,,
src/main/java/nonapi/io/github/classgraph/fileslice/reader/ClassfileReader.java,nonapi.io.github.classgraph.fileslice.reader.ClassfileReader,readShort,throws-declaration,IOException,propagate,,
src/main/java/nonapi/io/github/classgraph/fileslice/reader/ClassfileReader.java,nonapi.io.github.classgraph.fileslice.reader.ClassfileReader,readUnsignedShort,throws-declaration,IOException,propagate,,
src/main/java/nonapi/io/github/classgraph/fileslice/reader/ClassfileReader.java,nonapi.io.github.classgraph.fileslice.reader.ClassfileReader,readInt,throws-declaration,IOException,propagate,,
src/main/java/nonapi/io/github/classgraph/fileslice/reader/ClassfileReader.java,nonapi.io.github.classgraph.fileslice.reader.ClassfileReader,readUnsignedInt,throws-declaration,IOException,propagate,,
src/main/java/nonapi/io/github/classgraph/fileslice/reader/ClassfileReader.java,nonapi.io.github.classgraph.fileslice.reader.ClassfileReader,readLong,throws-declaration,IOException,propagate,,
src/main/java/nonapi/io/github/classgraph/fileslice/reader/ClassfileReader.java,nonapi.io.github.classgraph.fileslice.reader.ClassfileReader,skip,throws-declaration,IOException,propagate,,
src/main/java/nonapi/io/github/classgraph/fileslice/reader/ClassfileReader.java,nonapi.io.github.classgraph.fileslice.reader.ClassfileReader,readString,throws-declaration,IOException,propagate,,
src/main/java/nonapi/io/github/classgraph/fileslice/reader/ClassfileReader.java,nonapi.io.github.classgraph.fileslice.reader.ClassfileReader,readString,throws-declaration,IOException,propagate,,
src/main/java/nonapi/io/github/classgraph/fileslice/reader/ClassfileReader.java,nonapi.io.github.classgraph.fileslice.reader.ClassfileReader,readString,throws-declaration,IOException,propagate,,
src/main/java/nonapi/io/github/classgraph/fileslice/reader/ClassfileReader.java,nonapi.io.github.classgraph.fileslice.reader.ClassfileReader,readString,throws-declaration,IOException,propagate,,
src/main/java/nonapi/io/github/classgraph/fileslice/reader/ClassfileReader.java,nonapi.io.github.classgraph.fileslice.reader.ClassfileReader,close,try-catch,Exception,ignore,,
src/main/java/nonapi/io/github/classgraph/fileslice/reader/RandomAccessArrayReader.java,nonapi.io.github.classgraph.fileslice.reader.RandomAccessArrayReader,read,throws-declaration,IOException,propagate,,
src/main/java/nonapi/io/github/classgraph/fileslice/reader/RandomAccessArrayReader.java,nonapi.io.github.classgraph.fileslice.reader.RandomAccessArrayReader,read,try-catch,IndexOutOfBoundsException,wrap,,
src/main/java/nonapi/io/github/classgraph/fileslice/reader/RandomAccessArrayReader.java,nonapi.io.github.classgraph.fileslice.reader.RandomAccessArrayReader,read,throws-declaration,IOException,propagate,,
src/main/java/nonapi/io/github/classgraph/fileslice/reader/RandomAccessArrayReader.java,nonapi.io.github.classgraph.fileslice.reader.RandomAccessArrayReader,read,try-catch,BufferUnderflowException | IndexOutOfBoundsException | ReadOnlyBufferException,wrap,,
src/main/java/nonapi/io/github/classgraph/fileslice/reader/RandomAccessArrayReader.java,nonapi.io.github.classgraph.fileslice.reader.RandomAccessArrayReader,readByte,throws-declaration,IOException,propagate,,
src/main/java/nonapi/io/github/classgraph/fileslice/reader/RandomAccessArrayReader.java,nonapi.io.github.classgraph.fileslice.reader.RandomAccessArrayReader,readUnsignedByte,throws-declaration,IOException,propagate,,
src/main/java/nonapi/io/github/classgraph/fileslice/reader/RandomAccessArrayReader.java,nonapi.io.github.classgraph.fileslice.reader.RandomAccessArrayReader,readShort,throws-declaration,IOException,propagate,,
src/main/java/nonapi/io/github/classgraph/fileslice/reader/RandomAccessArrayReader.java,nonapi.io.github.classgraph.fileslice.reader.RandomAccessArrayReader,readUnsignedShort,throws-declaration,IOException,propagate,,
src/main/java/nonapi/io/github/classgraph/fileslice/reader/RandomAccessArrayReader.java,nonapi.io.github.classgraph.fileslice.reader.RandomAccessArrayReader,readInt,throws-declaration,IOException,propagate,,
src/main/java/nonapi/io/github/classgraph/fileslice/reader/RandomAccessArrayReader.java,nonapi.io.github.classgraph.fileslice.reader.RandomAccessArrayReader,readUnsignedInt,throws-declaration,IOException,propagate,,
src/main/java/nonapi/io/github/classgraph/fileslice/reader/RandomAccessArrayReader.java,nonapi.io.github.classgraph.fileslice.reader.RandomAccessArrayReader,readLong,throws-declaration,IOException,propagate,,
src/main/java/nonapi/io/github/classgraph/fileslice/reader/RandomAccessArrayReader.java,nonapi.io.github.classgraph.fileslice.reader.RandomAccessArrayReader,readString,throws-declaration,IOException,propagate,,
src/main/java/nonapi/io/github/classgraph/fileslice/reader/RandomAccessArrayReader.java,nonapi.io.github.classgraph.fileslice.reader.RandomAccessArrayReader,readString,throws-declaration,IOException,propagate,,
src/main/java/nonapi/io/github/classgraph/fileslice/reader/RandomAccessByteBufferReader.java,nonapi.io.github.classgraph.fileslice.reader.RandomAccessByteBufferReader,read,throws-declaration,IOException,propagate,,
src/main/java/nonapi/io/github/classgraph/fileslice/reader/RandomAccessByteBufferReader.java,nonapi.io.github.classgraph.fileslice.reader.RandomAccessByteBufferReader,read,try-catch,IndexOutOfBoundsException,wrap,,
src/main/java/nonapi/io/github/classgraph/fileslice/reader/RandomAccessByteBufferReader.java,nonapi.io.github.classgraph.fileslice.reader.RandomAccessByteBufferReader,read,throws-declaration,IOException,propagate,,
src/main/java/nonapi/io/github/classgraph/fileslice/reader/RandomAccessByteBufferReader.java,nonapi.io.github.classgraph.fileslice.reader.RandomAccessByteBufferReader,read,try-catch,BufferUnderflowException | IndexOutOfBoundsException | ReadOnlyBufferException,wrap,,
src/main/java/nonapi/io/github/classgraph/fileslice/reader/RandomAccessByteBufferReader.java,nonapi.io.github.classgraph.fileslice.reader.RandomAccessByteBufferReader,readByte,throws-declaration,IOException,propagate,,
src/main/java/nonapi/io/github/classgraph/fileslice/reader/RandomAccessByteBufferReader.java,nonapi.io.github.classgraph.fileslice.reader.RandomAccessByteBufferReader,readUnsignedByte,throws-declaration,IOException,propagate,,
src/main/java/nonapi/io/github/classgraph/fileslice/reader/RandomAccessByteBufferReader.java,nonapi.io.github.classgraph.fileslice.reader.RandomAccessByteBufferReader,readUnsignedShort,throws-declaration,IOException,propagate,,
src/main/java/nonapi/io/github/classgraph/fileslice/reader/RandomAccessByteBufferReader.java,nonapi.io.github.classgraph.fileslice.reader.RandomAccessByteBufferReader,readShort,throws-declaration,IOException,propagate,,
src/main/java/nonapi/io/github/classgraph/fileslice/reader/RandomAccessByteBufferReader.java,nonapi.io.github.classgraph.fileslice.reader.RandomAccessByteBufferReader,readInt,throws-declaration,IOException,propagate,,
src/main/java/nonapi/io/github/classgraph/fileslice/reader/RandomAccessByteBufferReader.java,nonapi.io.github.classgraph.fileslice.reader.RandomAccessByteBufferReader,readUnsignedInt,throws-declaration,IOException,propagate,,
src/main/java/nonapi/io/github/classgraph/fileslice/reader/RandomAccessByteBufferReader.java,nonapi.io.github.classgraph.fileslice.reader.RandomAccessByteBufferReader,readLong,throws-declaration,IOException,propagate,,
src/main/java/nonapi/io/github/classgraph/fileslice/reader/RandomAccessByteBufferReader.java,nonapi.io.github.classgraph.fileslice.reader.RandomAccessByteBufferReader,readString,throws-declaration,IOException,propagate,,
src/main/java/nonapi/io/github/classgraph/fileslice/reader/RandomAccessByteBufferReader.java,nonapi.io.github.classgraph.fileslice.reader.RandomAccessByteBufferReader,readString,throws-declaration,IOException,propagate,,
src/main/java/nonapi/io/github/classgraph/fileslice/reader/RandomAccessFileChannelReader.java,nonapi.io.github.classgraph.fileslice.reader.RandomAccessFileChannelReader,read,throws-declaration,IOException,propagate,,
src/main/java/nonapi/io/github/classgraph/fileslice/reader/RandomAccessFileChannelReader.java,nonapi.io.github.classgraph.fileslice.reader.RandomAccessFileChannelReader,read,try-catch,BufferUnderflowException | IndexOutOfBoundsException,wrap,,
src/main/java/nonapi/io/github/classgraph/fileslice/reader/RandomAccessFileChannelReader.java,nonapi.io.github.classgraph.fileslice.reader.RandomAccessFileChannelReader,read,throws-declaration,IOException,propagate,,
src/main/java/nonapi/io/github/classgraph/fileslice/reader/RandomAccessFileChannelReader.java,nonapi.io.github.classgraph.fileslice.reader.RandomAccessFileChannelReader,read,try-catch,BufferUnderflowException | IndexOutOfBoundsException,wrap,,
src/main/java/nonapi/io/github/classgraph/fileslice/reader/RandomAccessFileChannelReader.java,nonapi.io.github.classgraph.fileslice.reader.RandomAccessFileChannelReader,readByte,throws-declaration,IOException,propagate,,
src/main/java/nonapi/io/github/classgraph/fileslice/reader/RandomAccessFileChannelReader.java,nonapi.io.github.classgraph.fileslice.reader.RandomAccessFileChannelReader,readUnsignedByte,throws-declaration,IOException,propagate,,
src/main/java/nonapi/io/github/classgraph/fileslice/reader/RandomAccessFileChannelReader.java,nonapi.io.github.classgraph.fileslice.reader.RandomAccessFileChannelReader,readShort,throws-declaration,IOException,propagate,,
src/main/java/nonapi/io/github/classgraph/fileslice/reader/RandomAccessFileChannelReader.java,nonapi.io.github.classgraph.fileslice.reader.RandomAccessFileChannelReader,readUnsignedShort,throws-declaration,IOException,propagate,,
src/main/java/nonapi/io/github/classgraph/fileslice/reader/RandomAccessFileChannelReader.java,nonapi.io.github.classgraph.fileslice.reader.RandomAccessFileChannelReader,readInt,throws-declaration,IOException,propagate,,
src/main/java/nonapi/io/github/classgraph/fileslice/reader/RandomAccessFileChannelReader.java,nonapi.io.github.classgraph.fileslice.reader.RandomAccessFileChannelReader,readUnsignedInt,throws-declaration,IOException,propagate,,
src/main/java/nonapi/io/github/classgraph/fileslice/reader/RandomAccessFileChannelReader.java,nonapi.io.github.classgraph.fileslice.reader.RandomAccessFileChannelReader,readLong,throws-declaration,IOException,propagate,,
src/main/java/nonapi/io/github/classgraph/fileslice/reader/RandomAccessFileChannelReader.java,nonapi.io.github.classgraph.fileslice.reader.RandomAccessFileChannelReader,readString,throws-declaration,IOException,propagate,,
src/main/java/nonapi/io/github/classgraph/fileslice/reader/RandomAccessFileChannelReader.java,nonapi.io.github.classgraph.fileslice.reader.RandomAccessFileChannelReader,readString,throws-declaration,IOException,propagate,,
src/main/java/nonapi/io/github/classgraph/fileslice/reader/RandomAccessReader.java,nonapi.io.github.classgraph.fileslice.reader.RandomAccessReader,read,throws-declaration,IOException,propagate,,
src/main/java/nonapi/io/github/classgraph/fileslice/reader/RandomAccessReader.java,nonapi.io.github.classgraph.fileslice.reader.RandomAccessReader,read,throws-declaration,IOException,propagate,,
src/main/java/nonapi/io/github/classgraph/fileslice/reader/RandomAccessReader.java,nonapi.io.github.classgraph.fileslice.reader.RandomAccessReader,readByte,throws-declaration,IOException,propagate,,
src/main/java/nonapi/io/github/classgraph/fileslice/reader/RandomAccessReader.java,nonapi.io.github.classgraph.fileslice.reader.RandomAccessReader,readUnsignedByte,throws-declaration,IOException,propagate,,
src/main/java/nonapi/io/github/classgraph/fileslice/reader/RandomAccessReader.java,nonapi.io.github.classgraph.fileslice.reader.RandomAccessReader,readShort,throws-declaration,IOException,propagate,,
src/main/java/nonapi/io/github/classgraph/fileslice/reader/RandomAccessReader.java,nonapi.io.github.classgraph.fileslice.reader.RandomAccessReader,readUnsignedShort,throws-declaration,IOException,propagate,,
src/main/java/nonapi/io/github/classgraph/fileslice/reader/RandomAccessReader.java,nonapi.io.github.classgraph.fileslice.reader.RandomAccessReader,readInt,throws-declaration,IOException,propagate,,
src/main/java/nonapi/io/github/classgraph/fileslice/reader/RandomAccessReader.java,nonapi.io.github.classgraph.fileslice.reader.RandomAccessReader,readUnsignedInt,throws-declaration,IOException,propagate,,
src/main/java/nonapi/io/github/classgraph/fileslice/reader/RandomAccessReader.java,nonapi.io.github.classgraph.fileslice.reader.RandomAccessReader,readLong,throws-declaration,IOException,propagate,,
src/main/java/nonapi/io/github/classgraph/fileslice/reader/RandomAccessReader.java,nonapi.io.github.classgraph.fileslice.reader.RandomAccessReader,readString,throws-declaration,IOException,propagate,,
src/main/java/nonapi/io/github/classgraph/fileslice/reader/RandomAccessReader.java,nonapi.io.github.classgraph.fileslice.reader.RandomAccessReader,readString,throws-declaration,IOException,propagate,,
src/main/java/nonapi/io/github/classgraph/fileslice/reader/SequentialReader.java,nonapi.io.github.classgraph.fileslice.reader.SequentialReader,readByte,throws-declaration,IOException,propagate,,
src/main/java/nonapi/io/github/classgraph/fileslice/reader/SequentialReader.java,nonapi.io.github.classgraph.fileslice.reader.SequentialReader,readUnsignedByte,throws-declaration,IOException,propagate,,
src/main/java/nonapi/io/github/classgraph/fileslice/reader/SequentialReader.java,nonapi.io.github.classgraph.fileslice.reader.SequentialReader,readShort,throws-declaration,IOException,propagate,,
src/main/java/nonapi/io/github/classgraph/fileslice/reader/SequentialReader.java,nonapi.io.github.classgraph.fileslice.reader.SequentialReader,readUnsignedShort,throws-declaration,IOException,propagate,,
src/main/java/nonapi/io/github/classgraph/fileslice/reader/SequentialReader.java,nonapi.io.github.classgraph.fileslice.reader.SequentialReader,readInt,throws-declaration,IOException,propagate,,
src/main/java/nonapi/io/github/classgraph/fileslice/reader/SequentialReader.java,nonapi.io.github.classgraph.fileslice.reader.SequentialReader,readUnsignedInt,throws-declaration,IOException,propagate,,
src/main/java/nonapi/io/github/classgraph/fileslice/reader/SequentialReader.java,nonapi.io.github.classgraph.fileslice.reader.SequentialReader,readLong,throws-declaration,IOException,propagate,,
src/main/java/nonapi/io/github/classgraph/fileslice/reader/SequentialReader.java,nonapi.io.github.classgraph.fileslice.reader.SequentialReader,skip,throws-declaration,IOException,propagate,,
src/main/java/nonapi/io/github/classgraph/fileslice/reader/SequentialReader.java,nonapi.io.github.classgraph.fileslice.reader.SequentialReader,readString,throws-declaration,IOException,propagate,,
src/main/java/nonapi/io/github/classgraph/fileslice/reader/SequentialReader.java,nonapi.io.github.classgraph.fileslice.reader.SequentialReader,readString,throws-declaration,IOException,propagate,,
src/main/java/nonapi/io/github/classgraph/json/ClassFieldCache.java,nonapi.io.github.classgraph.json.ClassFieldCache,,try-catch,NoSuchMethodException | SecurityException,wrap,,
src/main/java/nonapi/io/github/classgraph/json/ClassFieldCache.java,nonapi.io.github.classgraph.json.ClassFieldCache$NoConstructor,getDefaultConstructorForConcreteTypeOf,try-catch,ReflectiveOperationException | SecurityException,ignore,,
src/main/java/nonapi/io/github/classgraph/json/ClassFieldCache.java,nonapi.io.github.classgraph.json.ClassFieldCache$NoConstructor,getConstructorWithSizeHintForConcreteTypeOf,try-catch,ReflectiveOperationException | SecurityException,ignore,,
src/main/java/nonapi/io/github/classgraph/json/FieldTypeInfo.java,nonapi.io.github.classgraph.json.FieldTypeInfo$PrimitiveType,setFieldValue,try-catch,IllegalArgumentException | IllegalAccessException,wrap,,
src/main/java/nonapi/io/github/classgraph/json/JSONDeserializer.java,nonapi.io.github.classgraph.json.JSONDeserializer,jsonBasicValueToObject,try-catch,ClassNotFoundException,wrap,,
src/main/java/nonapi/io/github/classgraph/json/JSONDeserializer.java,nonapi.io.github.classgraph.json.JSONDeserializer$ObjectInstantiation,populateObjectFromJsonObject,try-catch,ReflectiveOperationException | SecurityException,wrap,,
src/main/java/nonapi/io/github/classgraph/json/JSONDeserializer.java,nonapi.io.github.classgraph.json.JSONDeserializer$ObjectInstantiation,deserializeObject,throws-declaration,IllegalArgumentException,propagate,,
src/main/java/nonapi/io/github/classgraph/json/JSONDeserializer.java,nonapi.io.github.classgraph.json.JSONDeserializer$ObjectInstantiation,deserializeObject,try-catch,ParseException,wrap,,
src/main/java/nonapi/io/github/classgraph/json/JSONDeserializer.java,nonapi.io.github.classgraph.json.JSONDeserializer$ObjectInstantiation,deserializeObject,try-catch,ReflectiveOperationException | SecurityException,wrap,,
src/main/java/nonapi/io/github/classgraph/json/JSONDeserializer.java,nonapi.io.github.classgraph.json.JSONDeserializer$ObjectInstantiation,deserializeObject,throws-declaration,IllegalArgumentException,propagate,,
src/main/java/nonapi/io/github/classgraph/json/JSONDeserializer.java,nonapi.io.github.classgraph.json.JSONDeserializer$ObjectInstantiation,deserializeToField,throws-declaration,IllegalArgumentException,propagate,,
src/main/java/nonapi/io/github/classgraph/json/JSONDeserializer.java,nonapi.io.github.classgraph.json.JSONDeserializer$ObjectInstantiation,deserializeToField,try-catch,ParseException,wrap,,
src/main/java/nonapi/io/github/classgraph/json/JSONDeserializer.java,nonapi.io.github.classgraph.json.JSONDeserializer$ObjectInstantiation,deserializeToField,throws-declaration,IllegalArgumentException,propagate,,
src/main/java/nonapi/io/github/classgraph/json/JSONParser.java,nonapi.io.github.classgraph.json.JSONParser,JSONParser,throws-declaration,ParseException,propagate,,
src/main/java/nonapi/io/github/classgraph/json/JSONParser.java,nonapi.io.github.classgraph.json.JSONParser,getAndParseHexChar,throws-declaration,ParseException,propagate,,
src/main/java/nonapi/io/github/classgraph/json/JSONParser.java,nonapi.io.github.classgraph.json.JSONParser,parseString,throws-declaration,ParseException,propagate,,
src/main/java/nonapi/io/github/classgraph/json/JSONParser.java,nonapi.io.github.classgraph.json.JSONParser,parseNumber,throws-declaration,ParseException,propagate,,
src/main/java/nonapi/io/github/classgraph/json/JSONParser.java,nonapi.io.github.classgraph.json.JSONParser,parseJSONArray,throws-declaration,ParseException,propagate,,
src/main/java/nonapi/io/github/classgraph/json/JSONParser.java,nonapi.io.github.classgraph.json.JSONParser,parseJSONObject,throws-declaration,ParseException,propagate,,
src/main/java/nonapi/io/github/classgraph/json/JSONParser.java,nonapi.io.github.classgraph.json.JSONParser,parseJSON,throws-declaration,ParseException,propagate,,
src/main/java/nonapi/io/github/classgraph/json/JSONParser.java,nonapi.io.github.classgraph.json.JSONParser,parseJSON,throws-declaration,ParseException,propagate,,
src/main/java/nonapi/io/github/classgraph/json/JSONSerializer.java,nonapi.io.github.classgraph.json.JSONSerializer,assignObjectIds,try-catch,IllegalArgumentException | IllegalAccessException,wrap,,
src/main/java/nonapi/io/github/classgraph/json/JSONSerializer.java,nonapi.io.github.classgraph.json.JSONSerializer,toJSONGraph,try-catch,IllegalArgumentException | IllegalAccessException,wrap,,
src/main/java/nonapi/io/github/classgraph/json/JSONSerializer.java,nonapi.io.github.classgraph.json.JSONSerializer,serializeFromField,try-catch,IllegalAccessException,wrap,,
src/main/java/nonapi/io/github/classgraph/json/JSONUtils.java,nonapi.io.github.classgraph.json.JSONUtils,,try-catch,Throwable,ignore,,
src/main/java/nonapi/io/github/classgraph/json/JSONUtils.java,nonapi.io.github.classgraph.json.JSONUtils,,try-catch,Throwable,ignore,,
src/main/java/nonapi/io/github/classgraph/json/JSONUtils.java,nonapi.io.github.classgraph.json.JSONUtils,,try-catch,Throwable,ignore,,
src/main/java/nonapi/io/github/classgraph/json/JSONUtils.java,nonapi.io.github.classgraph.json.JSONUtils,isAccessible,try-catch,Throwable,ignore,,
src/main/java/nonapi/io/github/classgraph/json/JSONUtils.java,nonapi.io.github.classgraph.json.JSONUtils,tryMakeAccessible,try-catch,Throwable,ignore,,
src/main/java/nonapi/io/github/classgraph/json/JSONUtils.java,nonapi.io.github.classgraph.json.JSONUtils,tryMakeAccessible,try-catch,Throwable,ignore,,
src/main/java/nonapi/io/github/classgraph/json/JSONUtils.java,nonapi.io.github.classgraph.json.JSONUtils,makeAccessible,try-catch,Throwable,recover,,
src/main/java/nonapi/io/github/classgraph/json/JSONUtils.java,nonapi.io.github.classgraph.json.JSONUtils,call,throws-declaration,Exception,propagate,,
src/main/java/nonapi/io/github/classgraph/json/JSONUtils.java,nonapi.io.github.classgraph.json.JSONUtils,getFieldValue,throws-declaration,"IllegalArgumentException, IllegalAccessException",propagate,,
src/main/java/nonapi/io/github/classgraph/recycler/Recycler.java,nonapi.io.github.classgraph.recycler.Recycler,newInstance,throws-declaration,E,propagate,,
src/main/java/nonapi/io/github/classgraph/recycler/Recycler.java,nonapi.io.github.classgraph.recycler.Recycler,acquire,throws-declaration,E,propagate,,
src/main/java/nonapi/io/github/classgraph/recycler/Recycler.java,nonapi.io.github.classgraph.recycler.Recycler,acquireRecycleOnClose,throws-declaration,E,propagate,,
src/main/java/nonapi/io/github/classgraph/recycler/Recycler.java,nonapi.io.github.classgraph.recycler.Recycler,close,try-catch,Exception,ignore,,
src/main/java/nonapi/io/github/classgraph/reflection/JVMDriverReflectionDriver.java,nonapi.io.github.classgraph.reflection.JVMDriverReflectionDriver$ClassFinder,findClass,throws-declaration,Exception,propagate,,
src/main/java/nonapi/io/github/classgraph/reflection/JVMDriverReflectionDriver.java,nonapi.io.github.classgraph.reflection.JVMDriverReflectionDriver$ClassFinder,JVMDriverReflectionDriver,throws-declaration,Exception,propagate,,
src/main/java/nonapi/io/github/classgraph/reflection/JVMDriverReflectionDriver.java,nonapi.io.github.classgraph.reflection.JVMDriverReflectionDriver$ClassFinder,JVMDriverReflectionDriver,try-catch,Throwable,ignore,,
src/main/java/nonapi/io/github/classgraph/reflection/JVMDriverReflectionDriver.java,nonapi.io.github.classgraph.reflection.JVMDriverReflectionDriver$ClassFinder,findClass,throws-declaration,Exception,propagate,,
src/main/java/nonapi/io/github/classgraph/reflection/JVMDriverReflectionDriver.java,nonapi.io.github.classgraph.reflection.JVMDriverReflectionDriver$ClassFinder,findClass,try-catch,Throwable,ignore,,
src/main/java/nonapi/io/github/classgraph/reflection/JVMDriverReflectionDriver.java,nonapi.io.github.classgraph.reflection.JVMDriverReflectionDriver$ClassFinder,findClass,throws-declaration,Exception,propagate,,
src/main/java/nonapi/io/github/classgraph/reflection/JVMDriverReflectionDriver.java,nonapi.io.github.classgraph.reflection.JVMDriverReflectionDriver$ClassFinder,findClass,try-catch,Throwable,ignore,,
src/main/java/nonapi/io/github/classgraph/reflection/JVMDriverReflectionDriver.java,nonapi.io.github.classgraph.reflection.JVMDriverReflectionDriver$ClassFinder,findClass,throws-declaration,Exception,propagate,,
src/main/java/nonapi/io/github/classgraph/reflection/JVMDriverReflectionDriver.java,nonapi.io.github.classgraph.reflection.JVMDriverReflectionDriver$ClassFinder,findClass,throws-declaration,Exception,propagate,,
src/main/java/nonapi/io/github/classgraph/reflection/JVMDriverReflectionDriver.java,nonapi.io.github.classgraph.reflection.JVMDriverReflectionDriver$ClassFinder,makeAccessible,try-catch,Throwable,recover,,
src/main/java/nonapi/io/github/classgraph/reflection/JVMDriverReflectionDriver.java,nonapi.io.github.classgraph.reflection.JVMDriverReflectionDriver$ClassFinder,findClass,throws-declaration,Exception,propagate,,
src/main/java/nonapi/io/github/classgraph/reflection/JVMDriverReflectionDriver.java,nonapi.io.github.classgraph.reflection.JVMDriverReflectionDriver$ClassFinder,getDeclaredMethods,throws-declaration,Exception,propagate,,
src/main/java/nonapi/io/github/classgraph/reflection/JVMDriverReflectionDriver.java,nonapi.io.github.classgraph.reflection.JVMDriverReflectionDriver$ClassFinder,getDeclaredConstructors,throws-declaration,Exception,propagate,,
src/main/java/nonapi/io/github/classgraph/reflection/JVMDriverReflectionDriver.java,nonapi.io.github.classgraph.reflection.JVMDriverReflectionDriver$ClassFinder,getDeclaredFields,throws-declaration,Exception,propagate,,
src/main/java/nonapi/io/github/classgraph/reflection/JVMDriverReflectionDriver.java,nonapi.io.github.classgraph.reflection.JVMDriverReflectionDriver$ClassFinder,getField,throws-declaration,Exception,propagate,,
src/main/java/nonapi/io/github/classgraph/reflection/JVMDriverReflectionDriver.java,nonapi.io.github.classgraph.reflection.JVMDriverReflectionDriver$ClassFinder,setField,throws-declaration,Exception,propagate,,
src/main/java/nonapi/io/github/classgraph/reflection/JVMDriverReflectionDriver.java,nonapi.io.github.classgraph.reflection.JVMDriverReflectionDriver$ClassFinder,getStaticField,throws-declaration,Exception,propagate,,
src/main/java/nonapi/io/github/classgraph/reflection/JVMDriverReflectionDriver.java,nonapi.io.github.classgraph.reflection.JVMDriverReflectionDriver$ClassFinder,setStaticField,throws-declaration,Exception,propagate,,
src/main/java/nonapi/io/github/classgraph/reflection/JVMDriverReflectionDriver.java,nonapi.io.github.classgraph.reflection.JVMDriverReflectionDriver$ClassFinder,invokeMethod,throws-declaration,Exception,propagate,,
src/main/java/nonapi/io/github/classgraph/reflection/JVMDriverReflectionDriver.java,nonapi.io.github.classgraph.reflection.JVMDriverReflectionDriver$ClassFinder,invokeStaticMethod,throws-declaration,Exception,propagate,,
src/main/java/nonapi/io/github/classgraph/reflection/NarcissusReflectionDriver.java,nonapi.io.github.classgraph.reflection.NarcissusReflectionDriver,NarcissusReflectionDriver,throws-declaration,Exception,propagate,,
src/main/java/nonapi/io/github/classgraph/reflection/NarcissusReflectionDriver.java,nonapi.io.github.classgraph.reflection.NarcissusReflectionDriver,findClass,throws-declaration,Exception,propagate,,
src/main/java/nonapi/io/github/classgraph/reflection/NarcissusReflectionDriver.java,nonapi.io.github.classgraph.reflection.NarcissusReflectionDriver,getDeclaredMethods,throws-declaration,Exception,propagate,,
src/main/java/nonapi/io/github/classgraph/reflection/NarcissusReflectionDriver.java,nonapi.io.github.classgraph.reflection.NarcissusReflectionDriver,getDeclaredConstructors,throws-declaration,Exception,propagate,,
src/main/java/nonapi/io/github/classgraph/reflection/NarcissusReflectionDriver.java,nonapi.io.github.classgraph.reflection.NarcissusReflectionDriver,getDeclaredFields,throws-declaration,Exception,propagate,,
src/main/java/nonapi/io/github/classgraph/reflection/NarcissusReflectionDriver.java,nonapi.io.github.classgraph.reflection.NarcissusReflectionDriver,getField,throws-declaration,Exception,propagate,,
src/main/java/nonapi/io/github/classgraph/reflection/NarcissusReflectionDriver.java,nonapi.io.github.classgraph.reflection.NarcissusReflectionDriver,setField,throws-declaration,Exception,propagate,,
src/main/java/nonapi/io/github/classgraph/reflection/NarcissusReflectionDriver.java,nonapi.io.github.classgraph.reflection.NarcissusReflectionDriver,getStaticField,throws-declaration,Exception,propagate,,
src/main/java/nonapi/io/github/classgraph/reflection/NarcissusReflectionDriver.java,nonapi.io.github.classgraph.reflection.NarcissusReflectionDriver,setStaticField,throws-declaration,Exception,propagate,,
src/main/java/nonapi/io/github/classgraph/reflection/NarcissusReflectionDriver.java,nonapi.io.github.classgraph.reflection.NarcissusReflectionDriver,invokeMethod,throws-declaration,Exception,propagate,,
src/main/java/nonapi/io/github/classgraph/reflection/NarcissusReflectionDriver.java,nonapi.io.github.classgraph.reflection.NarcissusReflectionDriver,invokeStaticMethod,throws-declaration,Exception,propagate,,
src/main/java/nonapi/io/github/classgraph/reflection/ReflectionDriver.java,nonapi.io.github.classgraph.reflection.ReflectionDriver,newInstance,throws-declaration,"Exception, InterruptedException",propagate,,
src/main/java/nonapi/io/github/classgraph/reflection/ReflectionDriver.java,nonapi.io.github.classgraph.reflection.ReflectionDriver,newInstance,try-catch,Throwable,ignore,,
src/main/java/nonapi/io/github/classgraph/reflection/ReflectionDriver.java,nonapi.io.github.classgraph.reflection.ReflectionDriver,newInstance,try-catch,Throwable,ignore,,
src/main/java/nonapi/io/github/classgraph/reflection/ReflectionDriver.java,nonapi.io.github.classgraph.reflection.ReflectionDriver$ClassMemberCache,ClassMemberCache,throws-declaration,Exception,propagate,,
src/main/java/nonapi/io/github/classgraph/reflection/ReflectionDriver.java,nonapi.io.github.classgraph.reflection.ReflectionDriver$ClassMemberCache,ClassMemberCache,try-catch,Exception,ignore,,
src/main/java/nonapi/io/github/classgraph/reflection/ReflectionDriver.java,nonapi.io.github.classgraph.reflection.ReflectionDriver$ClassMemberCache,ClassMemberCache,try-catch,Exception,ignore,,
src/main/java/nonapi/io/github/classgraph/reflection/ReflectionDriver.java,nonapi.io.github.classgraph.reflection.ReflectionDriver$ClassMemberCache,findClass,throws-declaration,Exception,propagate,,
src/main/java/nonapi/io/github/classgraph/reflection/ReflectionDriver.java,nonapi.io.github.classgraph.reflection.ReflectionDriver$ClassMemberCache,getDeclaredMethods,throws-declaration,Exception,propagate,,
src/main/java/nonapi/io/github/classgraph/reflection/ReflectionDriver.java,nonapi.io.github.classgraph.reflection.ReflectionDriver$ClassMemberCache,getDeclaredConstructors,throws-declaration,Exception,propagate,,
src/main/java/nonapi/io/github/classgraph/reflection/ReflectionDriver.java,nonapi.io.github.classgraph.reflection.ReflectionDriver$ClassMemberCache,getDeclaredFields,throws-declaration,Exception,propagate,,
src/main/java/nonapi/io/github/classgraph/reflection/ReflectionDriver.java,nonapi.io.github.classgraph.reflection.ReflectionDriver$ClassMemberCache,getField,throws-declaration,Exception,propagate,,
src/main/java/nonapi/io/github/classgraph/reflection/ReflectionDriver.java,nonapi.io.github.classgraph.reflection.ReflectionDriver$ClassMemberCache,setField,throws-declaration,Exception,propagate,,
src/main/java/nonapi/io/github/classgraph/reflection/ReflectionDriver.java,nonapi.io.github.classgraph.reflection.ReflectionDriver$ClassMemberCache,getStaticField,throws-declaration,Exception,propagate,,
src/main/java/nonapi/io/github/classgraph/reflection/ReflectionDriver.java,nonapi.io.github.classgraph.reflection.ReflectionDriver$ClassMemberCache,setStaticField,throws-declaration,Exception,propagate,,
src/main/java/nonapi/io/github/classgraph/reflection/ReflectionDriver.java,nonapi.io.github.classgraph.reflection.ReflectionDriver$ClassMemberCache,invokeMethod,throws-declaration,Exception,propagate,,
src/main/java/nonapi/io/github/classgraph/reflection/ReflectionDriver.java,nonapi.io.github.classgraph.reflection.ReflectionDriver$ClassMemberCache,invokeStaticMethod,throws-declaration,Exception,propagate,,
src/main/java/nonapi/io/github/classgraph/reflection/ReflectionDriver.java,nonapi.io.github.classgraph.reflection.ReflectionDriver$ClassMemberCache,isAccessible,try-catch,Throwable,ignore,,
src/main/java/nonapi/io/github/classgraph/reflection/ReflectionDriver.java,nonapi.io.github.classgraph.reflection.ReflectionDriver$ClassMemberCache,isAccessible,try-catch,Throwable,ignore,,
src/main/java/nonapi/io/github/classgraph/reflection/ReflectionDriver.java,nonapi.io.github.classgraph.reflection.ReflectionDriver$ClassMemberCache,findField,throws-declaration,Exception,propagate,,
src/main/java/nonapi/io/github/classgraph/reflection/ReflectionDriver.java,nonapi.io.github.classgraph.reflection.ReflectionDriver$ClassMemberCache,findStaticField,throws-declaration,Exception,propagate,,
src/main/java/nonapi/io/github/classgraph/reflection/ReflectionDriver.java,nonapi.io.github.classgraph.reflection.ReflectionDriver$ClassMemberCache,findInstanceField,throws-declaration,Exception,propagate,,
src/main/java/nonapi/io/github/classgraph/reflection/ReflectionDriver.java,nonapi.io.github.classgraph.reflection.ReflectionDriver$ClassMemberCache,findMethod,throws-declaration,Exception,propagate,,
src/main/java/nonapi/io/github/classgraph/reflection/ReflectionDriver.java,nonapi.io.github.classgraph.reflection.ReflectionDriver$ClassMemberCache,findStaticMethod,throws-declaration,Exception,propagate,,
src/main/java/nonapi/io/github/classgraph/reflection/ReflectionDriver.java,nonapi.io.github.classgraph.reflection.ReflectionDriver$ClassMemberCache,findInstanceMethod,throws-declaration,Exception,propagate,,
src/main/java/nonapi/io/github/classgraph/reflection/ReflectionUtils.java,nonapi.io.github.classgraph.reflection.ReflectionUtils,,try-catch,Throwable,ignore,,
src/main/java/nonapi/io/github/classgraph/reflection/ReflectionUtils.java,nonapi.io.github.classgraph.reflection.ReflectionUtils,loadReflectionDriver,try-catch,Throwable,custom,,
src/main/java/nonapi/io/github/classgraph/reflection/ReflectionUtils.java,nonapi.io.github.classgraph.reflection.ReflectionUtils,loadReflectionDriver,try-catch,Throwable,custom,,
src/main/java/nonapi/io/github/classgraph/reflection/ReflectionUtils.java,nonapi.io.github.classgraph.reflection.ReflectionUtils,getFieldVal,throws-declaration,IllegalArgumentException,propagate,,
src/main/java/nonapi/io/github/classgraph/reflection/ReflectionUtils.java,nonapi.io.github.classgraph.reflection.ReflectionUtils,getFieldVal,try-catch,Throwable,custom,,
src/main/java/nonapi/io/github/classgraph/reflection/ReflectionUtils.java,nonapi.io.github.classgraph.reflection.ReflectionUtils,getFieldVal,throws-declaration,IllegalArgumentException,propagate,,
src/main/java/nonapi/io/github/classgraph/reflection/ReflectionUtils.java,nonapi.io.github.classgraph.reflection.ReflectionUtils,getFieldVal,try-catch,Throwable,custom,,
src/main/java/nonapi/io/github/classgraph/reflection/ReflectionUtils.java,nonapi.io.github.classgraph.reflection.ReflectionUtils,getStaticFieldVal,throws-declaration,IllegalArgumentException,propagate,,
src/main/java/nonapi/io/github/classgraph/reflection/ReflectionUtils.java,nonapi.io.github.classgraph.reflection.ReflectionUtils,getStaticFieldVal,try-catch,Throwable,custom,,
src/main/java/nonapi/io/github/classgraph/reflection/ReflectionUtils.java,nonapi.io.github.classgraph.reflection.ReflectionUtils,invokeMethod,throws-declaration,IllegalArgumentException,propagate,,
src/main/java/nonapi/io/github/classgraph/reflection/ReflectionUtils.java,nonapi.io.github.classgraph.reflection.ReflectionUtils,invokeMethod,try-catch,Throwable,recover,,
src/main/java/nonapi/io/github/classgraph/reflection/ReflectionUtils.java,nonapi.io.github.classgraph.reflection.ReflectionUtils,invokeMethod,throws-declaration,IllegalArgumentException,propagate,,
src/main/java/nonapi/io/github/classgraph/reflection/ReflectionUtils.java,nonapi.io.github.classgraph.reflection.ReflectionUtils,invokeMethod,try-catch,Throwable,recover,,
src/main/java/nonapi/io/github/classgraph/reflection/ReflectionUtils.java,nonapi.io.github.classgraph.reflection.ReflectionUtils,invokeStaticMethod,throws-declaration,IllegalArgumentException,propagate,,
src/main/java/nonapi/io/github/classgraph/reflection/ReflectionUtils.java,nonapi.io.github.classgraph.reflection.ReflectionUtils,invokeStaticMethod,try-catch,Throwable,recover,,
src/main/java/nonapi/io/github/classgraph/reflection/ReflectionUtils.java,nonapi.io.github.classgraph.reflection.ReflectionUtils,invokeStaticMethod,throws-declaration,IllegalArgumentException,propagate,,
src/main/java/nonapi/io/github/classgraph/reflection/ReflectionUtils.java,nonapi.io.github.classgraph.reflection.ReflectionUtils,invokeStaticMethod,try-catch,Throwable,recover,,
src/main/java/nonapi/io/github/classgraph/reflection/ReflectionUtils.java,nonapi.io.github.classgraph.reflection.ReflectionUtils,classForNameOrNull,try-catch,Throwable,recover,,
src/main/java/nonapi/io/github/classgraph/reflection/ReflectionUtils.java,nonapi.io.github.classgraph.reflection.ReflectionUtils,staticMethodForNameOrNull,try-catch,Throwable,recover,,
src/main/java/nonapi/io/github/classgraph/reflection/ReflectionUtils.java,nonapi.io.github.classgraph.reflection.ReflectionUtils$PrivilegedActionInvocationHandler,invoke,throws-declaration,Throwable,propagate,,
src/main/java/nonapi/io/github/classgraph/reflection/ReflectionUtils.java,nonapi.io.github.classgraph.reflection.ReflectionUtils$PrivilegedActionInvocationHandler,doPrivileged,throws-declaration,Throwable,propagate,,
src/main/java/nonapi/io/github/classgraph/reflection/StandardReflectionDriver.java,nonapi.io.github.classgraph.reflection.StandardReflectionDriver,,try-catch,Throwable,ignore,,
src/main/java/nonapi/io/github/classgraph/reflection/StandardReflectionDriver.java,nonapi.io.github.classgraph.reflection.StandardReflectionDriver,,try-catch,Throwable,ignore,,
src/main/java/nonapi/io/github/classgraph/reflection/StandardReflectionDriver.java,nonapi.io.github.classgraph.reflection.StandardReflectionDriver,tryMakeAccessible,try-catch,Throwable,ignore,,
src/main/java/nonapi/io/github/classgraph/reflection/StandardReflectionDriver.java,nonapi.io.github.classgraph.reflection.StandardReflectionDriver,tryMakeAccessible,try-catch,Throwable,ignore,,
src/main/java/nonapi/io/github/classgraph/reflection/StandardReflectionDriver.java,nonapi.io.github.classgraph.reflection.StandardReflectionDriver,makeAccessible,try-catch,Throwable,recover,,
src/main/java/nonapi/io/github/classgraph/reflection/StandardReflectionDriver.java,nonapi.io.github.classgraph.reflection.StandardReflectionDriver,call,throws-declaration,Exception,propagate,,
src/main/java/nonapi/io/github/classgraph/reflection/StandardReflectionDriver.java,nonapi.io.github.classgraph.reflection.StandardReflectionDriver,findClass,throws-declaration,Exception,propagate,,
src/main/java/nonapi/io/github/classgraph/reflection/StandardReflectionDriver.java,nonapi.io.github.classgraph.reflection.StandardReflectionDriver,getDeclaredMethods,throws-declaration,Exception,propagate,,
src/main/java/nonapi/io/github/classgraph/reflection/StandardReflectionDriver.java,nonapi.io.github.classgraph.reflection.StandardReflectionDriver,getDeclaredConstructors,throws-declaration,Exception,propagate,,
src/main/java/nonapi/io/github/classgraph/reflection/StandardReflectionDriver.java,nonapi.io.github.classgraph.reflection.StandardReflectionDriver,getDeclaredFields,throws-declaration,Exception,propagate,,
src/main/java/nonapi/io/github/classgraph/reflection/StandardReflectionDriver.java,nonapi.io.github.classgraph.reflection.StandardReflectionDriver,getField,throws-declaration,Exception,propagate,,
src/main/java/nonapi/io/github/classgraph/reflection/StandardReflectionDriver.java,nonapi.io.github.classgraph.reflection.StandardReflectionDriver,setField,throws-declaration,Exception,propagate,,
src/main/java/nonapi/io/github/classgraph/reflection/StandardReflectionDriver.java,nonapi.io.github.classgraph.reflection.StandardReflectionDriver,getStaticField,throws-declaration,Exception,propagate,,
src/main/java/nonapi/io/github/classgraph/reflection/StandardReflectionDriver.java,nonapi.io.github.classgraph.reflection.StandardReflectionDriver,setStaticField,throws-declaration,Exception,propagate,,
src/main/java/nonapi/io/github/classgraph/reflection/StandardReflectionDriver.java,nonapi.io.github.classgraph.reflection.StandardReflectionDriver,invokeMethod,throws-declaration,Exception,propagate,,
src/main/java/nonapi/io/github/classgraph/reflection/StandardReflectionDriver.java,nonapi.io.github.classgraph.reflection.StandardReflectionDriver,invokeStaticMethod,throws-declaration,Exception,propagate,,
src/main/java/nonapi/io/github/classgraph/scanspec/ScanSpec.java,nonapi.io.github.classgraph.scanspec.ScanSpec,sortPrefixes,try-catch,ReflectiveOperationException,wrap,,
src/main/java/nonapi/io/github/classgraph/scanspec/ScanSpec.java,nonapi.io.github.classgraph.scanspec.ScanSpec$ScanSpecPathMatch,log,try-catch,ReflectiveOperationException,ignore,,
src/main/java/nonapi/io/github/classgraph/types/Parser.java,nonapi.io.github.classgraph.types.Parser,Parser,throws-declaration,ParseException,propagate,,
src/main/java/nonapi/io/github/classgraph/types/Parser.java,nonapi.io.github.classgraph.types.Parser,getc,throws-declaration,ParseException,propagate,,
src/main/java/nonapi/io/github/classgraph/types/Parser.java,nonapi.io.github.classgraph.types.Parser,expect,throws-declaration,ParseException,propagate,,
src/main/java/nonapi/io/github/classgraph/types/Parser.java,nonapi.io.github.classgraph.types.Parser,peekExpect,throws-declaration,ParseException,propagate,,
src/main/java/nonapi/io/github/classgraph/utils/FileUtils.java,nonapi.io.github.classgraph.utils.FileUtils,currDirPath,try-catch,InvalidPathException,ignore,,
src/main/java/nonapi/io/github/classgraph/utils/FileUtils.java,nonapi.io.github.classgraph.utils.FileUtils,currDirPath,try-catch,InvalidPathException,ignore,,
src/main/java/nonapi/io/github/classgraph/utils/FileUtils.java,nonapi.io.github.classgraph.utils.FileUtils,canRead,try-catch,SecurityException,recover,,
src/main/java/nonapi/io/github/classgraph/utils/FileUtils.java,nonapi.io.github.classgraph.utils.FileUtils,canReadAndIsFile,try-catch,SecurityException,recover,,
src/main/java/nonapi/io/github/classgraph/utils/FileUtils.java,nonapi.io.github.classgraph.utils.FileUtils,canReadAndIsFile,try-catch,SecurityException,recover,,
src/main/java/nonapi/io/github/classgraph/utils/FileUtils.java,nonapi.io.github.classgraph.utils.FileUtils,checkCanReadAndIsFile,throws-declaration,IOException,propagate,,
src/main/java/nonapi/io/github/classgraph/utils/FileUtils.java,nonapi.io.github.classgraph.utils.FileUtils,checkCanReadAndIsFile,try-catch,SecurityException,wrap,,
src/main/java/nonapi/io/github/classgraph/utils/FileUtils.java,nonapi.io.github.classgraph.utils.FileUtils,checkCanReadAndIsFile,throws-declaration,IOException,propagate,,
src/main/java/nonapi/io/github/classgraph/utils/FileUtils.java,nonapi.io.github.classgraph.utils.FileUtils,checkCanReadAndIsFile,try-catch,SecurityException,wrap,,
src/main/java/nonapi/io/github/classgraph/utils/FileUtils.java,nonapi.io.github.classgraph.utils.FileUtils,canReadAndIsDir,try-catch,SecurityException,recover,,
src/main/java/nonapi/io/github/classgraph/utils/FileUtils.java,nonapi.io.github.classgraph.utils.FileUtils,canReadAndIsDir,try-catch,SecurityException,recover,,
src/main/java/nonapi/io/github/classgraph/utils/FileUtils.java,nonapi.io.github.classgraph.utils.FileUtils,checkCanReadAndIsDir,throws-declaration,IOException,propagate,,
src/main/java/nonapi/io/github/classgraph/utils/FileUtils.java,nonapi.io.github.classgraph.utils.FileUtils,checkCanReadAndIsDir,try-catch,SecurityException,wrap,,
src/main/java/nonapi/io/github/classgraph/utils/FileUtils.java,nonapi.io.github.classgraph.utils.FileUtils,lookupCleanMethodPrivileged,try-catch,SecurityException,wrap,,
src/main/java/nonapi/io/github/classgraph/utils/FileUtils.java,nonapi.io.github.classgraph.utils.FileUtils,lookupCleanMethodPrivileged,try-catch,ReflectiveOperationException | LinkageError,ignore,,
src/main/java/nonapi/io/github/classgraph/utils/FileUtils.java,nonapi.io.github.classgraph.utils.FileUtils,lookupCleanMethodPrivileged,try-catch,SecurityException,wrap,,
src/main/java/nonapi/io/github/classgraph/utils/FileUtils.java,nonapi.io.github.classgraph.utils.FileUtils,lookupCleanMethodPrivileged,try-catch,ReflectiveOperationException | LinkageError,ignore,,
src/main/java/nonapi/io/github/classgraph/utils/FileUtils.java,nonapi.io.github.classgraph.utils.FileUtils,lookupCleanMethodPrivileged,try-catch,ReflectiveOperationException | LinkageError,wrap,,
src/main/java/nonapi/io/github/classgraph/utils/FileUtils.java,nonapi.io.github.classgraph.utils.FileUtils,lookupCleanMethodPrivileged,try-catch,Throwable,ignore,,
src/main/java/nonapi/io/github/classgraph/utils/FileUtils.java,nonapi.io.github.classgraph.utils.FileUtils,call,throws-declaration,Exception,propagate,,
src/main/java/nonapi/io/github/classgraph/utils/FileUtils.java,nonapi.io.github.classgraph.utils.FileUtils,closeDirectByteBufferPrivileged,try-catch,ReflectiveOperationException | SecurityException,log+recover,,
src/main/java/nonapi/io/github/classgraph/utils/FileUtils.java,nonapi.io.github.classgraph.utils.FileUtils,closeDirectByteBufferPrivileged,try-catch,Exception,log+recover,,
src/main/java/nonapi/io/github/classgraph/utils/FileUtils.java,nonapi.io.github.classgraph.utils.FileUtils,closeDirectByteBufferPrivileged,try-catch,Exception,log+recover,,
src/main/java/nonapi/io/github/classgraph/utils/FileUtils.java,nonapi.io.github.classgraph.utils.FileUtils,closeDirectByteBufferPrivileged,try-catch,IllegalArgumentException,recover,,
src/main/java/nonapi/io/github/classgraph/utils/FileUtils.java,nonapi.io.github.classgraph.utils.FileUtils,closeDirectByteBuffer,try-catch,Throwable,recover,,
src/main/java/nonapi/io/github/classgraph/utils/FileUtils.java,nonapi.io.github.classgraph.utils.FileUtils,call,throws-declaration,Exception,propagate,,
src/main/java/nonapi/io/github/classgraph/utils/ProxyingInputStream.java,nonapi.io.github.classgraph.utils.ProxyingInputStream,,try-catch,NoSuchMethodException | SecurityException,ignore,,
src/main/java/nonapi/io/github/classgraph/utils/ProxyingInputStream.java,nonapi.io.github.classgraph.utils.ProxyingInputStream,,try-catch,NoSuchMethodException | SecurityException,ignore,,
src/main/java/nonapi/io/github/classgraph/utils/ProxyingInputStream.java,nonapi.io.github.classgraph.utils.ProxyingInputStream,,try-catch,NoSuchMethodException | SecurityException,ignore,,
src/main/java/nonapi/io/github/classgraph/utils/ProxyingInputStream.java,nonapi.io.github.classgraph.utils.ProxyingInputStream,,try-catch,NoSuchMethodException | SecurityException,ignore,,
src/main/java/nonapi/io/github/classgraph/utils/ProxyingInputStream.java,nonapi.io.github.classgraph.utils.ProxyingInputStream,,try-catch,NoSuchMethodException | SecurityException,ignore,,
src/main/java/nonapi/io/github/classgraph/utils/ProxyingInputStream.java,nonapi.io.github.classgraph.utils.ProxyingInputStream,read,throws-declaration,IOException,propagate,,
src/main/java/nonapi/io/github/classgraph/utils/ProxyingInputStream.java,nonapi.io.github.classgraph.utils.ProxyingInputStream,read,throws-declaration,IOException,propagate,,
src/main/java/nonapi/io/github/classgraph/utils/ProxyingInputStream.java,nonapi.io.github.classgraph.utils.ProxyingInputStream,read,throws-declaration,IOException,propagate,,
src/main/java/nonapi/io/github/classgraph/utils/ProxyingInputStream.java,nonapi.io.github.classgraph.utils.ProxyingInputStream,readAllBytes,throws-declaration,IOException,propagate,,
src/main/java/nonapi/io/github/classgraph/utils/ProxyingInputStream.java,nonapi.io.github.classgraph.utils.ProxyingInputStream,readAllBytes,try-catch,Exception,wrap,,
src/main/java/nonapi/io/github/classgraph/utils/ProxyingInputStream.java,nonapi.io.github.classgraph.utils.ProxyingInputStream,readNBytes,throws-declaration,IOException,propagate,,
src/main/java/nonapi/io/github/classgraph/utils/ProxyingInputStream.java,nonapi.io.github.classgraph.utils.ProxyingInputStream,readNBytes,try-catch,Exception,wrap,,
src/main/java/nonapi/io/github/classgraph/utils/ProxyingInputStream.java,nonapi.io.github.classgraph.utils.ProxyingInputStream,readNBytes,throws-declaration,IOException,propagate,,
src/main/java/nonapi/io/github/classgraph/utils/ProxyingInputStream.java,nonapi.io.github.classgraph.utils.ProxyingInputStream,readNBytes,try-catch,Exception,wrap,,
src/main/java/nonapi/io/github/classgraph/utils/ProxyingInputStream.java,nonapi.io.github.classgraph.utils.ProxyingInputStream,available,throws-declaration,IOException,propagate,,
src/main/java/nonapi/io/github/classgraph/utils/ProxyingInputStream.java,nonapi.io.github.classgraph.utils.ProxyingInputStream,reset,throws-declaration,IOException,propagate,,
src/main/java/nonapi/io/github/classgraph/utils/ProxyingInputStream.java,nonapi.io.github.classgraph.utils.ProxyingInputStream,skip,throws-declaration,IOException,propagate,,
src/main/java/nonapi/io/github/classgraph/utils/ProxyingInputStream.java,nonapi.io.github.classgraph.utils.ProxyingInputStream,skipNBytes,throws-declaration,IOException,propagate,,
src/main/java/nonapi/io/github/classgraph/utils/ProxyingInputStream.java,nonapi.io.github.classgraph.utils.ProxyingInputStream,skipNBytes,try-catch,Exception,wrap,,
src/main/java/nonapi/io/github/classgraph/utils/ProxyingInputStream.java,nonapi.io.github.classgraph.utils.ProxyingInputStream,transferTo,throws-declaration,IOException,propagate,,
src/main/java/nonapi/io/github/classgraph/utils/ProxyingInputStream.java,nonapi.io.github.classgraph.utils.ProxyingInputStream,transferTo,try-catch,Exception,wrap,,
src/main/java/nonapi/io/github/classgraph/utils/ProxyingInputStream.java,nonapi.io.github.classgraph.utils.ProxyingInputStream,close,throws-declaration,IOException,propagate,,
src/main/java/nonapi/io/github/classgraph/utils/StringUtils.java,nonapi.io.github.classgraph.utils.StringUtils,readString,throws-declaration,IllegalArgumentException,propagate,,
src/main/java/nonapi/io/github/classgraph/utils/URLPathEncoder.java,nonapi.io.github.classgraph.utils.URLPathEncoder,unescapeChars,try-catch,IOException,ignore,,
src/main/java/nonapi/io/github/classgraph/utils/URLPathEncoder.java,nonapi.io.github.classgraph.utils.URLPathEncoder,unescapeChars,try-catch,IOException,ignore,,
src/main/java/nonapi/io/github/classgraph/utils/VersionFinder.java,nonapi.io.github.classgraph.utils.VersionFinder,,try-catch,NumberFormatException,ignore,,
src/main/java/nonapi/io/github/classgraph/utils/VersionFinder.java,nonapi.io.github.classgraph.utils.VersionFinder$OperatingSystem,getProperty,try-catch,SecurityException,recover,,
src/main/java/nonapi/io/github/classgraph/utils/VersionFinder.java,nonapi.io.github.classgraph.utils.VersionFinder$OperatingSystem,getProperty,try-catch,SecurityException,recover,,
src/main/java/nonapi/io/github/classgraph/utils/VersionFinder.java,nonapi.io.github.classgraph.utils.VersionFinder$OperatingSystem,getVersion,try-catch,Exception,ignore,,
src/main/java/nonapi/io/github/classgraph/utils/VersionFinder.java,nonapi.io.github.classgraph.utils.VersionFinder$OperatingSystem,getVersion,try-catch,IOException,ignore,,
src/main/java/nonapi/io/github/classgraph/utils/VersionFinder.java,nonapi.io.github.classgraph.utils.VersionFinder$OperatingSystem,getVersion,try-catch,IOException,ignore,,
src/main/java/nonapi/io/github/classgraph/utils/VersionFinder.java,nonapi.io.github.classgraph.utils.VersionFinder$OperatingSystem,getSecureDocumentBuilderFactory,throws-declaration,ParserConfigurationException,propagate,,
src/main/java/nonapi/io/github/classgraph/utils/VersionFinder.java,nonapi.io.github.classgraph.utils.VersionFinder$OperatingSystem,getSecureXPathFactory,throws-declaration,XPathFactoryConfigurationException,propagate,,
src/test/java/ClassGraphGraphVizGenerator.java,ClassGraphGraphVizGenerator,main,throws-declaration,IOException,propagate,,
src/test/java/io/github/classgraph/features/CustomURLScheme.java,io.github.classgraph.features.CustomURLScheme,openConnection,throws-declaration,IOException,propagate,,
src/test/java/io/github/classgraph/features/EnumTest.java,io.github.classgraph.features.EnumTest$EnumWithMethod,enumWithoutMethod,throws-declaration,Exception,propagate,,
src/test/java/io/github/classgraph/features/EnumTest.java,io.github.classgraph.features.EnumTest$EnumWithMethod,enumWithMethod,throws-declaration,Exception,propagate,,
src/test/java/io/github/classgraph/features/MultiReleaseJarTest.java,io.github.classgraph.features.MultiReleaseJarTest,multiReleaseJar,throws-declaration,Exception,propagate,,
src/test/java/io/github/classgraph/features/MultiReleaseJarTest.java,io.github.classgraph.features.MultiReleaseJarTest,multiReleaseVersioningOfResources,throws-declaration,Exception,propagate,,
src/test/java/io/github/classgraph/features/RecordTest.java,io.github.classgraph.features.RecordTest,recordJar,throws-declaration,Exception,propagate,,
src/test/java/io/github/classgraph/issues/issue128/Issue128Test.java,io.github.classgraph.issues.issue128.Issue128Test,issue128Test,throws-declaration,Exception,propagate,,
src/test/java/io/github/classgraph/issues/issue128/Issue128Test.java,io.github.classgraph.issues.issue128.Issue128Test,issue128Test,try-catch,SocketTimeoutException,custom,,
src/test/java/io/github/classgraph/issues/issue128/Issue128Test.java,io.github.classgraph.issues.issue128.Issue128Test,issue128Test,try-catch,IOException | SecurityException,custom,,
src/test/java/io/github/classgraph/issues/issue193/Issue193Test.java,io.github.classgraph.issues.issue193.Issue193Test,issue193Test,throws-declaration,IOException,propagate,,
src/test/java/io/github/classgraph/issues/issue255/Issue255Test.java,io.github.classgraph.issues.issue255.Issue255Test,issue255Test,throws-declaration,IOException,propagate,,
src/test/java/io/github/classgraph/issues/issue267/ClassLoadingWorksWithParentLastLoaders.java,io.github.classgraph.issues.issue267.ClassLoadingWorksWithParentLastLoaders,assertCorrectClassLoaders,throws-declaration,Exception,propagate,,
src/test/java/io/github/classgraph/issues/issue267/ClassLoadingWorksWithParentLastLoadersStubTest.java,io.github.classgraph.issues.issue267.ClassLoadingWorksWithParentLastLoadersStubTest,sameClassLoaderThatFoundAClassShouldLoadIt,throws-declaration,Throwable,propagate,,
src/test/java/io/github/classgraph/issues/issue267/ClassLoadingWorksWithParentLastLoadersStubTest.java,io.github.classgraph.issues.issue267.TestLauncher,run,try-catch,Throwable,custom,,
src/test/java/io/github/classgraph/issues/issue267/ClassLoadingWorksWithParentLastLoadersStubTest.java,io.github.classgraph.issues.issue267.FakeRestartClassLoader,getClass,throws-declaration,ClassNotFoundException,propagate,,
src/test/java/io/github/classgraph/issues/issue267/ClassLoadingWorksWithParentLastLoadersStubTest.java,io.github.classgraph.issues.issue267.FakeRestartClassLoader,getClass,try-catch,IOException,wrap,,
src/test/java/io/github/classgraph/issues/issue267/ClassLoadingWorksWithParentLastLoadersStubTest.java,io.github.classgraph.issues.issue267.FakeRestartClassLoader,loadClass,throws-declaration,ClassNotFoundException,propagate,,
src/test/java/io/github/classgraph/issues/issue267/ClassLoadingWorksWithParentLastLoadersStubTest.java,io.github.classgraph.issues.issue267.FakeRestartClassLoader,loadClassFileData,throws-declaration,IOException,propagate,,
src/test/java/io/github/classgraph/issues/issue289/Issue289.java,io.github.classgraph.issues.issue289.Issue289,issue289,throws-declaration,Exception,propagate,,
src/test/java/io/github/classgraph/issues/issue305/Issue305.java,io.github.classgraph.issues.issue305.Issue305,issue305,throws-declaration,Exception,propagate,,
src/test/java/io/github/classgraph/issues/issue345/Issue345.java,io.github.classgraph.issues.issue345.Issue345$Sub,issue345b,throws-declaration,Exception,propagate,,
src/test/java/io/github/classgraph/issues/issue352/Issue352.java,io.github.classgraph.issues.issue352.Issue352,test,throws-declaration,IOException,propagate,,
src/test/java/io/github/classgraph/issues/issue355/Issue355.java,io.github.classgraph.issues.issue355.Issue355$Y,test,throws-declaration,IOException,propagate,,
src/test/java/io/github/classgraph/issues/issue384/Issue384Test.java,io.github.classgraph.issues.issue384.Issue384Test,issue384Test,throws-declaration,MalformedURLException,propagate,,
src/test/java/io/github/classgraph/issues/issue387/Issue387Test.java,io.github.classgraph.issues.issue387.Issue387Test,issue387Test,throws-declaration,MalformedURLException,propagate,,
src/test/java/io/github/classgraph/issues/issue407/Issue407Test.java,io.github.classgraph.issues.issue407.Issue407Test,issue407Test,throws-declaration,IOException,propagate,,
src/test/java/io/github/classgraph/issues/issue420/Issue420Test.java,io.github.classgraph.issues.issue420.Issue420Test,testScanningFileBackedByFileSystem,throws-declaration,"IOException, URISyntaxException",propagate,,
src/test/java/io/github/classgraph/issues/issue420/Issue420Test.java,io.github.classgraph.issues.issue420.Issue420Test,testDir,throws-declaration,"IOException, URISyntaxException",propagate,,
src/test/java/io/github/classgraph/issues/issue420/Issue420Test.java,io.github.classgraph.issues.issue420.Issue420Test,testScanningDirBackedByFileSystem,throws-declaration,"IOException, URISyntaxException",propagate,,
src/test/java/io/github/classgraph/issues/issue420/Issue420Test.java,io.github.classgraph.issues.issue420.Issue420Test,testScanningDirBackedByFileSystemWithPackageRoot,throws-declaration,"IOException, URISyntaxException",propagate,,
src/test/java/io/github/classgraph/issues/issue468/Issue468Test.java,io.github.classgraph.issues.issue468.Issue468Test,testPlusSigns,throws-declaration,Exception,propagate,,
src/test/java/io/github/classgraph/issues/issue468/Issue468Test.java,io.github.classgraph.issues.issue468.Issue468Test,testFileURIs,throws-declaration,Exception,propagate,,
src/test/java/io/github/classgraph/issues/issue495/Issue495Test.java,io.github.classgraph.issues.issue495.Issue495Test,testScalaTypeSignatures,throws-declaration,Exception,propagate,,
src/test/java/io/github/classgraph/issues/issue600/Issue600Test.java,io.github.classgraph.issues.issue600.Issue600Test,execute,throws-declaration,Throwable,propagate,,
src/test/java/io/github/classgraph/issues/issue600/Issue600Test.java,io.github.classgraph.issues.issue600.Issue600Test,consume,throws-declaration,IOException,propagate,,
src/test/java/io/github/classgraph/issues/issue600/Issue600Test.java,io.github.classgraph.issues.issue600.Issue600Test,execute,throws-declaration,Throwable,propagate,,
src/test/java/io/github/classgraph/test/ClassGraphTest.java,io.github.classgraph.test.ClassGraphTest,scanFilePattern,try-catch,IOException,wrap,,
src/test/java/io/github/classgraph/test/ClassGraphTest.java,io.github.classgraph.test.ClassGraphTest,accept,throws-declaration,IOException,propagate,,
src/test/java/io/github/classgraph/test/ClassGraphTest.java,io.github.classgraph.test.ClassGraphTest,scanStaticFinalFieldNameIgnoreVisibility,throws-declaration,Exception,propagate,,
src/test/java/nonapi/io/github/classgraph/classpath/ClasspathFinderTest.java,nonapi.io.github.classgraph.classpath.ClasspathFinderTest,testOverrideClasspathAndEnableSystemJars,throws-declaration,Exception,propagate,,
src/test/java/nonapi/io/github/classgraph/classpath/ClasspathFinderTest.java,nonapi.io.github.classgraph.classpath.ClasspathFinderTest,testOverrideClassLoaderAndEnableSystemJars,throws-declaration,Exception,propagate,,
src/test/java/nonapi/io/github/classgraph/classpath/ClasspathFinderTest.java,nonapi.io.github.classgraph.classpath.ClasspathFinderTest,testOverrideClasspathAndEnableSystemModules,throws-declaration,Exception,propagate,,
src/test/java/nonapi/io/github/classgraph/classpath/ClasspathFinderTest.java,nonapi.io.github.classgraph.classpath.ClasspathFinderTest,testOverrideClassLoaderAndEnableSystemModules,throws-declaration,Exception,propagate,,
src/test/java/nonapi/io/github/classgraph/json/JSONParserTest.java,nonapi.io.github.classgraph.json.JSONParserTest,test1,throws-declaration,ParseException,propagate,,
src/test/java/nonapi/io/github/classgraph/json/JSONParserTest.java,nonapi.io.github.classgraph.json.JSONParserTest,test2,throws-declaration,ParseException,propagate,,
src/test/perf/io/github/classgraph/InputStreamBenchmark.java,io.github.classgraph.InputStreamBenchmark,setUp,throws-declaration,IOException,propagate,,
src/test/perf/io/github/classgraph/InputStreamBenchmark.java,io.github.classgraph.InputStreamBenchmark,testFiles,throws-declaration,IOException,propagate,,
src/test/perf/io/github/classgraph/InputStreamBenchmark.java,io.github.classgraph.InputStreamBenchmark,testFileChannelViaRandomFile,throws-declaration,IOException,propagate,,
src/test/perf/io/github/classgraph/InputStreamBenchmark.java,io.github.classgraph.InputStreamBenchmark,testFileChannel,throws-declaration,IOException,propagate,,
src/test/perf/io/github/classgraph/InputStreamBenchmark.java,io.github.classgraph.InputStreamBenchmark,testFileInputStream,throws-declaration,IOException,propagate,,
src/test/perf/io/github/classgraph/InputStreamBenchmark.java,io.github.classgraph.InputStreamBenchmark,consume,throws-declaration,IOException,propagate,,
