Source path,Class name,Signature,Checksum,Description,Return value description,Technique 1,Technique 2,Technique 3,Inference time (ms),Input tokens,Output tokens
src/main/java/io/github/classgraph/AnnotationClassRef.java,io.github.classgraph.AnnotationClassRef,"io.github.classgraph.AnnotationClassRef{name=loadClass,return=java.lang.Class<Generic{?}>,parameters=[boolean]}",01d5751afe7e2b6086f2b65ce327ce9e97911306ca181e12f309b2d03ce47e9d,,,,,,0,457,0
src/main/java/io/github/classgraph/AnnotationClassRef.java,io.github.classgraph.AnnotationClassRef,"io.github.classgraph.AnnotationClassRef{name=loadClass,return=java.lang.Class<Generic{?}>,parameters=[]}",2b46b918b78d4fcf3f5b07a14282235a40ab8ad9efa70078bee71bd75e7a1c90,,,,,,0,296,0
src/main/java/io/github/classgraph/AnnotationEnumValue.java,io.github.classgraph.AnnotationEnumValue,"io.github.classgraph.AnnotationEnumValue{name=loadClassAndReturnEnumValue,return=java.lang.Object,parameters=[boolean]}",c394e804186b63f225bf6aae662c7f2d334d5a1aabc9db43dcc901ebeabba0e9,,,,,,0,560,0
src/main/java/io/github/classgraph/AnnotationEnumValue.java,io.github.classgraph.AnnotationEnumValue,"io.github.classgraph.AnnotationEnumValue{name=loadClassAndReturnEnumValue,return=java.lang.Object,parameters=[]}",9379c7f5f1bbfcd6ea71fc9cc314c04e92d535c9efa25f158a32c572d1b7c1cd,,,,,,0,328,0
src/main/java/io/github/classgraph/AnnotationEnumValue.java,io.github.classgraph.AnnotationEnumValue,"io.github.classgraph.AnnotationEnumValue{name=compareTo,return=int,parameters=[io.github.classgraph.AnnotationEnumValue]}",f81c265f5a83811db7813e35e5dcb1b73be636b31270c3ad880fa4ecc74e41a5,,,,,,0,289,0
src/main/java/io/github/classgraph/AnnotationInfo.java,io.github.classgraph.AnnotationInfo,"io.github.classgraph.AnnotationInfo{name=findReferencedClassInfo,return=void,parameters=[java.util.Map<java.lang.String, io.github.classgraph.ClassInfo>,java.util.Set<io.github.classgraph.ClassInfo>,nonapi.io.github.classgraph.utils.LogNode]}",29d92346a6a13f3c37ab3a909dbeb6df47692534287155d0b85cffe4e1999b31,,,,,,0,429,0
src/main/java/io/github/classgraph/AnnotationInfo.java,io.github.classgraph.AnnotationInfo,"io.github.classgraph.AnnotationInfo{name=loadClassAndInstantiate,return=java.lang.annotation.Annotation,parameters=[]}",af32613a59f4a08808c38bef5256373e3bcef13bf3fb939ba7cd3aa6ba9076ab,,,,,,0,722,0
src/main/java/io/github/classgraph/AnnotationInfo.java,io.github.classgraph.AnnotationInfo$AnnotationInvocationHandler,"io.github.classgraph.AnnotationInfo$AnnotationInvocationHandler{name=invoke,return=java.lang.Object,parameters=[java.lang.Object,java.lang.reflect.Method,java.lang.Object[]]}",f981523836a53692e8edcd0f76a4ccd14e21884369c3d3c39b688e151bf3976a,,,,,,0,1542,0
src/main/java/io/github/classgraph/AnnotationInfo.java,io.github.classgraph.AnnotationInfo,"io.github.classgraph.AnnotationInfo{name=convertWrapperArraysToPrimitiveArrays,return=void,parameters=[]}",c7858bb4b5bb9eb41fd2d911a959bfda1f0ff5d5e637f27f03076309b81d90f9,,,,,,0,271,0
src/main/java/io/github/classgraph/AnnotationInfo.java,io.github.classgraph.AnnotationInfo,"io.github.classgraph.AnnotationInfo{name=compareTo,return=int,parameters=[io.github.classgraph.AnnotationInfo]}",d354734dcf93e30aa5a7befeb7043b89f8d63fb4f646e3db7dadeeaeadec63be,,,,,,0,475,0
src/main/java/io/github/classgraph/AnnotationInfoList.java,io.github.classgraph.AnnotationInfoList,"io.github.classgraph.AnnotationInfoList{name=emptyList,return=io.github.classgraph.AnnotationInfoList,parameters=[]}",7197c3b8d4dbe1fba9e6e544afc8ef78f47c536477dabf167d2684fa4ef145a8,,,,,,0,269,0
src/main/java/io/github/classgraph/AnnotationInfoList.java,io.github.classgraph.AnnotationInfoList$AnnotationInfoFilter,"io.github.classgraph.AnnotationInfoList$AnnotationInfoFilter{name=accept,return=boolean,parameters=[io.github.classgraph.AnnotationInfo]}",7d58ca5f431ab2a458df04ed2a388d3b581b659dee5440fec786b225abf6f90d,,,,,,0,308,0
src/main/java/io/github/classgraph/AnnotationInfoList.java,io.github.classgraph.AnnotationInfoList,"io.github.classgraph.AnnotationInfoList{name=filter,return=io.github.classgraph.AnnotationInfoList,parameters=[io.github.classgraph.AnnotationInfoList$AnnotationInfoFilter]}",2ae1d2330d24e00c6a8fb7709cc1f2b6a3132e1ca312db14e64753a3374c26e2,,,,,,0,384,0
src/main/java/io/github/classgraph/AnnotationInfoList.java,io.github.classgraph.AnnotationInfoList,"io.github.classgraph.AnnotationInfoList{name=findReferencedClassInfo,return=void,parameters=[java.util.Map<java.lang.String, io.github.classgraph.ClassInfo>,java.util.Set<io.github.classgraph.ClassInfo>,nonapi.io.github.classgraph.utils.LogNode]}",68a76685e817854c2ff3f27fe8f9a564eeda35401e0cfc20f6530eea267aeb13,,,,,,0,391,0
src/main/java/io/github/classgraph/AnnotationInfoList.java,io.github.classgraph.AnnotationInfoList,"io.github.classgraph.AnnotationInfoList{name=handleRepeatableAnnotations,return=void,parameters=[java.util.Set<java.lang.String>,io.github.classgraph.ClassInfo,io.github.classgraph.ClassInfo$RelType,io.github.classgraph.ClassInfo$RelType,io.github.classgraph.ClassInfo$RelType]}",99a2e62c113b860e0225d0cb43e335fffccd8370cbb9d4910365724b50ab089e,,,,,,0,806,0
src/main/java/io/github/classgraph/AnnotationInfoList.java,io.github.classgraph.AnnotationInfoList,"io.github.classgraph.AnnotationInfoList{name=directOnly,return=io.github.classgraph.AnnotationInfoList,parameters=[]}",1f7a81e465e6245202df1fef6e0062cdd7848d4371e13c55f749c945a86d3bc3,,,,,,0,424,0
src/main/java/io/github/classgraph/AnnotationParameterValue.java,io.github.classgraph.AnnotationParameterValue,"io.github.classgraph.AnnotationParameterValue{name=findReferencedClassInfo,return=void,parameters=[java.util.Map<java.lang.String, io.github.classgraph.ClassInfo>,java.util.Set<io.github.classgraph.ClassInfo>,nonapi.io.github.classgraph.utils.LogNode]}",2e35f60a3c0bece7a0378bbe749a73aa3a74d8845410aa577e224a58848bd523,,,,,,0,370,0
src/main/java/io/github/classgraph/AnnotationParameterValue.java,io.github.classgraph.AnnotationParameterValue,"io.github.classgraph.AnnotationParameterValue{name=convertWrapperArraysToPrimitiveArrays,return=void,parameters=[io.github.classgraph.ClassInfo]}",221b23fe49da899c7e2e1f15ebba346bcc1ef98ee4a42044b571db3eea2bab13,,,,,,0,338,0
src/main/java/io/github/classgraph/AnnotationParameterValue.java,io.github.classgraph.AnnotationParameterValue,"io.github.classgraph.AnnotationParameterValue{name=instantiate,return=java.lang.Object,parameters=[io.github.classgraph.ClassInfo]}",10dcc3f460afa8cc332f5394f746d9043d4aed8f4944b27fb58e5e6d52d78444,,,,,,0,289,0
src/main/java/io/github/classgraph/AnnotationParameterValue.java,io.github.classgraph.AnnotationParameterValue,"io.github.classgraph.AnnotationParameterValue{name=compareTo,return=int,parameters=[io.github.classgraph.AnnotationParameterValue]}",18f4a22d2a7492c4fdbe7ad3439c1862287bbf31cb3496631fd0a4d8256c779e,,,,,,0,433,0
src/main/java/io/github/classgraph/AnnotationParameterValue.java,io.github.classgraph.AnnotationParameterValue,"io.github.classgraph.AnnotationParameterValue{name=toStringParamValueOnly,return=void,parameters=[boolean,java.lang.StringBuilder]}",fcf32daba9d34fca3f9b434d262035fa127eb8d38ca728f7534387b5c2182c32,,,,,,0,501,0
src/main/java/io/github/classgraph/AnnotationParameterValueList.java,io.github.classgraph.AnnotationParameterValueList,"io.github.classgraph.AnnotationParameterValueList{name=emptyList,return=io.github.classgraph.AnnotationParameterValueList,parameters=[]}",f540682220e832a96610a83877be29f08dff1c43465799ce6cf88e7d94277ff1,,,,,,0,269,0
src/main/java/io/github/classgraph/AnnotationParameterValueList.java,io.github.classgraph.AnnotationParameterValueList,"io.github.classgraph.AnnotationParameterValueList{name=findReferencedClassInfo,return=void,parameters=[java.util.Map<java.lang.String, io.github.classgraph.ClassInfo>,java.util.Set<io.github.classgraph.ClassInfo>,nonapi.io.github.classgraph.utils.LogNode]}",e4d4abfadc3683cd927bc0afb22f33da8fb8ba24939ad6a2f14e94b704c3571f,,,,,,0,396,0
src/main/java/io/github/classgraph/AnnotationParameterValueList.java,io.github.classgraph.AnnotationParameterValueList,"io.github.classgraph.AnnotationParameterValueList{name=convertWrapperArraysToPrimitiveArrays,return=void,parameters=[io.github.classgraph.ClassInfo]}",cf1f260e490f336b1d32a153128d4145cd69900d2d36f8e72ed23adc57bc86e0,,,,,,0,348,0
src/main/java/io/github/classgraph/ArrayClassInfo.java,io.github.classgraph.ArrayClassInfo,"io.github.classgraph.ArrayClassInfo{name=loadElementClass,return=java.lang.Class<Generic{?}>,parameters=[boolean]}",27aeff0d3ba4263d5a3fb9fa4dcec0d8882368e5110ac3995e01edd7be1fec9a,,,,,,0,334,0
src/main/java/io/github/classgraph/ArrayClassInfo.java,io.github.classgraph.ArrayClassInfo,"io.github.classgraph.ArrayClassInfo{name=loadElementClass,return=java.lang.Class<Generic{?}>,parameters=[]}",8a749767b62844440ec0c64dead5f659a00c223a4fa46579df96ca7f94177a05,,,,,,0,309,0
src/main/java/io/github/classgraph/ArrayClassInfo.java,io.github.classgraph.ArrayClassInfo,"io.github.classgraph.ArrayClassInfo{name=loadClass,return=java.lang.Class<Generic{?}>,parameters=[boolean]}",8125aea50aa69e6fea2d6df7c8c1b1fbf27612186e5bcce57c4592ed8dcfd9b1,,,,,,0,387,0
src/main/java/io/github/classgraph/ArrayClassInfo.java,io.github.classgraph.ArrayClassInfo,"io.github.classgraph.ArrayClassInfo{name=loadClass,return=java.lang.Class<Generic{?}>,parameters=[]}",f296712e1ed3e84883249a08f4eb88b3b0916afe81dc124bab68fb5ee47d6257,,,,,,0,340,0
src/main/java/io/github/classgraph/ArrayClassInfo.java,io.github.classgraph.ArrayClassInfo,"io.github.classgraph.ArrayClassInfo{name=findReferencedClassInfo,return=void,parameters=[java.util.Map<java.lang.String, io.github.classgraph.ClassInfo>,java.util.Set<io.github.classgraph.ClassInfo>,nonapi.io.github.classgraph.utils.LogNode]}",6d7abdaf7a065052f89b33426901cf5111c640d7f4d53a13fc2e95f5cea26620,,,,,,0,357,0
src/main/java/io/github/classgraph/ArrayTypeSignature.java,io.github.classgraph.ArrayTypeSignature,"io.github.classgraph.ArrayTypeSignature{name=addTypeAnnotation,return=void,parameters=[java.util.List<io.github.classgraph.Classfile$TypePathNode>,io.github.classgraph.AnnotationInfo]}",60227a83dfe5c7d11f044790e5de51a8ae04c5c62a903078de3584fb5b091a39,,,,,,0,361,0
src/main/java/io/github/classgraph/ArrayTypeSignature.java,io.github.classgraph.ArrayTypeSignature,"io.github.classgraph.ArrayTypeSignature{name=findReferencedClassNames,return=void,parameters=[java.util.Set<java.lang.String>]}",9c24e737aad5c1253421088757aa6f4b01fc39cdbe3a5923b81b9c246709ed5b,,,,,,0,289,0
src/main/java/io/github/classgraph/ArrayTypeSignature.java,io.github.classgraph.ArrayTypeSignature,"io.github.classgraph.ArrayTypeSignature{name=loadElementClass,return=java.lang.Class<Generic{?}>,parameters=[boolean]}",2d3a593ce8ff3b0954a02944d5f0057d3abd80dd6ad9da9b72eb054ba64f1202,,,,,,0,518,0
src/main/java/io/github/classgraph/ArrayTypeSignature.java,io.github.classgraph.ArrayTypeSignature,"io.github.classgraph.ArrayTypeSignature{name=loadElementClass,return=java.lang.Class<Generic{?}>,parameters=[]}",6bfd0708b7aba2c04f8e33c9ee9e78425864086d67627c052b4ce4e0e5ead941,,,,,,0,308,0
src/main/java/io/github/classgraph/ArrayTypeSignature.java,io.github.classgraph.ArrayTypeSignature,"io.github.classgraph.ArrayTypeSignature{name=loadClass,return=java.lang.Class<Generic{?}>,parameters=[boolean]}",e2e91ba21a908f92edca346a44ffdfb4a28e2d3253e5688a9bd8699e78e3ef63,,,,,,0,521,0
src/main/java/io/github/classgraph/ArrayTypeSignature.java,io.github.classgraph.ArrayTypeSignature,"io.github.classgraph.ArrayTypeSignature{name=loadClass,return=java.lang.Class<Generic{?}>,parameters=[]}",47c91ad72a6388dc0b48fdd7dffa0d33f12ca326944eca449e184e81507ec029,,,,,,0,316,0
src/main/java/io/github/classgraph/ArrayTypeSignature.java,io.github.classgraph.ArrayTypeSignature,"io.github.classgraph.ArrayTypeSignature{name=equalsIgnoringTypeParams,return=boolean,parameters=[io.github.classgraph.TypeSignature]}",d713e3404c178e1e736781ef276e4e6aaeb90ff767ec03231b06e8ca2ea01c7c,,,,,,0,334,0
src/main/java/io/github/classgraph/ArrayTypeSignature.java,io.github.classgraph.ArrayTypeSignature,"io.github.classgraph.ArrayTypeSignature{name=toStringInternal,return=void,parameters=[boolean,io.github.classgraph.AnnotationInfoList,java.lang.StringBuilder]}",e928f7f2b5f0de0d2f3ea3b63cdf45c72d3a67c64f28721c89faca04f9e1a889,,,,,,0,450,0
src/main/java/io/github/classgraph/ArrayTypeSignature.java,io.github.classgraph.ArrayTypeSignature,"io.github.classgraph.ArrayTypeSignature{name=parse,return=io.github.classgraph.ArrayTypeSignature,parameters=[nonapi.io.github.classgraph.types.Parser,java.lang.String]}",6469e9dcbfd641a51bee66a798a1fedbd5174a38ffeae7cf82ccc98c6d09672d,,,,,,0,461,0
src/main/java/io/github/classgraph/BaseTypeSignature.java,io.github.classgraph.BaseTypeSignature,"io.github.classgraph.BaseTypeSignature{name=addTypeAnnotation,return=void,parameters=[java.util.List<io.github.classgraph.Classfile$TypePathNode>,io.github.classgraph.AnnotationInfo]}",517a5239ca8233bf323b3b280a0348088a8832306b3930eb72a856ab56adfc2f,,,,,,0,272,0
src/main/java/io/github/classgraph/BaseTypeSignature.java,io.github.classgraph.BaseTypeSignature,"io.github.classgraph.BaseTypeSignature{name=loadClass,return=java.lang.Class<Generic{?}>,parameters=[]}",c021810a62a0c0933313ca4741820dcc2e8787292689d3873b031817c196e429,,,,,,0,259,0
src/main/java/io/github/classgraph/BaseTypeSignature.java,io.github.classgraph.BaseTypeSignature,"io.github.classgraph.BaseTypeSignature{name=loadClass,return=java.lang.Class<Generic{T}>,parameters=[java.lang.Class<Generic{T}>]}",517c2a34eaeecb61721ce56a691b34a0fc8b3d7d11512cffa95701913a1d45d7,,,,,,0,340,0
src/main/java/io/github/classgraph/BaseTypeSignature.java,io.github.classgraph.BaseTypeSignature,"io.github.classgraph.BaseTypeSignature{name=parse,return=io.github.classgraph.BaseTypeSignature,parameters=[nonapi.io.github.classgraph.types.Parser]}",b9d13fb00c2279fe2142b0e20a6f4fb17e3c9f320ce1cb63f7027c7249f8edf8,,,,,,0,446,0
src/main/java/io/github/classgraph/BaseTypeSignature.java,io.github.classgraph.BaseTypeSignature,"io.github.classgraph.BaseTypeSignature{name=findReferencedClassNames,return=void,parameters=[java.util.Set<java.lang.String>]}",1b38c056323826f045199d5a36cc449f010fb53af518943cb54e9c411401000f,,,,,,0,287,0
src/main/java/io/github/classgraph/BaseTypeSignature.java,io.github.classgraph.BaseTypeSignature,"io.github.classgraph.BaseTypeSignature{name=equalsIgnoringTypeParams,return=boolean,parameters=[io.github.classgraph.TypeSignature]}",4783cc12b389a8549b8d96949c7e89c04aed882f8517d2fa50fe7982ea98919f,,,,,,0,308,0
src/main/java/io/github/classgraph/BaseTypeSignature.java,io.github.classgraph.BaseTypeSignature,"io.github.classgraph.BaseTypeSignature{name=toStringInternal,return=void,parameters=[boolean,io.github.classgraph.AnnotationInfoList,java.lang.StringBuilder]}",47b0d0323440f5de32ae745044838d8e71a8b94ba69d583d05a7ab0eacd7ade0,,,,,,0,335,0
src/main/java/io/github/classgraph/ClassGraph.java,io.github.classgraph.ClassGraph,"io.github.classgraph.ClassGraph{name=verbose,return=io.github.classgraph.ClassGraph,parameters=[]}",5e4828a4f7da89317db5855453f761af6217042b553fd1b10e77b9f2013337ec,,,,,,0,293,0
src/main/java/io/github/classgraph/ClassGraph.java,io.github.classgraph.ClassGraph,"io.github.classgraph.ClassGraph{name=verbose,return=io.github.classgraph.ClassGraph,parameters=[boolean]}",04fa28a759caf883df58c58a18e1b46b5e48ce16818dfb8ed3465e1c1029483f,,,,,,0,291,0
src/main/java/io/github/classgraph/ClassGraph.java,io.github.classgraph.ClassGraph,"io.github.classgraph.ClassGraph{name=enableAllInfo,return=io.github.classgraph.ClassGraph,parameters=[]}",156b733c5debceebd8c33db515e056e1de782ca33338a453c7e0c8a272a49c71,,,,,,0,416,0
src/main/java/io/github/classgraph/ClassGraph.java,io.github.classgraph.ClassGraph,"io.github.classgraph.ClassGraph{name=enableClassInfo,return=io.github.classgraph.ClassGraph,parameters=[]}",c7d813a6748cbd7e40a6efcd084abcc163e0f4374e3c2cd4f847e442b9cca482,,,,,,0,310,0
src/main/java/io/github/classgraph/ClassGraph.java,io.github.classgraph.ClassGraph,"io.github.classgraph.ClassGraph{name=ignoreClassVisibility,return=io.github.classgraph.ClassGraph,parameters=[]}",09322c061f29d087aa646f29c4f49b1269e6bf06f6a396c79284c447c064de4d,,,,,,0,320,0
src/main/java/io/github/classgraph/ClassGraph.java,io.github.classgraph.ClassGraph,"io.github.classgraph.ClassGraph{name=enableMethodInfo,return=io.github.classgraph.ClassGraph,parameters=[]}",27cce43792c1089f93e8eb76f00dc424892b93e9ea2ae2cc277515f7ab840a44,,,,,,0,335,0
src/main/java/io/github/classgraph/ClassGraph.java,io.github.classgraph.ClassGraph,"io.github.classgraph.ClassGraph{name=ignoreMethodVisibility,return=io.github.classgraph.ClassGraph,parameters=[]}",d31da22fd80b80074826a05dcca7267ca97906d4a47e4ed347d200a9494ada9a,,,,,,0,334,0
src/main/java/io/github/classgraph/ClassGraph.java,io.github.classgraph.ClassGraph,"io.github.classgraph.ClassGraph{name=enableFieldInfo,return=io.github.classgraph.ClassGraph,parameters=[]}",268465353e88692b193dff5da3b8c0c8f08d9afc170d668ea45a96807a0c43eb,,,,,,0,337,0
src/main/java/io/github/classgraph/ClassGraph.java,io.github.classgraph.ClassGraph,"io.github.classgraph.ClassGraph{name=ignoreFieldVisibility,return=io.github.classgraph.ClassGraph,parameters=[]}",c2b564485b76979060c2504dd75573e3cf1e6793f6576e076ced3de6346dd52b,,,,,,0,335,0
src/main/java/io/github/classgraph/ClassGraph.java,io.github.classgraph.ClassGraph,"io.github.classgraph.ClassGraph{name=enableStaticFinalFieldConstantInitializerValues,return=io.github.classgraph.ClassGraph,parameters=[]}",2427f2531d19eaf98c494b677bb880bb9bcc0756d2187a996ed365b1519cd50b,,,,,,0,658,0
src/main/java/io/github/classgraph/ClassGraph.java,io.github.classgraph.ClassGraph,"io.github.classgraph.ClassGraph{name=enableAnnotationInfo,return=io.github.classgraph.ClassGraph,parameters=[]}",0b8316f6c36f07ad73f553f0b765040756b5476c8f4c76525ac5e9ed8f41e337,,,,,,0,384,0
src/main/java/io/github/classgraph/ClassGraph.java,io.github.classgraph.ClassGraph,"io.github.classgraph.ClassGraph{name=enableInterClassDependencies,return=io.github.classgraph.ClassGraph,parameters=[]}",2fa24fdd0e9d46fbff535a729bcd364a18ce5920b38e47fed36408afa118a762,,,,,,0,429,0
src/main/java/io/github/classgraph/ClassGraph.java,io.github.classgraph.ClassGraph,"io.github.classgraph.ClassGraph{name=disableRuntimeInvisibleAnnotations,return=io.github.classgraph.ClassGraph,parameters=[]}",414b970881fef2166c18a1f563e6032f507a462c9affb5a9f659a3d81f80dbdd,,,,,,0,318,0
src/main/java/io/github/classgraph/ClassGraph.java,io.github.classgraph.ClassGraph,"io.github.classgraph.ClassGraph{name=disableJarScanning,return=io.github.classgraph.ClassGraph,parameters=[]}",91c9e0ba65657ddffc4b5beeab40ae0a2f14fe4e0b2426361e4e79f58b811ba3,,,,,,0,286,0
src/main/java/io/github/classgraph/ClassGraph.java,io.github.classgraph.ClassGraph,"io.github.classgraph.ClassGraph{name=disableNestedJarScanning,return=io.github.classgraph.ClassGraph,parameters=[]}",67fcc30b9fa69d1ec4c5b61ce45382fe5c9e79e53f5b4e3937b41294b61249a7,,,,,,0,291,0
src/main/java/io/github/classgraph/ClassGraph.java,io.github.classgraph.ClassGraph,"io.github.classgraph.ClassGraph{name=disableDirScanning,return=io.github.classgraph.ClassGraph,parameters=[]}",23ba845a387ea838ee3ee6e5e3c98f399f4a191d82ff6648b86d2a98b5d76eaa,,,,,,0,280,0
src/main/java/io/github/classgraph/ClassGraph.java,io.github.classgraph.ClassGraph,"io.github.classgraph.ClassGraph{name=disableModuleScanning,return=io.github.classgraph.ClassGraph,parameters=[]}",d2d930a34c9bf143fb712b5944adf5be4df68a594c229de5e0dec299f2132798,,,,,,0,280,0
src/main/java/io/github/classgraph/ClassGraph.java,io.github.classgraph.ClassGraph,"io.github.classgraph.ClassGraph{name=enableExternalClasses,return=io.github.classgraph.ClassGraph,parameters=[]}",120e8e7ee46d762626611b3b632dc297398c761657bf9005894f1e184918dfc5,,,,,,0,333,0
src/main/java/io/github/classgraph/ClassGraph.java,io.github.classgraph.ClassGraph,"io.github.classgraph.ClassGraph{name=initializeLoadedClasses,return=io.github.classgraph.ClassGraph,parameters=[]}",147ad0a10bfc48c9a781df4fe687fdcd2f007d9936ce64dcc447c2ce0b41e70b,,,,,,0,311,0
src/main/java/io/github/classgraph/ClassGraph.java,io.github.classgraph.ClassGraph,"io.github.classgraph.ClassGraph{name=removeTemporaryFilesAfterScan,return=io.github.classgraph.ClassGraph,parameters=[]}",1f3f5b6714df64c59ee759af47779fc8e714882baed5ccafa66701f666844078,,,,,,0,353,0
src/main/java/io/github/classgraph/ClassGraph.java,io.github.classgraph.ClassGraph,"io.github.classgraph.ClassGraph{name=overrideClasspath,return=io.github.classgraph.ClassGraph,parameters=[java.lang.String]}",e8818398b016e727ff050ff57446aa4fba132396a699a55d768bf1f3c49ce599,,,,,,0,469,0
src/main/java/io/github/classgraph/ClassGraph.java,io.github.classgraph.ClassGraph,"io.github.classgraph.ClassGraph{name=overrideClasspath,return=io.github.classgraph.ClassGraph,parameters=[java.lang.Iterable<Generic{?}>]}",d752f0e7d5642bdf4df7396b1445969cf4dc8618de8f0e93f1466e7677e9d96a,,,,,,0,431,0
src/main/java/io/github/classgraph/ClassGraph.java,io.github.classgraph.ClassGraph,"io.github.classgraph.ClassGraph{name=overrideClasspath,return=io.github.classgraph.ClassGraph,parameters=[java.lang.Object[]]}",5182e2ca1d76331cb776ef5c6d2a44f5ef4c7fd4f09cb0784839d50b284f537d,,,,,,0,431,0
src/main/java/io/github/classgraph/ClassGraph.java,io.github.classgraph.ClassGraph$ClasspathElementFilter,"io.github.classgraph.ClassGraph$ClasspathElementFilter{name=includeClasspathElement,return=boolean,parameters=[java.lang.String]}",2058e682d16d9ff163dfe2b42112f8825d69c9e365ed65e026aa423f365ef8f3,,,,,,0,369,0
src/main/java/io/github/classgraph/ClassGraph.java,io.github.classgraph.ClassGraph$ClasspathElementURLFilter,"io.github.classgraph.ClassGraph$ClasspathElementURLFilter{name=includeClasspathElement,return=boolean,parameters=[java.net.URL]}",da4d0f7073450e566b234b8546c5796b3e628a6605e7d419962276c46ba0a72a,,,,,,0,286,0
src/main/java/io/github/classgraph/ClassGraph.java,io.github.classgraph.ClassGraph,"io.github.classgraph.ClassGraph{name=filterClasspathElements,return=io.github.classgraph.ClassGraph,parameters=[io.github.classgraph.ClassGraph$ClasspathElementFilter]}",4f94b9181ffbc42c393cb25f25cb61fdf4f1b5c3595cdb14d38e22113e167305,,,,,,0,372,0
src/main/java/io/github/classgraph/ClassGraph.java,io.github.classgraph.ClassGraph,"io.github.classgraph.ClassGraph{name=filterClasspathElementsByURL,return=io.github.classgraph.ClassGraph,parameters=[io.github.classgraph.ClassGraph$ClasspathElementURLFilter]}",027bdd63a463b5513dbbefa43f5b67ee2d92c2c87ffb46fa3c69f12f3658129f,,,,,,0,381,0
src/main/java/io/github/classgraph/ClassGraph.java,io.github.classgraph.ClassGraph,"io.github.classgraph.ClassGraph{name=addClassLoader,return=io.github.classgraph.ClassGraph,parameters=[java.lang.ClassLoader]}",f020fcbebf9fcdfbafeb79205026267a2bcf6bc54286ff70dd095ff1cd2076f4,,,,,,0,353,0
src/main/java/io/github/classgraph/ClassGraph.java,io.github.classgraph.ClassGraph,"io.github.classgraph.ClassGraph{name=overrideClassLoaders,return=io.github.classgraph.ClassGraph,parameters=[java.lang.ClassLoader[]]}",9b1fdeaac11909bb5491bccee1f7853db00e40207e727f910c3d4fb42400cd99,,,,,,0,416,0
src/main/java/io/github/classgraph/ClassGraph.java,io.github.classgraph.ClassGraph,"io.github.classgraph.ClassGraph{name=ignoreParentClassLoaders,return=io.github.classgraph.ClassGraph,parameters=[]}",eb8341760e3b368f5d3584b895472fd65ab6d0434746553cd00ea1c12daff4b7,,,,,,0,307,0
src/main/java/io/github/classgraph/ClassGraph.java,io.github.classgraph.ClassGraph,"io.github.classgraph.ClassGraph{name=addModuleLayer,return=io.github.classgraph.ClassGraph,parameters=[java.lang.Object]}",e652a3c45211c7aad31b310d04b99f947a8c2109a601aa19f2ade3101aceca6d,,,,,,0,394,0
src/main/java/io/github/classgraph/ClassGraph.java,io.github.classgraph.ClassGraph,"io.github.classgraph.ClassGraph{name=overrideModuleLayers,return=io.github.classgraph.ClassGraph,parameters=[java.lang.Object[]]}",e814d7140e3152adf6b1c594733ba86d578728443d547d7c585fa50a3e98ffde,,,,,,0,381,0
src/main/java/io/github/classgraph/ClassGraph.java,io.github.classgraph.ClassGraph,"io.github.classgraph.ClassGraph{name=ignoreParentModuleLayers,return=io.github.classgraph.ClassGraph,parameters=[]}",ba828569952a7dfead9ebf87afe7f1945c0b9220a069e9e8cb7ba2676799f1d4,,,,,,0,297,0
src/main/java/io/github/classgraph/ClassGraph.java,io.github.classgraph.ClassGraph,"io.github.classgraph.ClassGraph{name=acceptPackages,return=io.github.classgraph.ClassGraph,parameters=[java.lang.String[]]}",7f02c47e9799f85dfb8e70fb56aa3b2131cc63a611a90806dcf3235f427f8a3b,,,,,,0,581,0
src/main/java/io/github/classgraph/ClassGraph.java,io.github.classgraph.ClassGraph,"io.github.classgraph.ClassGraph{name=whitelistPackages,return=io.github.classgraph.ClassGraph,parameters=[java.lang.String[]]}",c59a916a719f8c4426b282c3f915c5d7cc140fa727add4950d6809cf320ef6ee,,,,,,0,324,0
src/main/java/io/github/classgraph/ClassGraph.java,io.github.classgraph.ClassGraph,"io.github.classgraph.ClassGraph{name=acceptPaths,return=io.github.classgraph.ClassGraph,parameters=[java.lang.String[]]}",c1c5b4c54ffaafc1502941e4021a757f2dd28e4dc9fb3420a849c8cf829cf5ef,,,,,,0,539,0
src/main/java/io/github/classgraph/ClassGraph.java,io.github.classgraph.ClassGraph,"io.github.classgraph.ClassGraph{name=whitelistPaths,return=io.github.classgraph.ClassGraph,parameters=[java.lang.String[]]}",a9a73c2d0b550a03baa76afcdc4ad1bbca667628558a0ebc41336f10b284dcc9,,,,,,0,327,0
src/main/java/io/github/classgraph/ClassGraph.java,io.github.classgraph.ClassGraph,"io.github.classgraph.ClassGraph{name=acceptPackagesNonRecursive,return=io.github.classgraph.ClassGraph,parameters=[java.lang.String[]]}",c35e544bcd4007b7de51b3c59f5ab8c4e506ac2442617f7d6784c241fcd04544,,,,,,0,560,0
src/main/java/io/github/classgraph/ClassGraph.java,io.github.classgraph.ClassGraph,"io.github.classgraph.ClassGraph{name=whitelistPackagesNonRecursive,return=io.github.classgraph.ClassGraph,parameters=[java.lang.String[]]}",c64e5b24623a13b4a2a5931bf6957714c4294356e100344d2e3912b9755ef8c0,,,,,,0,333,0
src/main/java/io/github/classgraph/ClassGraph.java,io.github.classgraph.ClassGraph,"io.github.classgraph.ClassGraph{name=acceptPathsNonRecursive,return=io.github.classgraph.ClassGraph,parameters=[java.lang.String[]]}",648a4fa008c035d66a5e811cb5e26290259232c2d1d1ab485b38796c0184d967,,,,,,0,514,0
src/main/java/io/github/classgraph/ClassGraph.java,io.github.classgraph.ClassGraph,"io.github.classgraph.ClassGraph{name=whitelistPathsNonRecursive,return=io.github.classgraph.ClassGraph,parameters=[java.lang.String[]]}",9d73cba1b473783262d1aa07b13375ec041d1187a7b7529996a830cb093d4974,,,,,,0,336,0
src/main/java/io/github/classgraph/ClassGraph.java,io.github.classgraph.ClassGraph,"io.github.classgraph.ClassGraph{name=rejectPackages,return=io.github.classgraph.ClassGraph,parameters=[java.lang.String[]]}",441ad236630795e79967302cf31be2f2befd7f50747e019968e6f8fb02777d9a,,,,,,0,579,0
src/main/java/io/github/classgraph/ClassGraph.java,io.github.classgraph.ClassGraph,"io.github.classgraph.ClassGraph{name=blacklistPackages,return=io.github.classgraph.ClassGraph,parameters=[java.lang.String[]]}",8e2c4225ed4a794c2cf5d24ffc876e6395f38aa9729c6787e11a7d55aedad32a,,,,,,0,324,0
src/main/java/io/github/classgraph/ClassGraph.java,io.github.classgraph.ClassGraph,"io.github.classgraph.ClassGraph{name=rejectPaths,return=io.github.classgraph.ClassGraph,parameters=[java.lang.String[]]}",a00dae403e19b200a1dd125a76b762e733f8d852c92681dbc19c647c1622793f,,,,,,0,521,0
src/main/java/io/github/classgraph/ClassGraph.java,io.github.classgraph.ClassGraph,"io.github.classgraph.ClassGraph{name=blacklistPaths,return=io.github.classgraph.ClassGraph,parameters=[java.lang.String[]]}",40038a61a79540af718794d1d3abd7f448534bd8dc419aa4aaa834a95b69007a,,,,,,0,313,0
src/main/java/io/github/classgraph/ClassGraph.java,io.github.classgraph.ClassGraph,"io.github.classgraph.ClassGraph{name=acceptClasses,return=io.github.classgraph.ClassGraph,parameters=[java.lang.String[]]}",3ad03711d46a2626540d8733b29dae2f698e8af707823e34009aee3f83d51e12,,,,,,0,554,0
src/main/java/io/github/classgraph/ClassGraph.java,io.github.classgraph.ClassGraph,"io.github.classgraph.ClassGraph{name=whitelistClasses,return=io.github.classgraph.ClassGraph,parameters=[java.lang.String[]]}",255c8b4aea1e4571151342df0eea6c35159805034f1df47e1513fee0d9bb8178,,,,,,0,308,0
src/main/java/io/github/classgraph/ClassGraph.java,io.github.classgraph.ClassGraph,"io.github.classgraph.ClassGraph{name=rejectClasses,return=io.github.classgraph.ClassGraph,parameters=[java.lang.String[]]}",9ee5be7e832199ff2febad2d717a2fc373d78ddb5e9d3c3032290a6e29ebfc2e,,,,,,0,462,0
src/main/java/io/github/classgraph/ClassGraph.java,io.github.classgraph.ClassGraph,"io.github.classgraph.ClassGraph{name=blacklistClasses,return=io.github.classgraph.ClassGraph,parameters=[java.lang.String[]]}",f23c5a21b17bdec0638dd1836a167cd557d75c2a52ba88f8ca2b47dd56b83772,,,,,,0,308,0
src/main/java/io/github/classgraph/ClassGraph.java,io.github.classgraph.ClassGraph,"io.github.classgraph.ClassGraph{name=acceptJars,return=io.github.classgraph.ClassGraph,parameters=[java.lang.String[]]}",6e975cb14fbc5c23b5e61d9cfbbd315692c33a5f42bf6f9262b6f53677731768,,,,,,0,444,0
src/main/java/io/github/classgraph/ClassGraph.java,io.github.classgraph.ClassGraph,"io.github.classgraph.ClassGraph{name=whitelistJars,return=io.github.classgraph.ClassGraph,parameters=[java.lang.String[]]}",1669e09cb2a27968707a711537ece04b2787aa0896aaaf0fe8d98504580a2c85,,,,,,0,343,0
src/main/java/io/github/classgraph/ClassGraph.java,io.github.classgraph.ClassGraph,"io.github.classgraph.ClassGraph{name=rejectJars,return=io.github.classgraph.ClassGraph,parameters=[java.lang.String[]]}",adb6823df821c6ba09e1d04a20629c28a82a65f716a2297269c0855ecfed51e9,,,,,,0,439,0
src/main/java/io/github/classgraph/ClassGraph.java,io.github.classgraph.ClassGraph,"io.github.classgraph.ClassGraph{name=blacklistJars,return=io.github.classgraph.ClassGraph,parameters=[java.lang.String[]]}",0168c77867fd0f749ce47bb9b786ab95a51e0f524f062d949bca366db7233572,,,,,,0,343,0
src/main/java/io/github/classgraph/ClassGraph.java,io.github.classgraph.ClassGraph,"io.github.classgraph.ClassGraph{name=acceptLibOrExtJars,return=io.github.classgraph.ClassGraph,parameters=[java.lang.String[]]}",5fdad584371fcee34817101b0f4ff9fa2b9859505c9ff36cb8038baff02defcb,,,,,,0,408,0
src/main/java/io/github/classgraph/ClassGraph.java,io.github.classgraph.ClassGraph,"io.github.classgraph.ClassGraph{name=whitelistLibOrExtJars,return=io.github.classgraph.ClassGraph,parameters=[java.lang.String[]]}",4e1162d1dba95d7537b533008d75a23e353e249bf26aaa6565d2aab95f7b8f13,,,,,,0,384,0
src/main/java/io/github/classgraph/ClassGraph.java,io.github.classgraph.ClassGraph,"io.github.classgraph.ClassGraph{name=rejectLibOrExtJars,return=io.github.classgraph.ClassGraph,parameters=[java.lang.String[]]}",b894c1d093939e207300048666baa3d4876911bcc6ed471701d5ea6c741de12b,,,,,,0,392,0
src/main/java/io/github/classgraph/ClassGraph.java,io.github.classgraph.ClassGraph,"io.github.classgraph.ClassGraph{name=blacklistLibOrExtJars,return=io.github.classgraph.ClassGraph,parameters=[java.lang.String[]]}",fc310a5d93d9a847c92b8bcc3e9f0323788f22ef3bcdf2e4aefe2e9be0622c98,,,,,,0,392,0
src/main/java/io/github/classgraph/ClassGraph.java,io.github.classgraph.ClassGraph,"io.github.classgraph.ClassGraph{name=acceptModules,return=io.github.classgraph.ClassGraph,parameters=[java.lang.String[]]}",b92298372c28de9e8d2c7a3cd6043114f02ffde16ef9f3c4adc856282c68e1a9,,,,,,0,368,0
src/main/java/io/github/classgraph/ClassGraph.java,io.github.classgraph.ClassGraph,"io.github.classgraph.ClassGraph{name=whitelistModules,return=io.github.classgraph.ClassGraph,parameters=[java.lang.String[]]}",47568c21bdeb9c7861920999d6c2eb30f923fe246be2cc7007276fbd15e22156,,,,,,0,315,0
src/main/java/io/github/classgraph/ClassGraph.java,io.github.classgraph.ClassGraph,"io.github.classgraph.ClassGraph{name=rejectModules,return=io.github.classgraph.ClassGraph,parameters=[java.lang.String[]]}",f2624b409ead41b0c769f41ee65a9418022f1ff1c21f17a744125100d90e90cb,,,,,,0,373,0
src/main/java/io/github/classgraph/ClassGraph.java,io.github.classgraph.ClassGraph,"io.github.classgraph.ClassGraph{name=blacklistModules,return=io.github.classgraph.ClassGraph,parameters=[java.lang.String[]]}",8ac13bc357c41022204ee68efd0fc3dcd7277692f2b7671f1a4a0f404014e2b3,,,,,,0,316,0
src/main/java/io/github/classgraph/ClassGraph.java,io.github.classgraph.ClassGraph,"io.github.classgraph.ClassGraph{name=acceptClasspathElementsContainingResourcePath,return=io.github.classgraph.ClassGraph,parameters=[java.lang.String[]]}",c8c35d94d24d930c9379cda1040cf995868587b864d35ff6b713b087206c53c3,,,,,,0,421,0
src/main/java/io/github/classgraph/ClassGraph.java,io.github.classgraph.ClassGraph,"io.github.classgraph.ClassGraph{name=whitelistClasspathElementsContainingResourcePath,return=io.github.classgraph.ClassGraph,parameters=[java.lang.String[]]}",0622c0ca171b17e1376b8416bd8465fc56d807e5cfb5fd96b1bda997ac59b604,,,,,,0,352,0
src/main/java/io/github/classgraph/ClassGraph.java,io.github.classgraph.ClassGraph,"io.github.classgraph.ClassGraph{name=rejectClasspathElementsContainingResourcePath,return=io.github.classgraph.ClassGraph,parameters=[java.lang.String[]]}",40e0f66528b2d9869cf45265ec3594519b9fc2cd550ed68e669f4bb7b9772fe9,,,,,,0,424,0
src/main/java/io/github/classgraph/ClassGraph.java,io.github.classgraph.ClassGraph,"io.github.classgraph.ClassGraph{name=blacklistClasspathElementsContainingResourcePath,return=io.github.classgraph.ClassGraph,parameters=[java.lang.String[]]}",7919f8324eb57218f3f06ecea73caf42ff313f1e645ace3cf34fb4e039451581,,,,,,0,355,0
src/main/java/io/github/classgraph/ClassGraph.java,io.github.classgraph.ClassGraph,"io.github.classgraph.ClassGraph{name=enableRemoteJarScanning,return=io.github.classgraph.ClassGraph,parameters=[]}",43e2ca16b014a1d65fff52fbd7a5c7a5317208bc508b81ca052f37fd3f50b041,,,,,,0,392,0
src/main/java/io/github/classgraph/ClassGraph.java,io.github.classgraph.ClassGraph,"io.github.classgraph.ClassGraph{name=enableURLScheme,return=io.github.classgraph.ClassGraph,parameters=[java.lang.String]}",6bb2810d53f2fb7551e293fcfd55d351686beaae825b195e7ec7a41fefa88cdb,,,,,,0,358,0
src/main/java/io/github/classgraph/ClassGraph.java,io.github.classgraph.ClassGraph,"io.github.classgraph.ClassGraph{name=enableSystemJarsAndModules,return=io.github.classgraph.ClassGraph,parameters=[]}",8e4756f1ef7460e843fa53aea0ba83483c517e430a897d475e02324a58f7b4d6,,,,,,0,359,0
src/main/java/io/github/classgraph/ClassGraph.java,io.github.classgraph.ClassGraph,"io.github.classgraph.ClassGraph{name=enableMemoryMapping,return=io.github.classgraph.ClassGraph,parameters=[]}",096fbc1599526244c53bfd0aaf7a897b531d2a4f0e780972cbc6f27811781da0,,,,,,0,322,0
src/main/java/io/github/classgraph/ClassGraph.java,io.github.classgraph.ClassGraph,"io.github.classgraph.ClassGraph{name=enableRealtimeLogging,return=io.github.classgraph.ClassGraph,parameters=[]}",d3824478bf356a7e896207f35ec4421b7c35b3ac3ebb8ca87901bf03b76642a5,,,,,,0,353,0
src/main/java/io/github/classgraph/ClassGraph.java,io.github.classgraph.ClassGraph$ScanResultProcessor,"io.github.classgraph.ClassGraph$ScanResultProcessor{name=processScanResult,return=void,parameters=[io.github.classgraph.ScanResult]}",676534e9e61524637093ca42b4a04c1e20592dd49655e7000a259f6263b9266f,,,,,,0,269,0
src/main/java/io/github/classgraph/ClassGraph.java,io.github.classgraph.ClassGraph$FailureHandler,"io.github.classgraph.ClassGraph$FailureHandler{name=onFailure,return=void,parameters=[java.lang.Throwable]}",d433072accc0f18250dc55bc85bba79c76a3c9fb9a3b961d4b52d042e1c6c257,,,,,,0,259,0
src/main/java/io/github/classgraph/ClassGraph.java,io.github.classgraph.ClassGraph,"io.github.classgraph.ClassGraph{name=scanAsync,return=void,parameters=[java.util.concurrent.ExecutorService,int,io.github.classgraph.ClassGraph$ScanResultProcessor,io.github.classgraph.ClassGraph$FailureHandler]}",3423a7690ba47e081880c8f0a926f6e64f9569e961c80265ed8ef3c38cb045c3,,,,,,0,704,0
src/main/java/io/github/classgraph/ClassGraph.java,io.github.classgraph.ClassGraph,"io.github.classgraph.ClassGraph{name=scanAsync,return=java.util.concurrent.Future<io.github.classgraph.ScanResult>,parameters=[java.util.concurrent.ExecutorService,int]}",cba2824de2ba144ca4d140f21aaf7b1957ed723fa0e7032c00ff257fc8ac4289,,,,,,0,426,0
src/main/java/io/github/classgraph/ClassGraph.java,io.github.classgraph.ClassGraph,"io.github.classgraph.ClassGraph{name=scan,return=io.github.classgraph.ScanResult,parameters=[java.util.concurrent.ExecutorService,int]}",58904d4ada2c3546471ed9be8025ed9a63a60b998d275a51a5cdee7dcd0861b0,,,,,,0,789,0
src/main/java/io/github/classgraph/ClassGraph.java,io.github.classgraph.ClassGraph,"io.github.classgraph.ClassGraph{name=scan,return=io.github.classgraph.ScanResult,parameters=[int]}",6837f672d524a993dadc4eb91ccb59e3f8d88f761e2af6663d988a8eb31c18a1,,,,,,0,409,0
src/main/java/io/github/classgraph/ClassGraph.java,io.github.classgraph.ClassGraph,"io.github.classgraph.ClassGraph{name=scan,return=io.github.classgraph.ScanResult,parameters=[]}",431ba18fa5b1ab33eb2e6cd208f9e9c39da1c8f6e30b99ccd9ad007dd6a18123,,,,,,0,340,0
src/main/java/io/github/classgraph/ClassGraphClassLoader.java,io.github.classgraph.ClassGraphClassLoader,"io.github.classgraph.ClassGraphClassLoader{name=findClass,return=java.lang.Class<Generic{?}>,parameters=[java.lang.String]}",3186bb37ebf7ca891d4bd076f5883c226ab52712690d40a42561ea7c1742d206,,,,,,0,2063,0
src/main/java/io/github/classgraph/ClassInfo.java,io.github.classgraph.ClassInfo,"io.github.classgraph.ClassInfo{name=addRelatedClass,return=boolean,parameters=[io.github.classgraph.ClassInfo$RelType,io.github.classgraph.ClassInfo]}",300da2096cea7115f1da4bb353b43659683be4d53b69895eb5429fd4e39f9026,,,,,,0,368,0
src/main/java/io/github/classgraph/ClassInfo.java,io.github.classgraph.ClassInfo,"io.github.classgraph.ClassInfo{name=addTypeDecorators,return=void,parameters=[java.util.List<io.github.classgraph.Classfile$ClassTypeAnnotationDecorator>]}",b693aa556011fe4472bc2e750db202500cf486a841340815698eb788340a12c9,,,,,,0,319,0
src/main/java/io/github/classgraph/ClassInfo.java,io.github.classgraph.ClassInfo,"io.github.classgraph.ClassInfo{name=addSuperclass,return=void,parameters=[java.lang.String,java.util.Map<java.lang.String, io.github.classgraph.ClassInfo>]}",61e365228aa596bba86955afe1a0ac308f734d553cfd3261d7a3b33171e3b163,,,,,,0,378,0
src/main/java/io/github/classgraph/ClassInfo.java,io.github.classgraph.ClassInfo,"io.github.classgraph.ClassInfo{name=addImplementedInterface,return=void,parameters=[java.lang.String,java.util.Map<java.lang.String, io.github.classgraph.ClassInfo>]}",121a43258cb4e4e38cc47f6adc9d367d84eec1ebc21720b88c4b3c158fb9673a,,,,,,0,367,0
src/main/java/io/github/classgraph/ClassInfo.java,io.github.classgraph.ClassInfo,"io.github.classgraph.ClassInfo{name=addClassContainment,return=void,parameters=[java.util.List<io.github.classgraph.Classfile$ClassContainment>,java.util.Map<java.lang.String, io.github.classgraph.ClassInfo>]}",5244fcb5d11d98131be89ae09cecef68f28c3d81bdbb1abcfe132905af63f43b,,,,,,0,450,0
src/main/java/io/github/classgraph/ClassInfo.java,io.github.classgraph.ClassInfo,"io.github.classgraph.ClassInfo{name=addFullyQualifiedDefiningMethodName,return=void,parameters=[java.lang.String]}",d4c0c652e9c807337789857b6af13cd4f3f05c0528a0010ac49f3b0c34b3ad11,,,,,,0,289,0
src/main/java/io/github/classgraph/ClassInfo.java,io.github.classgraph.ClassInfo,"io.github.classgraph.ClassInfo{name=addClassAnnotation,return=void,parameters=[io.github.classgraph.AnnotationInfo,java.util.Map<java.lang.String, io.github.classgraph.ClassInfo>]}",e2fd7de00e0a55460c503a3eb6c584dc9023d66e8f8cde02b51def934c6884e7,,,,,,0,463,0
src/main/java/io/github/classgraph/ClassInfo.java,io.github.classgraph.ClassInfo,"io.github.classgraph.ClassInfo{name=addFieldInfo,return=void,parameters=[io.github.classgraph.FieldInfoList,java.util.Map<java.lang.String, io.github.classgraph.ClassInfo>]}",5d218137a3f369c36d1d711a99f84d2c2664c796471fa753a08c1b5e683d7969,,,,,,0,401,0
src/main/java/io/github/classgraph/ClassInfo.java,io.github.classgraph.ClassInfo,"io.github.classgraph.ClassInfo{name=addMethodInfo,return=void,parameters=[io.github.classgraph.MethodInfoList,java.util.Map<java.lang.String, io.github.classgraph.ClassInfo>]}",0623c1724a6b11f12de10a04a374426c5e8aba45d19f2ea671e5650b1bf13a42,,,,,,0,643,0
src/main/java/io/github/classgraph/ClassInfo.java,io.github.classgraph.ClassInfo,"io.github.classgraph.ClassInfo{name=addAnnotationParamDefaultValues,return=void,parameters=[io.github.classgraph.AnnotationParameterValueList]}",0e528423facc1c451c31a2b382bffa9c7b2bf8f70004f9075e0ee3dc1ef93f22,,,,,,0,351,0
src/main/java/io/github/classgraph/ClassInfo.java,io.github.classgraph.ClassInfo,"io.github.classgraph.ClassInfo{name=addScannedClass,return=io.github.classgraph.ClassInfo,parameters=[java.lang.String,int,boolean,java.util.Map<java.lang.String, io.github.classgraph.ClassInfo>,io.github.classgraph.ClasspathElement,io.github.classgraph.Resource]}",d7658c53ef158a8382a7fb0bba1cfb40008795e65f6f60b9e60b672c1629b005,,,,,,0,781,0
src/main/java/io/github/classgraph/ClassInfo.java,io.github.classgraph.ClassInfo,"io.github.classgraph.ClassInfo{name=extendsSuperclass,return=boolean,parameters=[java.lang.Class<Generic{?}>]}",395a8b756167a1261dde77604e799b4be6f7b163ad858820e45cede9dd2890d5,,,,,,0,276,0
src/main/java/io/github/classgraph/ClassInfo.java,io.github.classgraph.ClassInfo,"io.github.classgraph.ClassInfo{name=extendsSuperclass,return=boolean,parameters=[java.lang.String]}",741072fd27b55e8ac11cfee227be5432e090c67468fbdf3fe24f8f43d5b2c45a,,,,,,0,300,0
src/main/java/io/github/classgraph/ClassInfo.java,io.github.classgraph.ClassInfo,"io.github.classgraph.ClassInfo{name=implementsInterface,return=boolean,parameters=[java.lang.Class<Generic{?}>]}",12749c5df3ac6d4ad376717c4426a198ebd5d8095d102aa75813bd5694dfc35f,,,,,,0,288,0
src/main/java/io/github/classgraph/ClassInfo.java,io.github.classgraph.ClassInfo,"io.github.classgraph.ClassInfo{name=implementsInterface,return=boolean,parameters=[java.lang.String]}",c0ae7c82024a28fe7a5cf2f234a2fe250eb3e9d11d34aad2197a091ec6b7e858,,,,,,0,282,0
src/main/java/io/github/classgraph/ClassInfo.java,io.github.classgraph.ClassInfo,"io.github.classgraph.ClassInfo{name=hasAnnotation,return=boolean,parameters=[java.lang.Class<Generic{? extends java.lang.annotation.Annotation}>]}",afb9fc2af041f53e58a4ebd01b1c170c27f2c74caac3b095d49260dd59e39e10,,,,,,0,287,0
src/main/java/io/github/classgraph/ClassInfo.java,io.github.classgraph.ClassInfo,"io.github.classgraph.ClassInfo{name=hasAnnotation,return=boolean,parameters=[java.lang.String]}",ac31bd572b57f56b5909b4f93bc33f3af2603a3ed4f5f037ace6334e5b8c9cad,,,,,,0,282,0
src/main/java/io/github/classgraph/ClassInfo.java,io.github.classgraph.ClassInfo,"io.github.classgraph.ClassInfo{name=hasDeclaredField,return=boolean,parameters=[java.lang.String]}",9fa0383a7779ac3a29e40f890a8aab075b074cd3399ad55b010c521654f6a039,,,,,,0,286,0
src/main/java/io/github/classgraph/ClassInfo.java,io.github.classgraph.ClassInfo,"io.github.classgraph.ClassInfo{name=hasField,return=boolean,parameters=[java.lang.String]}",7bb50dc559f6b1f230f00e9e8ce2a7a7c298484642240dc0634548e41af59150,,,,,,0,323,0
src/main/java/io/github/classgraph/ClassInfo.java,io.github.classgraph.ClassInfo,"io.github.classgraph.ClassInfo{name=hasDeclaredFieldAnnotation,return=boolean,parameters=[java.lang.Class<Generic{? extends java.lang.annotation.Annotation}>]}",8bc6c1c2812c76a946849bf74a8cbcd309f89c11ed211bfb6a6ee2121ff1f85d,,,,,,0,298,0
src/main/java/io/github/classgraph/ClassInfo.java,io.github.classgraph.ClassInfo,"io.github.classgraph.ClassInfo{name=hasDeclaredFieldAnnotation,return=boolean,parameters=[java.lang.String]}",e9bcf7f326e0d64db439667d6bb92d994c6f01a58b6ba304ce6dd5e2b4b1edd8,,,,,,0,323,0
src/main/java/io/github/classgraph/ClassInfo.java,io.github.classgraph.ClassInfo,"io.github.classgraph.ClassInfo{name=hasFieldAnnotation,return=boolean,parameters=[java.lang.Class<Generic{? extends java.lang.annotation.Annotation}>]}",9aa96c76bd6245b8490d70fd24109884eac33c111d2f12385b368582189d1a28,,,,,,0,312,0
src/main/java/io/github/classgraph/ClassInfo.java,io.github.classgraph.ClassInfo,"io.github.classgraph.ClassInfo{name=hasFieldAnnotation,return=boolean,parameters=[java.lang.String]}",ba69e6a66b4d560dea2fb7b04b43d125f20704773e7bf60f056331ab0c5e1fab,,,,,,0,335,0
src/main/java/io/github/classgraph/ClassInfo.java,io.github.classgraph.ClassInfo,"io.github.classgraph.ClassInfo{name=hasDeclaredMethod,return=boolean,parameters=[java.lang.String]}",16b72f95e1cb0002ab55fe8ab52923237a1333b015c36e0f7b8249eb344fee16,,,,,,0,288,0
src/main/java/io/github/classgraph/ClassInfo.java,io.github.classgraph.ClassInfo,"io.github.classgraph.ClassInfo{name=hasMethod,return=boolean,parameters=[java.lang.String]}",e3a24c3fae7ce37a60a26d280c87f6070fb78b9bdd9c01572ee76ce25e739f41,,,,,,0,331,0
src/main/java/io/github/classgraph/ClassInfo.java,io.github.classgraph.ClassInfo,"io.github.classgraph.ClassInfo{name=hasDeclaredMethodAnnotation,return=boolean,parameters=[java.lang.Class<Generic{? extends java.lang.annotation.Annotation}>]}",9ba5dd0f285ec4685a3bbe5d91191d5ed2c662253ccd6bc9295f67687d70b125,,,,,,0,302,0
src/main/java/io/github/classgraph/ClassInfo.java,io.github.classgraph.ClassInfo,"io.github.classgraph.ClassInfo{name=hasDeclaredMethodAnnotation,return=boolean,parameters=[java.lang.String]}",37f70f097f1a378f19e33dbdcf757b8823a75135b053dc373295896f0e82da99,,,,,,0,321,0
src/main/java/io/github/classgraph/ClassInfo.java,io.github.classgraph.ClassInfo,"io.github.classgraph.ClassInfo{name=hasMethodAnnotation,return=boolean,parameters=[java.lang.Class<Generic{? extends java.lang.annotation.Annotation}>]}",15f2e1c5cc50e84129ab08ccfbcadd380d867cbc7c17dd47db990fc34b5fec26,,,,,,0,316,0
src/main/java/io/github/classgraph/ClassInfo.java,io.github.classgraph.ClassInfo,"io.github.classgraph.ClassInfo{name=hasMethodAnnotation,return=boolean,parameters=[java.lang.String]}",335f5f7057c6fe10422e5155e23bef2e8df0f1bd452c7dbae50f3245adfdc275,,,,,,0,344,0
src/main/java/io/github/classgraph/ClassInfo.java,io.github.classgraph.ClassInfo,"io.github.classgraph.ClassInfo{name=hasDeclaredMethodParameterAnnotation,return=boolean,parameters=[java.lang.Class<Generic{? extends java.lang.annotation.Annotation}>]}",040d682ba5c289aee8fbbad96519d83e39f463a50391b070f6822ca78cdca63f,,,,,,0,310,0
src/main/java/io/github/classgraph/ClassInfo.java,io.github.classgraph.ClassInfo,"io.github.classgraph.ClassInfo{name=hasDeclaredMethodParameterAnnotation,return=boolean,parameters=[java.lang.String]}",e8166a49ca24eadeef6a0eece7a83d9dd119526cabce0c5e6613ae33c8b7a938,,,,,,0,326,0
src/main/java/io/github/classgraph/ClassInfo.java,io.github.classgraph.ClassInfo,"io.github.classgraph.ClassInfo{name=hasMethodParameterAnnotation,return=boolean,parameters=[java.lang.Class<Generic{? extends java.lang.annotation.Annotation}>]}",cb1ec4fcbf6c2c843c916e49b43b5d7bbc3599ee0cda651cd5c46493aec3793f,,,,,,0,322,0
src/main/java/io/github/classgraph/ClassInfo.java,io.github.classgraph.ClassInfo,"io.github.classgraph.ClassInfo{name=hasMethodParameterAnnotation,return=boolean,parameters=[java.lang.String]}",3416651d77e6284cad6dc15708a7e334047c4cec0b2bf0107a092e0a2a2fdcf1,,,,,,0,344,0
src/main/java/io/github/classgraph/ClassInfo.java,io.github.classgraph.ClassInfo,"io.github.classgraph.ClassInfo{name=loadClass,return=java.lang.Class<Generic{T}>,parameters=[java.lang.Class<Generic{T}>,boolean]}",3c8dbfe2b230130c753da46ff68ad6b5b499cca2b3440d1728d0ca02127c0321,,,,,,0,589,0
src/main/java/io/github/classgraph/ClassInfo.java,io.github.classgraph.ClassInfo,"io.github.classgraph.ClassInfo{name=loadClass,return=java.lang.Class<Generic{T}>,parameters=[java.lang.Class<Generic{T}>]}",4dad316d2b1c568a43a20b5198c7b4ab47e662c952d25424d639775aab28193a,,,,,,0,467,0
src/main/java/io/github/classgraph/ClassInfo.java,io.github.classgraph.ClassInfo,"io.github.classgraph.ClassInfo{name=loadClass,return=java.lang.Class<Generic{?}>,parameters=[boolean]}",f9aefbd76d5286947cf27ec1106e57fe9dee9e88fd340aa735d0b0053e6b3ba8,,,,,,0,363,0
src/main/java/io/github/classgraph/ClassInfo.java,io.github.classgraph.ClassInfo,"io.github.classgraph.ClassInfo{name=loadClass,return=java.lang.Class<Generic{?}>,parameters=[]}",91d09508580b467013198d2165335a5cb1bebb590fea5138abd2d126abae9502,,,,,,0,322,0
src/main/java/io/github/classgraph/ClassInfo.java,io.github.classgraph.ClassInfo,"io.github.classgraph.ClassInfo{name=handleRepeatableAnnotations,return=void,parameters=[java.util.Set<java.lang.String>]}",3ef44f180bdbb6a512bcc82123e360a229d69be374aacff84158399e85aec6de,,,,,,0,449,0
src/main/java/io/github/classgraph/ClassInfo.java,io.github.classgraph.ClassInfo,"io.github.classgraph.ClassInfo{name=addReferencedClassNames,return=void,parameters=[java.util.Set<java.lang.String>]}",3f4479a8c71977a1c36989b82af5fbfec35f35bcb5344b4f8ff657c62a9519d1,,,,,,0,319,0
src/main/java/io/github/classgraph/ClassInfo.java,io.github.classgraph.ClassInfo,"io.github.classgraph.ClassInfo{name=findReferencedClassInfo,return=void,parameters=[java.util.Map<java.lang.String, io.github.classgraph.ClassInfo>,java.util.Set<io.github.classgraph.ClassInfo>,nonapi.io.github.classgraph.utils.LogNode]}",d01503e65a6eae4bcbb3ebd94850b0be06cf819665c7301f391ef9af6ff27266,,,,,,0,682,0
src/main/java/io/github/classgraph/ClassInfo.java,io.github.classgraph.ClassInfo,"io.github.classgraph.ClassInfo{name=compareTo,return=int,parameters=[io.github.classgraph.ClassInfo]}",433b5146e4a1c6075ad7932c58f1ec1f9bc642eb42718bfce2303c7f511db485,,,,,,0,277,0
src/main/java/io/github/classgraph/ClassInfoList.java,io.github.classgraph.ClassInfoList,"io.github.classgraph.ClassInfoList{name=emptyList,return=io.github.classgraph.ClassInfoList,parameters=[]}",f7461c08ba63a72c0012d048349b660f9fb433e811e66627499bcb8716e49099,,,,,,0,269,0
src/main/java/io/github/classgraph/ClassInfoList.java,io.github.classgraph.ClassInfoList,"io.github.classgraph.ClassInfoList{name=loadClasses,return=java.util.List<java.lang.Class<Generic{T}>>,parameters=[java.lang.Class<Generic{T}>,boolean]}",09d9bb020c82797defe840d2f9a17dc686bf4958fe0febff517fe61cfce3ed32,,,,,,0,700,0
src/main/java/io/github/classgraph/ClassInfoList.java,io.github.classgraph.ClassInfoList,"io.github.classgraph.ClassInfoList{name=loadClasses,return=java.util.List<java.lang.Class<Generic{T}>>,parameters=[java.lang.Class<Generic{T}>]}",bfdee5f1dcf5328dcf5716aae85acc35a1c91840576093db49df86ede10d7cce,,,,,,0,492,0
src/main/java/io/github/classgraph/ClassInfoList.java,io.github.classgraph.ClassInfoList,"io.github.classgraph.ClassInfoList{name=loadClasses,return=java.util.List<java.lang.Class<Generic{?}>>,parameters=[boolean]}",e1a439bac61553064568fdfcfa1a28ca58307f0abb26e6527201fcac727bec18,,,,,,0,548,0
src/main/java/io/github/classgraph/ClassInfoList.java,io.github.classgraph.ClassInfoList,"io.github.classgraph.ClassInfoList{name=loadClasses,return=java.util.List<java.lang.Class<Generic{?}>>,parameters=[]}",976a68570df701d4e9f1139294cec2e42509a2e8e8041a3eaa7a9b58938389d6,,,,,,0,344,0
src/main/java/io/github/classgraph/ClassInfoList.java,io.github.classgraph.ClassInfoList,"io.github.classgraph.ClassInfoList{name=directOnly,return=io.github.classgraph.ClassInfoList,parameters=[]}",f8338badcdba0e87ce23cdf5dc8f94a293cdbe06a52bcabfa17f694d19e8d8ee,,,,,,0,336,0
src/main/java/io/github/classgraph/ClassInfoList.java,io.github.classgraph.ClassInfoList,"io.github.classgraph.ClassInfoList{name=union,return=io.github.classgraph.ClassInfoList,parameters=[io.github.classgraph.ClassInfoList[]]}",47e8b9a09c7666c451b31385e357fe7527f6e3fe40c552ca13399b64f6166b53,,,,,,0,399,0
src/main/java/io/github/classgraph/ClassInfoList.java,io.github.classgraph.ClassInfoList,"io.github.classgraph.ClassInfoList{name=intersect,return=io.github.classgraph.ClassInfoList,parameters=[io.github.classgraph.ClassInfoList[]]}",8b814b00fafeb1d82e4f64ad892c54333787ddee8e95cd81bf8e085cd33a32f3,,,,,,0,550,0
src/main/java/io/github/classgraph/ClassInfoList.java,io.github.classgraph.ClassInfoList,"io.github.classgraph.ClassInfoList{name=exclude,return=io.github.classgraph.ClassInfoList,parameters=[io.github.classgraph.ClassInfoList]}",0a60abc122a037737497edfecd6fd085c59af5f7aa64874cd8281f9240733468,,,,,,0,400,0
src/main/java/io/github/classgraph/ClassInfoList.java,io.github.classgraph.ClassInfoList$ClassInfoFilter,"io.github.classgraph.ClassInfoList$ClassInfoFilter{name=accept,return=boolean,parameters=[io.github.classgraph.ClassInfo]}",77489b456fcd06f67f9d7ae8b3f22fea47ede76284e9320a33868634e0316287,,,,,,0,307,0
src/main/java/io/github/classgraph/ClassInfoList.java,io.github.classgraph.ClassInfoList,"io.github.classgraph.ClassInfoList{name=filter,return=io.github.classgraph.ClassInfoList,parameters=[io.github.classgraph.ClassInfoList$ClassInfoFilter]}",aa00bd6901ee1cd98d9be874dcc724e7368ec5c76c930b45c2e74c2ef8071177,,,,,,0,430,0
src/main/java/io/github/classgraph/ClassInfoList.java,io.github.classgraph.ClassInfoList,"io.github.classgraph.ClassInfoList{name=generateGraphVizDotFileFromInterClassDependencies,return=java.lang.String,parameters=[float,float,boolean]}",bb6c1c60259f736d3264f94f19618abfb28968955e964b1416de5ca5a60f1acf,,,,,,0,627,0
src/main/java/io/github/classgraph/ClassInfoList.java,io.github.classgraph.ClassInfoList,"io.github.classgraph.ClassInfoList{name=generateGraphVizDotFileFromInterClassDependencies,return=java.lang.String,parameters=[float,float]}",ce8088eb47f45875cc411a101b991016399fbcf12554a1723ab819a62dd7b1b7,,,,,,0,646,0
src/main/java/io/github/classgraph/ClassInfoList.java,io.github.classgraph.ClassInfoList,"io.github.classgraph.ClassInfoList{name=generateGraphVizDotFileFromInterClassDependencies,return=java.lang.String,parameters=[]}",39f279b3b22afcd43bc518bc3c9d2ff4334c5be17498e4ec3d1f43e76cc9111c,,,,,,0,609,0
src/main/java/io/github/classgraph/ClassInfoList.java,io.github.classgraph.ClassInfoList,"io.github.classgraph.ClassInfoList{name=generateGraphVizDotFileFromClassDependencies,return=java.lang.String,parameters=[]}",dee20195259f7b416d58c9c8cd71e56c9d354d993e56d3de182b320208ba01fd,,,,,,0,362,0
src/main/java/io/github/classgraph/ClassInfoList.java,io.github.classgraph.ClassInfoList,"io.github.classgraph.ClassInfoList{name=generateGraphVizDotFile,return=java.lang.String,parameters=[float,float,boolean,boolean,boolean,boolean,boolean,boolean]}",6d5d153d49684ec6c549d70b0c192714d949193256b38917123dd71411b9029d,,,,,,0,917,0
src/main/java/io/github/classgraph/ClassInfoList.java,io.github.classgraph.ClassInfoList,"io.github.classgraph.ClassInfoList{name=generateGraphVizDotFile,return=java.lang.String,parameters=[float,float,boolean,boolean,boolean,boolean,boolean]}",a05a27c34a5cc5be33d465f3f54ab3b89054631290302c0239d97679fbe8f110,,,,,,0,787,0
src/main/java/io/github/classgraph/ClassInfoList.java,io.github.classgraph.ClassInfoList,"io.github.classgraph.ClassInfoList{name=generateGraphVizDotFile,return=java.lang.String,parameters=[float,float]}",bb37fac573a86dd8802abde7a7fdf0812a5f60515152c26a1d7927c5a56e8f18,,,,,,0,528,0
src/main/java/io/github/classgraph/ClassInfoList.java,io.github.classgraph.ClassInfoList,"io.github.classgraph.ClassInfoList{name=generateGraphVizDotFile,return=java.lang.String,parameters=[]}",2940a500115a31220ca8bc858ef03b31879d8afebcfdf34a3e695829e4a98d95,,,,,,0,501,0
src/main/java/io/github/classgraph/ClassInfoList.java,io.github.classgraph.ClassInfoList,"io.github.classgraph.ClassInfoList{name=generateGraphVizDotFile,return=void,parameters=[java.io.File]}",44662500ee6786be9635185323f189b6b3efbfac25b345c9b19b237b37c27185,,,,,,0,490,0
src/main/java/io/github/classgraph/ClassRefTypeSignature.java,io.github.classgraph.ClassRefTypeSignature,"io.github.classgraph.ClassRefTypeSignature{name=addTypeAnnotation,return=void,parameters=[java.util.List<io.github.classgraph.Classfile$TypePathNode>,io.github.classgraph.AnnotationInfo]}",c27e0282922b9c210acf3df96f14ce41ffe6be11ffc031ed0aa5812a8421414f,,,,,,0,930,0
src/main/java/io/github/classgraph/ClassRefTypeSignature.java,io.github.classgraph.ClassRefTypeSignature,"io.github.classgraph.ClassRefTypeSignature{name=loadClass,return=java.lang.Class<Generic{?}>,parameters=[boolean]}",a1d2ab59f0626615c00b52cce038360b80bd3c001ca56aabc82b80513aa05300,,,,,,0,368,0
src/main/java/io/github/classgraph/ClassRefTypeSignature.java,io.github.classgraph.ClassRefTypeSignature,"io.github.classgraph.ClassRefTypeSignature{name=loadClass,return=java.lang.Class<Generic{?}>,parameters=[]}",b2b97b69ca7d564be474e3959af555229edd2bb5db3edbb948a2936ee1d59a24,,,,,,0,328,0
src/main/java/io/github/classgraph/ClassRefTypeSignature.java,io.github.classgraph.ClassRefTypeSignature,"io.github.classgraph.ClassRefTypeSignature{name=findReferencedClassNames,return=void,parameters=[java.util.Set<java.lang.String>]}",027a132124e1f2dc52d538e4198aa0c8bc6d85a4639f1195f4a8253e4108b705,,,,,,0,363,0
src/main/java/io/github/classgraph/ClassRefTypeSignature.java,io.github.classgraph.ClassRefTypeSignature,"io.github.classgraph.ClassRefTypeSignature{name=equalsIgnoringTypeParams,return=boolean,parameters=[io.github.classgraph.TypeSignature]}",faee20e5fb08a9e66b5aafc5ab891c1a494ba936b15fb9072c45d028f1738b10,,,,,,0,409,0
src/main/java/io/github/classgraph/ClassRefTypeSignature.java,io.github.classgraph.ClassRefTypeSignature,"io.github.classgraph.ClassRefTypeSignature{name=toStringInternal,return=void,parameters=[boolean,io.github.classgraph.AnnotationInfoList,java.lang.StringBuilder]}",6722e789dc61c8c39e33256460059564f1f1211fffe603a28ccb966c6319bbf8,,,,,,0,824,0
src/main/java/io/github/classgraph/ClassRefTypeSignature.java,io.github.classgraph.ClassRefTypeSignature,"io.github.classgraph.ClassRefTypeSignature{name=parse,return=io.github.classgraph.ClassRefTypeSignature,parameters=[nonapi.io.github.classgraph.types.Parser,java.lang.String]}",081079027152ab6a9847d9361fd40e8decd47399c26f250d6ae4a6490c21822e,,,,,,0,757,0
src/main/java/io/github/classgraph/ClassTypeSignature.java,io.github.classgraph.ClassTypeSignature,"io.github.classgraph.ClassTypeSignature{name=addTypeAnnotation,return=void,parameters=[java.util.List<io.github.classgraph.Classfile$TypePathNode>,io.github.classgraph.AnnotationInfo]}",5028e9df29577744c5526c8e2ddac8af162612d2658afe188253ed0679eda05c,,,,,,0,308,0
src/main/java/io/github/classgraph/ClassTypeSignature.java,io.github.classgraph.ClassTypeSignature,"io.github.classgraph.ClassTypeSignature{name=findReferencedClassNames,return=void,parameters=[java.util.Set<java.lang.String>]}",392d3815fe3370f6a8e59e6ba6e4e231898e04ae12e764a23c42150ad76794d3,,,,,,0,426,0
src/main/java/io/github/classgraph/ClassTypeSignature.java,io.github.classgraph.ClassTypeSignature,"io.github.classgraph.ClassTypeSignature{name=findReferencedClassInfo,return=void,parameters=[java.util.Map<java.lang.String, io.github.classgraph.ClassInfo>,java.util.Set<io.github.classgraph.ClassInfo>,nonapi.io.github.classgraph.utils.LogNode]}",226826bdcdf28005cfb5cf2718792f3991810a98b41109b71fe14363501d0757,,,,,,0,423,0
src/main/java/io/github/classgraph/ClassTypeSignature.java,io.github.classgraph.ClassTypeSignature,"io.github.classgraph.ClassTypeSignature{name=toStringInternal,return=void,parameters=[java.lang.String,boolean,int,boolean,boolean,io.github.classgraph.AnnotationInfoList,java.lang.StringBuilder]}",519029e53d0720c7a66a5895394fdeae9dcd3ca89667df019322ae9afca2191f,,,,,,0,869,0
src/main/java/io/github/classgraph/ClassTypeSignature.java,io.github.classgraph.ClassTypeSignature,"io.github.classgraph.ClassTypeSignature{name=toStringInternal,return=void,parameters=[boolean,io.github.classgraph.AnnotationInfoList,java.lang.StringBuilder]}",ff3f21b3e01c78d3d44534075f7e6147a34f82d1394f3e35a13193e43c4b7abf,,,,,,0,340,0
src/main/java/io/github/classgraph/ClassTypeSignature.java,io.github.classgraph.ClassTypeSignature,"io.github.classgraph.ClassTypeSignature{name=parse,return=io.github.classgraph.ClassTypeSignature,parameters=[java.lang.String,io.github.classgraph.ClassInfo]}",eecee472913447eb92f617edeea6a74526403fc36fd61b0778d0e3fb7ba18ba7,,,,,,0,1054,0
src/main/java/io/github/classgraph/Classfile.java,io.github.classgraph.Classfile$ClassfileFormatException,"io.github.classgraph.Classfile$ClassfileFormatException{name=fillInStackTrace,return=java.lang.Throwable,parameters=[]}",716b79c53737f40bbcc7bdfdf617bd1a5d997d2b82d85c8be903d6e376334863,,,,,,0,266,0
src/main/java/io/github/classgraph/Classfile.java,io.github.classgraph.Classfile$SkipClassException,"io.github.classgraph.Classfile$SkipClassException{name=fillInStackTrace,return=java.lang.Throwable,parameters=[]}",716b79c53737f40bbcc7bdfdf617bd1a5d997d2b82d85c8be903d6e376334863,,,,,,0,266,0
src/main/java/io/github/classgraph/Classfile.java,io.github.classgraph.Classfile,"io.github.classgraph.Classfile{name=link,return=void,parameters=[java.util.Map<java.lang.String, io.github.classgraph.ClassInfo>,java.util.Map<java.lang.String, io.github.classgraph.PackageInfo>,java.util.Map<java.lang.String, io.github.classgraph.ModuleInfo>]}",c154ebd3eff626620ed3a8a88c488a3f742513bd7b3840d81c289cd3a3392cad,,,,,,0,1276,0
src/main/java/io/github/classgraph/Classfile.java,io.github.classgraph.Classfile$ClassTypeAnnotationDecorator,"io.github.classgraph.Classfile$ClassTypeAnnotationDecorator{name=decorate,return=void,parameters=[io.github.classgraph.ClassTypeSignature]}",b28af14bf680d87bf91bc7c721ac942bb11a76a205f179b37dc558553555a55d,,,,,,0,235,0
src/main/java/io/github/classgraph/Classfile.java,io.github.classgraph.Classfile$MethodTypeAnnotationDecorator,"io.github.classgraph.Classfile$MethodTypeAnnotationDecorator{name=decorate,return=void,parameters=[io.github.classgraph.MethodTypeSignature]}",6c641910e79a626f2891e417438fe03d48e5528fd2ea079b7568d75ad2c02954,,,,,,0,235,0
src/main/java/io/github/classgraph/Classfile.java,io.github.classgraph.Classfile$TypeAnnotationDecorator,"io.github.classgraph.Classfile$TypeAnnotationDecorator{name=decorate,return=void,parameters=[io.github.classgraph.TypeSignature]}",2e41e0ca14d6cf60481e15a5f908f312cfc880f942a199459c1a97abd6a8f96d,,,,,,0,232,0
src/main/java/io/github/classgraph/ClasspathElement.java,io.github.classgraph.ClasspathElement,"io.github.classgraph.ClasspathElement{name=checkResourcePathAcceptReject,return=void,parameters=[java.lang.String,nonapi.io.github.classgraph.utils.LogNode]}",662f24211bc0a120e0f173fde5bd9fcbdc76b618dd980bec2895f8bcd65706fe,,,,,,0,479,0
src/main/java/io/github/classgraph/ClasspathElement.java,io.github.classgraph.ClasspathElement,"io.github.classgraph.ClasspathElement{name=maskClassfiles,return=void,parameters=[int,java.util.Set<java.lang.String>,nonapi.io.github.classgraph.utils.LogNode]}",1e1c52e78b63c745dc04de0955fad0793d280cb48b886339d48116632cca36af,,,,,,0,831,0
src/main/java/io/github/classgraph/ClasspathElement.java,io.github.classgraph.ClasspathElement,"io.github.classgraph.ClasspathElement{name=addAcceptedResource,return=void,parameters=[io.github.classgraph.Resource,nonapi.io.github.classgraph.scanspec.ScanSpec$ScanSpecPathMatch,boolean,nonapi.io.github.classgraph.utils.LogNode]}",88175c36fcd408b35c2fcf18dcd62394c2b37445c1184e8dbc24fc840779d8f2,,,,,,0,840,0
src/main/java/io/github/classgraph/ClasspathElement.java,io.github.classgraph.ClasspathElement,"io.github.classgraph.ClasspathElement{name=finishScanPaths,return=void,parameters=[nonapi.io.github.classgraph.utils.LogNode]}",bc07bb46b4b9c8adbf48e49e16e6656291d95c36b11e1af2b055f223ffc9477e,,,,,,0,411,0
src/main/java/io/github/classgraph/ClasspathElement.java,io.github.classgraph.ClasspathElement,"io.github.classgraph.ClasspathElement{name=log,return=nonapi.io.github.classgraph.utils.LogNode,parameters=[int,java.lang.String,nonapi.io.github.classgraph.utils.LogNode]}",34a3c33bc978fc83f74a3dfb3885cbaeb0dcfc447faa7f3f7294649e8630f674,,,,,,0,334,0
src/main/java/io/github/classgraph/ClasspathElement.java,io.github.classgraph.ClasspathElement,"io.github.classgraph.ClasspathElement{name=log,return=nonapi.io.github.classgraph.utils.LogNode,parameters=[int,java.lang.String,java.lang.Throwable,nonapi.io.github.classgraph.utils.LogNode]}",0c0aa17e4fd2be93505537f88128e9b1fc36cea96d4b47fd91d293522bd0e20b,,,,,,0,349,0
src/main/java/io/github/classgraph/ClasspathElement.java,io.github.classgraph.ClasspathElement,"io.github.classgraph.ClasspathElement{name=open,return=void,parameters=[nonapi.io.github.classgraph.concurrency.WorkQueue<io.github.classgraph.Scanner$ClasspathEntryWorkUnit>,nonapi.io.github.classgraph.utils.LogNode]}",aead38dbcf03ff944fc58f55839bc39eee7dff516ad26089e731b161c65dedbe,,,,,,0,445,0
src/main/java/io/github/classgraph/ClasspathElement.java,io.github.classgraph.ClasspathElement,"io.github.classgraph.ClasspathElement{name=scanPaths,return=void,parameters=[nonapi.io.github.classgraph.utils.LogNode]}",7543b4d3b0acdab2070040d05492a37d7b313f6fd65900cea3c8ada8bfdc2d5d,,,,,,0,280,0
src/main/java/io/github/classgraph/ClasspathElementFileDir.java,io.github.classgraph.ClasspathElementFileDir,"io.github.classgraph.ClasspathElementFileDir{name=open,return=void,parameters=[nonapi.io.github.classgraph.concurrency.WorkQueue<io.github.classgraph.Scanner$ClasspathEntryWorkUnit>,nonapi.io.github.classgraph.utils.LogNode]}",9283338f15fb8bf303a8ba22bc19ec49ee5c23b361e7d023a70ab3d9550b2ebe,,,,,,0,949,0
src/main/java/io/github/classgraph/ClasspathElementFileDir.java,io.github.classgraph.ClasspathElementFileDir,"io.github.classgraph.ClasspathElementFileDir{name=scanPaths,return=void,parameters=[nonapi.io.github.classgraph.utils.LogNode]}",1a8519cc2c214ca6e289382445143c4ab1c64dcf1f6b2d15ac3b149dc4729d69,,,,,,0,380,0
src/main/java/io/github/classgraph/ClasspathElementModule.java,io.github.classgraph.ClasspathElementModule,"io.github.classgraph.ClasspathElementModule{name=open,return=void,parameters=[nonapi.io.github.classgraph.concurrency.WorkQueue<io.github.classgraph.Scanner$ClasspathEntryWorkUnit>,nonapi.io.github.classgraph.utils.LogNode]}",9168d9cfcd7501bee4117e778bbe0c55c7c59781f082408dc52d376b1ab1a010,,,,,,0,558,0
src/main/java/io/github/classgraph/ClasspathElementModule.java,io.github.classgraph.ClasspathElementModule,"io.github.classgraph.ClasspathElementModule{name=scanPaths,return=void,parameters=[nonapi.io.github.classgraph.utils.LogNode]}",49617b89aa98a764b844cdb908f8f5096031976f86a54d1781b6e1adacda6f25,,,,,,0,1675,0
src/main/java/io/github/classgraph/ClasspathElementPathDir.java,io.github.classgraph.ClasspathElementPathDir,"io.github.classgraph.ClasspathElementPathDir{name=open,return=void,parameters=[nonapi.io.github.classgraph.concurrency.WorkQueue<io.github.classgraph.Scanner$ClasspathEntryWorkUnit>,nonapi.io.github.classgraph.utils.LogNode]}",f3c8b51bdaf4dcee318b6ddd517b1961c699a0328d03f5da3708062e1206b241,,,,,,0,952,0
src/main/java/io/github/classgraph/ClasspathElementPathDir.java,io.github.classgraph.ClasspathElementPathDir,"io.github.classgraph.ClasspathElementPathDir{name=scanPaths,return=void,parameters=[nonapi.io.github.classgraph.utils.LogNode]}",b41aa3de583b02656bf9c105bd11e530e1d029832b54b2cf2e527b3898fbc20d,,,,,,0,379,0
src/main/java/io/github/classgraph/ClasspathElementZip.java,io.github.classgraph.ClasspathElementZip,"io.github.classgraph.ClasspathElementZip{name=open,return=void,parameters=[nonapi.io.github.classgraph.concurrency.WorkQueue<io.github.classgraph.Scanner$ClasspathEntryWorkUnit>,nonapi.io.github.classgraph.utils.LogNode]}",3391dff211aa14452fc44e3d91e3ec7bb1d7ecf00b2676375fbe5208ce91aa2c,,,,,,0,2376,0
src/main/java/io/github/classgraph/ClasspathElementZip.java,io.github.classgraph.ClasspathElementZip,"io.github.classgraph.ClasspathElementZip{name=scanPaths,return=void,parameters=[nonapi.io.github.classgraph.utils.LogNode]}",0c392922fe8beda3c685585ff5bf51ba1f93cb57dd759f629ce992f4d109876f,,,,,,0,1945,0
src/main/java/io/github/classgraph/CloseableByteBuffer.java,io.github.classgraph.CloseableByteBuffer,"io.github.classgraph.CloseableByteBuffer{name=close,return=void,parameters=[]}",836a7c313046ada2dcefb7b5a2a80ee86c9e52ecc5b644b628dbfa6c2362a2bd,,,,,,0,285,0
src/main/java/io/github/classgraph/FieldInfo.java,io.github.classgraph.FieldInfo,"io.github.classgraph.FieldInfo{name=hasAnnotation,return=boolean,parameters=[java.lang.Class<Generic{? extends java.lang.annotation.Annotation}>]}",693b4f6cbbdb297f7588fad1ff3d9f82e57facd8a1650314ba0ed071ed2c1492,,,,,,0,288,0
src/main/java/io/github/classgraph/FieldInfo.java,io.github.classgraph.FieldInfo,"io.github.classgraph.FieldInfo{name=hasAnnotation,return=boolean,parameters=[java.lang.String]}",70416204d8b424deefdf3ec550ec33df26caed5e69ebe8d7095fc2f5b4c96271,,,,,,0,284,0
src/main/java/io/github/classgraph/FieldInfo.java,io.github.classgraph.FieldInfo,"io.github.classgraph.FieldInfo{name=loadClassAndGetField,return=java.lang.reflect.Field,parameters=[]}",ff6f3dc99806e890c3e392a45abc653b289102dc2ea1f92e822cb5994d06fdbd,,,,,,0,363,0
src/main/java/io/github/classgraph/FieldInfo.java,io.github.classgraph.FieldInfo,"io.github.classgraph.FieldInfo{name=handleRepeatableAnnotations,return=void,parameters=[java.util.Set<java.lang.String>]}",5f8e910672bd6aa80688878fe5133cd46890969b3271e2cd357558361495665a,,,,,,0,347,0
src/main/java/io/github/classgraph/FieldInfo.java,io.github.classgraph.FieldInfo,"io.github.classgraph.FieldInfo{name=findReferencedClassInfo,return=void,parameters=[java.util.Map<java.lang.String, io.github.classgraph.ClassInfo>,java.util.Set<io.github.classgraph.ClassInfo>,nonapi.io.github.classgraph.utils.LogNode]}",112ea8c672a3b8518c02c45e5e9b69c55a7570b36b8a73ffd1296008e27d91e5,,,,,,0,589,0
src/main/java/io/github/classgraph/FieldInfo.java,io.github.classgraph.FieldInfo,"io.github.classgraph.FieldInfo{name=compareTo,return=int,parameters=[io.github.classgraph.FieldInfo]}",fc019e6fa95a765b9ce05b0fc76fc9189d7d1c9110a86fdb730282b53d0ab8ea,,,,,,0,311,0
src/main/java/io/github/classgraph/FieldInfoList.java,io.github.classgraph.FieldInfoList,"io.github.classgraph.FieldInfoList{name=emptyList,return=io.github.classgraph.FieldInfoList,parameters=[]}",e1c4702234ad68f83bbacd6e1986340152ab2b3ba2b8b102c9a9252f64b1dae9,,,,,,0,269,0
src/main/java/io/github/classgraph/FieldInfoList.java,io.github.classgraph.FieldInfoList,"io.github.classgraph.FieldInfoList{name=findReferencedClassInfo,return=void,parameters=[java.util.Map<java.lang.String, io.github.classgraph.ClassInfo>,java.util.Set<io.github.classgraph.ClassInfo>,nonapi.io.github.classgraph.utils.LogNode]}",ac5b00a58ebe002d6d5c7a976dbb2fcd1de200ef4b42f662a2e6890128eac395,,,,,,0,391,0
src/main/java/io/github/classgraph/FieldInfoList.java,io.github.classgraph.FieldInfoList$FieldInfoFilter,"io.github.classgraph.FieldInfoList$FieldInfoFilter{name=accept,return=boolean,parameters=[io.github.classgraph.FieldInfo]}",8affc47ea6ba3bbd51ac92c09de15daacd0bf26a21efe9dfabb487e05be31361,,,,,,0,307,0
src/main/java/io/github/classgraph/FieldInfoList.java,io.github.classgraph.FieldInfoList,"io.github.classgraph.FieldInfoList{name=filter,return=io.github.classgraph.FieldInfoList,parameters=[io.github.classgraph.FieldInfoList$FieldInfoFilter]}",d5860fd1879c3fc4d345523fef8122cec63d212723bee97d13a6b04bb43176fd,,,,,,0,382,0
src/main/java/io/github/classgraph/GraphvizDotfileGenerator.java,io.github.classgraph.GraphvizDotfileGenerator,"io.github.classgraph.GraphvizDotfileGenerator{name=generateGraphVizDotFile,return=java.lang.String,parameters=[io.github.classgraph.ClassInfoList,float,float,boolean,boolean,boolean,boolean,boolean,boolean,nonapi.io.github.classgraph.scanspec.ScanSpec]}",24583e7639520827463813be197adf394a354f09718c99f1aaaa145b27540683,,,,,,0,1909,0
src/main/java/io/github/classgraph/GraphvizDotfileGenerator.java,io.github.classgraph.GraphvizDotfileGenerator,"io.github.classgraph.GraphvizDotfileGenerator{name=generateGraphVizDotFileFromInterClassDependencies,return=java.lang.String,parameters=[io.github.classgraph.ClassInfoList,float,float,boolean]}",3fdc9547926c93f1f06457077e1bc71374301fb4224e66e16e6f0f0ef64c0895,,,,,,0,1115,0
src/main/java/io/github/classgraph/HierarchicalTypeSignature.java,io.github.classgraph.HierarchicalTypeSignature,"io.github.classgraph.HierarchicalTypeSignature{name=addTypeAnnotation,return=void,parameters=[io.github.classgraph.AnnotationInfo]}",4b55c05450ac0da7ca6d46c13786181d21fa216b843d97aee913325401de9458,,,,,,0,299,0
src/main/java/io/github/classgraph/HierarchicalTypeSignature.java,io.github.classgraph.HierarchicalTypeSignature,"io.github.classgraph.HierarchicalTypeSignature{name=addTypeAnnotation,return=void,parameters=[java.util.List<io.github.classgraph.Classfile$TypePathNode>,io.github.classgraph.AnnotationInfo]}",7b404acbdf7871786d37d8c7d80d1827d55c48ce4d9f1b0464a1774075cc9fbb,,,,,,0,288,0
src/main/java/io/github/classgraph/HierarchicalTypeSignature.java,io.github.classgraph.HierarchicalTypeSignature,"io.github.classgraph.HierarchicalTypeSignature{name=toStringInternal,return=void,parameters=[boolean,io.github.classgraph.AnnotationInfoList,java.lang.StringBuilder]}",a2cf92caa2446aa918abb7156aa189dfe28e1b7fc9a97db7a9e6e60d21622ffc,,,,,,0,327,0
src/main/java/io/github/classgraph/MappableInfoList.java,io.github.classgraph.MappableInfoList,"io.github.classgraph.MappableInfoList{name=asMap,return=java.util.Map<java.lang.String, Generic{T extends io.github.classgraph.HasName}>,parameters=[]}",286ee27da1ab8d6e678393c7892930698d2982cb94ff3d53442ec63878bd9cba,,,,,,0,377,0
src/main/java/io/github/classgraph/MappableInfoList.java,io.github.classgraph.MappableInfoList,"io.github.classgraph.MappableInfoList{name=containsName,return=boolean,parameters=[java.lang.String]}",c315cc18e7c4263dbcc569882256ee492bf56ba106a22c811e7fc36dd5825846,,,,,,0,317,0
src/main/java/io/github/classgraph/MethodInfo.java,io.github.classgraph.MethodInfo,"io.github.classgraph.MethodInfo{name=hasBody,return=boolean,parameters=[]}",7507f2e63ebcf71185611c0878d30d11fbcb2c2ecf453ed3247f8caa1041e5d6,,,,,,0,270,0
src/main/java/io/github/classgraph/MethodInfo.java,io.github.classgraph.MethodInfo,"io.github.classgraph.MethodInfo{name=hasAnnotation,return=boolean,parameters=[java.lang.Class<Generic{? extends java.lang.annotation.Annotation}>]}",59834ce4b7bf7172ec23bdab0b26972d57a5a56f6f2c042e91bfea6e70a679fb,,,,,,0,287,0
src/main/java/io/github/classgraph/MethodInfo.java,io.github.classgraph.MethodInfo,"io.github.classgraph.MethodInfo{name=hasAnnotation,return=boolean,parameters=[java.lang.String]}",6763a8f90485494714a97c4715c33dffda576c0cfb11ef8889b9f09ba256b96d,,,,,,0,283,0
src/main/java/io/github/classgraph/MethodInfo.java,io.github.classgraph.MethodInfo,"io.github.classgraph.MethodInfo{name=hasParameterAnnotation,return=boolean,parameters=[java.lang.Class<Generic{? extends java.lang.annotation.Annotation}>]}",b30df34ff2c8825b0abf5708e20068509ccfe43ee4c8d2a772b3abce0bae587c,,,,,,0,297,0
src/main/java/io/github/classgraph/MethodInfo.java,io.github.classgraph.MethodInfo,"io.github.classgraph.MethodInfo{name=hasParameterAnnotation,return=boolean,parameters=[java.lang.String]}",23f345ad4a7d20662779ab3df5cd3e3f94252182cf407dfb988770c938507a88,,,,,,0,325,0
src/main/java/io/github/classgraph/MethodInfo.java,io.github.classgraph.MethodInfo,"io.github.classgraph.MethodInfo{name=loadClassAndGetMethod,return=java.lang.reflect.Method,parameters=[]}",d2d958bfda01279064f4dce6f7bf0811ef2ac8a9b01f448cbd5f7f7981b182b2,,,,,,0,464,0
src/main/java/io/github/classgraph/MethodInfo.java,io.github.classgraph.MethodInfo,"io.github.classgraph.MethodInfo{name=loadClassAndGetConstructor,return=java.lang.reflect.Constructor<Generic{?}>,parameters=[]}",6f7628a8468df81d72d209c9208f89457c13a280c46f7bc5fa784c64cb8b1cb7,,,,,,0,468,0
src/main/java/io/github/classgraph/MethodInfo.java,io.github.classgraph.MethodInfo,"io.github.classgraph.MethodInfo{name=handleRepeatableAnnotations,return=void,parameters=[java.util.Set<java.lang.String>]}",cddad824d2da1adb6312aa46734b9de222b6d07c659078dbdf50ce9cf7a1bc5e,,,,,,0,569,0
src/main/java/io/github/classgraph/MethodInfo.java,io.github.classgraph.MethodInfo,"io.github.classgraph.MethodInfo{name=findReferencedClassInfo,return=void,parameters=[java.util.Map<java.lang.String, io.github.classgraph.ClassInfo>,java.util.Set<io.github.classgraph.ClassInfo>,nonapi.io.github.classgraph.utils.LogNode]}",013b495aadb4f1116c86d94dba86d8a4f53e5ffb50d01dccf83f91a55e1c90b9,,,,,,0,673,0
src/main/java/io/github/classgraph/MethodInfo.java,io.github.classgraph.MethodInfo,"io.github.classgraph.MethodInfo{name=compareTo,return=int,parameters=[io.github.classgraph.MethodInfo]}",79ab99bead2e77044a9a9b8aa7b43b858b1838333334c66c9505971a415acb66,,,,,,0,350,0
src/main/java/io/github/classgraph/MethodInfoList.java,io.github.classgraph.MethodInfoList,"io.github.classgraph.MethodInfoList{name=emptyList,return=io.github.classgraph.MethodInfoList,parameters=[]}",81d5061a75cfd02349912d30438f32d3ae74c9e184efdd26387183e185bd529b,,,,,,0,266,0
src/main/java/io/github/classgraph/MethodInfoList.java,io.github.classgraph.MethodInfoList,"io.github.classgraph.MethodInfoList{name=findReferencedClassInfo,return=void,parameters=[java.util.Map<java.lang.String, io.github.classgraph.ClassInfo>,java.util.Set<io.github.classgraph.ClassInfo>,nonapi.io.github.classgraph.utils.LogNode]}",903bf395654f6a4e011942f4f1daf5a9c3c8864ef8fd72621d5e6a06e16c405f,,,,,,0,394,0
src/main/java/io/github/classgraph/MethodInfoList.java,io.github.classgraph.MethodInfoList,"io.github.classgraph.MethodInfoList{name=asMap,return=java.util.Map<java.lang.String, io.github.classgraph.MethodInfoList>,parameters=[]}",c2012d2730b7cd007dc0c93e6f4189f809ce42e5681cc5a3c0fbeda1fbe95d58,,,,,,0,470,0
src/main/java/io/github/classgraph/MethodInfoList.java,io.github.classgraph.MethodInfoList,"io.github.classgraph.MethodInfoList{name=containsName,return=boolean,parameters=[java.lang.String]}",1b521d25aaf5a1eddaf6f453f8fd53cf1785dadc0e15192f78a373cdf1022e53,,,,,,0,325,0
src/main/java/io/github/classgraph/MethodInfoList.java,io.github.classgraph.MethodInfoList$MethodInfoFilter,"io.github.classgraph.MethodInfoList$MethodInfoFilter{name=accept,return=boolean,parameters=[io.github.classgraph.MethodInfo]}",3e5155ce1a6e592a748f18bbfa8f7e659c0b613c7205fa4127c7ae934fd3bea9,,,,,,0,305,0
src/main/java/io/github/classgraph/MethodInfoList.java,io.github.classgraph.MethodInfoList,"io.github.classgraph.MethodInfoList{name=filter,return=io.github.classgraph.MethodInfoList,parameters=[io.github.classgraph.MethodInfoList$MethodInfoFilter]}",493ddf0e752fa7f2365ed0845bf1db3dfe9cde03c24140ec8d62f9104ce4663b,,,,,,0,373,0
src/main/java/io/github/classgraph/MethodParameterInfo.java,io.github.classgraph.MethodParameterInfo,"io.github.classgraph.MethodParameterInfo{name=hasAnnotation,return=boolean,parameters=[java.lang.Class<Generic{? extends java.lang.annotation.Annotation}>]}",65c6ce12865714e760e9147413639336365b53ded617da8a43f61e0e253953ec,,,,,,0,289,0
src/main/java/io/github/classgraph/MethodParameterInfo.java,io.github.classgraph.MethodParameterInfo,"io.github.classgraph.MethodParameterInfo{name=hasAnnotation,return=boolean,parameters=[java.lang.String]}",0b21045024a214106d25102f39fe8a9a8c9c3026e86b1ee8097ecd0dc48de6e4,,,,,,0,285,0
src/main/java/io/github/classgraph/MethodParameterInfo.java,io.github.classgraph.MethodParameterInfo,"io.github.classgraph.MethodParameterInfo{name=modifiersToString,return=void,parameters=[int,java.lang.StringBuilder]}",173a382bfa1c7107dbd70edb75cb8d2d8230c262b484f3d60950b2eaf8be0fe3,,,,,,0,356,0
src/main/java/io/github/classgraph/MethodParameterInfo.java,io.github.classgraph.MethodParameterInfo,"io.github.classgraph.MethodParameterInfo{name=toStringWithSimpleNames,return=java.lang.String,parameters=[]}",1aeb0d483bc69d0d05732bd4e4a5aa009e42ba7c78b6bc05b64bf8e67f3acb2d,,,,,,0,276,0
src/main/java/io/github/classgraph/MethodTypeSignature.java,io.github.classgraph.MethodTypeSignature,"io.github.classgraph.MethodTypeSignature{name=addTypeAnnotation,return=void,parameters=[java.util.List<io.github.classgraph.Classfile$TypePathNode>,io.github.classgraph.AnnotationInfo]}",1f4c6c11538d1c4b3d72ee40e9b7f60068d7f205bce7987f24694bba1c41d6db,,,,,,0,308,0
src/main/java/io/github/classgraph/MethodTypeSignature.java,io.github.classgraph.MethodTypeSignature,"io.github.classgraph.MethodTypeSignature{name=addRecieverTypeAnnotation,return=void,parameters=[io.github.classgraph.AnnotationInfo]}",3326af271efb8ee28f7d5f722fb476c251c5f2e00037d4debd23bf50da1017a4,,,,,,0,310,0
src/main/java/io/github/classgraph/MethodTypeSignature.java,io.github.classgraph.MethodTypeSignature,"io.github.classgraph.MethodTypeSignature{name=findReferencedClassNames,return=void,parameters=[java.util.Set<java.lang.String>]}",c823a306f7497d3c195a892a078ce243c5cb393393b71d0a9a1f0c4948acc900,,,,,,0,431,0
src/main/java/io/github/classgraph/MethodTypeSignature.java,io.github.classgraph.MethodTypeSignature,"io.github.classgraph.MethodTypeSignature{name=findReferencedClassInfo,return=void,parameters=[java.util.Map<java.lang.String, io.github.classgraph.ClassInfo>,java.util.Set<io.github.classgraph.ClassInfo>,nonapi.io.github.classgraph.utils.LogNode]}",2f8ffd6c073778706cb82861c0e5166e601d4ddad325991bb22ed5645c0145df,,,,,,0,423,0
src/main/java/io/github/classgraph/MethodTypeSignature.java,io.github.classgraph.MethodTypeSignature,"io.github.classgraph.MethodTypeSignature{name=toStringInternal,return=void,parameters=[boolean,io.github.classgraph.AnnotationInfoList,java.lang.StringBuilder]}",cc5a7534db1dc039df391267f1ace8413a5ba9a8c78e40cf10103712e1329628,,,,,,0,492,0
src/main/java/io/github/classgraph/MethodTypeSignature.java,io.github.classgraph.MethodTypeSignature,"io.github.classgraph.MethodTypeSignature{name=parse,return=io.github.classgraph.MethodTypeSignature,parameters=[java.lang.String,java.lang.String]}",e944630230bb1b4acd4421e03ba1af2851013b5c129f9e8117b6ab8b14c9f2c4,,,,,,0,998,0
src/main/java/io/github/classgraph/ModuleInfo.java,io.github.classgraph.ModuleInfo,"io.github.classgraph.ModuleInfo{name=addClassInfo,return=void,parameters=[io.github.classgraph.ClassInfo]}",8f5dab8eb859335eb51b3356b916a2a2bd8db83eb33fa93874ac92bdeda27ae4,,,,,,0,314,0
src/main/java/io/github/classgraph/ModuleInfo.java,io.github.classgraph.ModuleInfo,"io.github.classgraph.ModuleInfo{name=addPackageInfo,return=void,parameters=[io.github.classgraph.PackageInfo]}",4c08406fcea6ce65aca771d8f369e6d2365c36fc7b75d10288f75a9376031a2b,,,,,,0,312,0
src/main/java/io/github/classgraph/ModuleInfo.java,io.github.classgraph.ModuleInfo,"io.github.classgraph.ModuleInfo{name=addAnnotations,return=void,parameters=[io.github.classgraph.AnnotationInfoList]}",2d0c8f517cc2d29d48235a5547eb9d705a1e75ae908a9f054d1ddf8aad028701,,,,,,0,328,0
src/main/java/io/github/classgraph/ModuleInfo.java,io.github.classgraph.ModuleInfo,"io.github.classgraph.ModuleInfo{name=hasAnnotation,return=boolean,parameters=[java.lang.Class<Generic{? extends java.lang.annotation.Annotation}>]}",e36c7f972c1f1efbfa0c99162301269700d08192ac10bfefc4a71e25cd51c7ee,,,,,,0,287,0
src/main/java/io/github/classgraph/ModuleInfo.java,io.github.classgraph.ModuleInfo,"io.github.classgraph.ModuleInfo{name=hasAnnotation,return=boolean,parameters=[java.lang.String]}",8d866ce2ec7514fa5d59b916745c90e9886aeb74c0fc3132b7d43ecceacdfe5e,,,,,,0,283,0
src/main/java/io/github/classgraph/ModuleInfo.java,io.github.classgraph.ModuleInfo,"io.github.classgraph.ModuleInfo{name=compareTo,return=int,parameters=[io.github.classgraph.ModuleInfo]}",59783b09bfc4a4b499f4338ea2b0e8ab871a041ea5e4bbd48dade3f620aceeb5,,,,,,0,333,0
src/main/java/io/github/classgraph/ModuleInfoList.java,io.github.classgraph.ModuleInfoList$ModuleInfoFilter,"io.github.classgraph.ModuleInfoList$ModuleInfoFilter{name=accept,return=boolean,parameters=[io.github.classgraph.ModuleInfo]}",06e05b1bc1d2bb1110d7eb7f3524801a79438776616b8085026a190d79a4a445,,,,,,0,307,0
src/main/java/io/github/classgraph/ModuleInfoList.java,io.github.classgraph.ModuleInfoList,"io.github.classgraph.ModuleInfoList{name=filter,return=io.github.classgraph.ModuleInfoList,parameters=[io.github.classgraph.ModuleInfoList$ModuleInfoFilter]}",b95988384013515516227030c315bca7ff38f8e51fdce606b0f49618c475aff7,,,,,,0,382,0
src/main/java/io/github/classgraph/ModuleReaderProxy.java,io.github.classgraph.ModuleReaderProxy,"io.github.classgraph.ModuleReaderProxy{name=close,return=void,parameters=[]}",9861229ed0663c2c0b4cb1a9d993558f13340cdb11dedf2bdb130b6b7ad70529,,,,,,0,261,0
src/main/java/io/github/classgraph/ModuleReaderProxy.java,io.github.classgraph.ModuleReaderProxy,"io.github.classgraph.ModuleReaderProxy{name=list,return=java.util.List<java.lang.String>,parameters=[]}",e4b03c25addccda6f32ed5180ab97927f1d23e04ac7dd46a1820d8ea60f7e574,,,,,,0,561,0
src/main/java/io/github/classgraph/ModuleReaderProxy.java,io.github.classgraph.ModuleReaderProxy,"io.github.classgraph.ModuleReaderProxy{name=open,return=java.io.InputStream,parameters=[java.lang.String]}",287006db30084e826bcb1f1003853f1e6e5f34f205e6874c0ba9d10cb68f33a8,,,,,,0,447,0
src/main/java/io/github/classgraph/ModuleReaderProxy.java,io.github.classgraph.ModuleReaderProxy,"io.github.classgraph.ModuleReaderProxy{name=read,return=java.nio.ByteBuffer,parameters=[java.lang.String]}",db3cc8e3c129cb698be820cc666bf738c56b5d8b1da60d1ae109c29bfb3d859c,,,,,,0,488,0
src/main/java/io/github/classgraph/ModuleReaderProxy.java,io.github.classgraph.ModuleReaderProxy,"io.github.classgraph.ModuleReaderProxy{name=release,return=void,parameters=[java.nio.ByteBuffer]}",4dfdbed09d9de4837fc6dda13cec9d898c6fd2a28c9d8106193a8c19d62cc2e8,,,,,,0,310,0
src/main/java/io/github/classgraph/ModuleRef.java,io.github.classgraph.ModuleRef,"io.github.classgraph.ModuleRef{name=compareTo,return=int,parameters=[io.github.classgraph.ModuleRef]}",ac75a586ad663ed5cba1becdd6b0a22362bd2b02d9bcf6c1e455d8b5dae8e876,,,,,,0,283,0
src/main/java/io/github/classgraph/ModuleRef.java,io.github.classgraph.ModuleRef,"io.github.classgraph.ModuleRef{name=open,return=io.github.classgraph.ModuleReaderProxy,parameters=[]}",464a9bb7efaaf0d840a8f35186b152d43551b7311484b86f1f2f05f2ce370e08,,,,,,0,301,0
src/main/java/io/github/classgraph/ObjectTypedValueWrapper.java,io.github.classgraph.ObjectTypedValueWrapper,"io.github.classgraph.ObjectTypedValueWrapper{name=instantiateOrGet,return=java.lang.Object,parameters=[io.github.classgraph.ClassInfo,java.lang.String]}",aab68adb6331dbc7c940ba91eac6c7967cf32b88ff4291c9b880351819412192,,,,,,0,999,0
src/main/java/io/github/classgraph/ObjectTypedValueWrapper.java,io.github.classgraph.ObjectTypedValueWrapper,"io.github.classgraph.ObjectTypedValueWrapper{name=convertWrapperArraysToPrimitiveArrays,return=void,parameters=[io.github.classgraph.ClassInfo,java.lang.String]}",b05f0472ef6b731db8c1553cd30a3a39a641ce33c8730e0f16331c9ef7005a0e,,,,,,0,1718,0
src/main/java/io/github/classgraph/ObjectTypedValueWrapper.java,io.github.classgraph.ObjectTypedValueWrapper,"io.github.classgraph.ObjectTypedValueWrapper{name=findReferencedClassInfo,return=void,parameters=[java.util.Map<java.lang.String, io.github.classgraph.ClassInfo>,java.util.Set<io.github.classgraph.ClassInfo>,nonapi.io.github.classgraph.utils.LogNode]}",6b0ee104bceed8b15f0895deddf19ec4674965980d30975d2c017e8a65610274,,,,,,0,523,0
src/main/java/io/github/classgraph/PackageInfo.java,io.github.classgraph.PackageInfo,"io.github.classgraph.PackageInfo{name=addAnnotations,return=void,parameters=[io.github.classgraph.AnnotationInfoList]}",d7ae4ec841f8c68624d87b549e104fcfefd80fb60823092f8daa3102d0584553,,,,,,0,325,0
src/main/java/io/github/classgraph/PackageInfo.java,io.github.classgraph.PackageInfo,"io.github.classgraph.PackageInfo{name=addClassInfo,return=void,parameters=[io.github.classgraph.ClassInfo]}",de0e51151e1e0dc1e5ac094e662ead5cbf36c4cb2ca783c3509f8c2abbe9a56e,,,,,,0,341,0
src/main/java/io/github/classgraph/PackageInfo.java,io.github.classgraph.PackageInfo,"io.github.classgraph.PackageInfo{name=hasAnnotation,return=boolean,parameters=[java.lang.Class<Generic{? extends java.lang.annotation.Annotation}>]}",7efc3dd8f203dd6711176b611123279ee6e484088464bc3b3ff65685771447cd,,,,,,0,287,0
src/main/java/io/github/classgraph/PackageInfo.java,io.github.classgraph.PackageInfo,"io.github.classgraph.PackageInfo{name=hasAnnotation,return=boolean,parameters=[java.lang.String]}",d7bcfc01ceffe656e825f5819840c65c99931cc83a79a519cbb0d41e43fe5f85,,,,,,0,283,0
src/main/java/io/github/classgraph/PackageInfo.java,io.github.classgraph.PackageInfo,"io.github.classgraph.PackageInfo{name=compareTo,return=int,parameters=[io.github.classgraph.PackageInfo]}",34afd60bf51bc68bdb17ddf78261519ddc1c9c46a6494ed987301ea392b13bb9,,,,,,0,268,0
src/main/java/io/github/classgraph/PackageInfoList.java,io.github.classgraph.PackageInfoList$1,"io.github.classgraph.PackageInfoList$1{name=add,return=boolean,parameters=[io.github.classgraph.PackageInfo]}",f1f2cdf59a74cf9e12fdfa072061109dd906ad044f8214fd91383fc43c3604d1,,,,,,0,246,0
src/main/java/io/github/classgraph/PackageInfoList.java,io.github.classgraph.PackageInfoList$1,"io.github.classgraph.PackageInfoList$1{name=add,return=void,parameters=[int,io.github.classgraph.PackageInfo]}",e16dd88658179ae2c15b60663562fb7b68dd51dc9a6e95e5e0ac319b8bbbfa63,,,,,,0,250,0
src/main/java/io/github/classgraph/PackageInfoList.java,io.github.classgraph.PackageInfoList$1,"io.github.classgraph.PackageInfoList$1{name=remove,return=boolean,parameters=[java.lang.Object]}",9dfb5de5fcc9cc46b0aa469a9cea660b0c1915b4d2bc948bbe2cf5dced78d962,,,,,,0,242,0
src/main/java/io/github/classgraph/PackageInfoList.java,io.github.classgraph.PackageInfoList$1,"io.github.classgraph.PackageInfoList$1{name=remove,return=io.github.classgraph.PackageInfo,parameters=[int]}",a9f8c69ea748f4066cfca520a4ec8bafa268dd73033a33d50ba5194f4677b5e7,,,,,,0,246,0
src/main/java/io/github/classgraph/PackageInfoList.java,io.github.classgraph.PackageInfoList$1,"io.github.classgraph.PackageInfoList$1{name=addAll,return=boolean,parameters=[java.util.Collection<Generic{? extends io.github.classgraph.PackageInfo}>]}",db73e7858915f6d8d2aa6919ef9e8e9f02ae5e96eb74d1bc5b3d835261fa0298,,,,,,0,251,0
src/main/java/io/github/classgraph/PackageInfoList.java,io.github.classgraph.PackageInfoList$1,"io.github.classgraph.PackageInfoList$1{name=addAll,return=boolean,parameters=[int,java.util.Collection<Generic{? extends io.github.classgraph.PackageInfo}>]}",d78b316f6e7ce4ab6425ea204fb542ee872d0f693244169f5dbf23a88f5e7940,,,,,,0,255,0
src/main/java/io/github/classgraph/PackageInfoList.java,io.github.classgraph.PackageInfoList$1,"io.github.classgraph.PackageInfoList$1{name=removeAll,return=boolean,parameters=[java.util.Collection<Generic{?}>]}",1a8ce6e7e1908f03122fbf8ba8493755fcd6d4d2e58ea3dad729880b0c659321,,,,,,0,243,0
src/main/java/io/github/classgraph/PackageInfoList.java,io.github.classgraph.PackageInfoList$1,"io.github.classgraph.PackageInfoList$1{name=retainAll,return=boolean,parameters=[java.util.Collection<Generic{?}>]}",30b64532985beb1e236960fa5ea8826e528e1452bb6a88658ce41de92adbab93,,,,,,0,244,0
src/main/java/io/github/classgraph/PackageInfoList.java,io.github.classgraph.PackageInfoList$1,"io.github.classgraph.PackageInfoList$1{name=clear,return=void,parameters=[]}",77d625f34c9288d85ad0cf5ba7ea417be6645a4f3c5489564391c597d9f4b910,,,,,,0,239,0
src/main/java/io/github/classgraph/PackageInfoList.java,io.github.classgraph.PackageInfoList$PackageInfoFilter,"io.github.classgraph.PackageInfoList$PackageInfoFilter{name=accept,return=boolean,parameters=[io.github.classgraph.PackageInfo]}",1ad7e1f8f15f05b4a32818252a5c528fd98043917a42146f25e26a0a2c2fa66c,,,,,,0,308,0
src/main/java/io/github/classgraph/PackageInfoList.java,io.github.classgraph.PackageInfoList,"io.github.classgraph.PackageInfoList{name=filter,return=io.github.classgraph.PackageInfoList,parameters=[io.github.classgraph.PackageInfoList$PackageInfoFilter]}",e7152c64afb73c3d3274ee808ee644560ddf564cba9491c11ed37116651cc0ba,,,,,,0,382,0
src/main/java/io/github/classgraph/PotentiallyUnmodifiableList.java,io.github.classgraph.PotentiallyUnmodifiableList,"io.github.classgraph.PotentiallyUnmodifiableList{name=makeUnmodifiable,return=void,parameters=[]}",37b8aefb52624a19a1b22422693bbb295be2fe2b0e27a7eb7f8884a2981c3cc1,,,,,,0,243,0
src/main/java/io/github/classgraph/PotentiallyUnmodifiableList.java,io.github.classgraph.PotentiallyUnmodifiableList,"io.github.classgraph.PotentiallyUnmodifiableList{name=add,return=boolean,parameters=[Generic{T}]}",5dc17b28e6bbea523d4d7820a7ae97cdf1ad75975dba8dfa705b02dca2c333b1,,,,,,0,260,0
src/main/java/io/github/classgraph/PotentiallyUnmodifiableList.java,io.github.classgraph.PotentiallyUnmodifiableList,"io.github.classgraph.PotentiallyUnmodifiableList{name=add,return=void,parameters=[int,Generic{T}]}",4b582c3fcb9667c22db3fb2cc483c95e95c736ff472ebd7136b7bd957ac57089,,,,,,0,265,0
src/main/java/io/github/classgraph/PotentiallyUnmodifiableList.java,io.github.classgraph.PotentiallyUnmodifiableList,"io.github.classgraph.PotentiallyUnmodifiableList{name=remove,return=boolean,parameters=[java.lang.Object]}",aa1b76851097a0c73725c3c14bc0b6ca87ea4cc966e0e0477b0c2e096b42a0f1,,,,,,0,260,0
src/main/java/io/github/classgraph/PotentiallyUnmodifiableList.java,io.github.classgraph.PotentiallyUnmodifiableList,"io.github.classgraph.PotentiallyUnmodifiableList{name=remove,return=Generic{T},parameters=[int]}",53cce9359f5ca626d55ac734f8b4fedf2b4076887d554df80b3a4fa7f9c6e826,,,,,,0,260,0
src/main/java/io/github/classgraph/PotentiallyUnmodifiableList.java,io.github.classgraph.PotentiallyUnmodifiableList,"io.github.classgraph.PotentiallyUnmodifiableList{name=addAll,return=boolean,parameters=[java.util.Collection<Generic{? extends Generic{T}}>]}",ae655fc5c2541834e8695e2bd17df5c3cbb0801e6ae978628d411223cf30f3eb,,,,,,0,269,0
src/main/java/io/github/classgraph/PotentiallyUnmodifiableList.java,io.github.classgraph.PotentiallyUnmodifiableList,"io.github.classgraph.PotentiallyUnmodifiableList{name=addAll,return=boolean,parameters=[int,java.util.Collection<Generic{? extends Generic{T}}>]}",a3fd1c70a8c88ef6655c52269b0526360d1b981c828e3866c23c539f1cadf32f,,,,,,0,275,0
src/main/java/io/github/classgraph/PotentiallyUnmodifiableList.java,io.github.classgraph.PotentiallyUnmodifiableList,"io.github.classgraph.PotentiallyUnmodifiableList{name=removeAll,return=boolean,parameters=[java.util.Collection<Generic{?}>]}",e9fb750709f0656d719af6443e16aff23bfbed05b790dd0f58740d443e6fb68c,,,,,,0,265,0
src/main/java/io/github/classgraph/PotentiallyUnmodifiableList.java,io.github.classgraph.PotentiallyUnmodifiableList,"io.github.classgraph.PotentiallyUnmodifiableList{name=retainAll,return=boolean,parameters=[java.util.Collection<Generic{?}>]}",9b24dce4ddaddcd67aa7c4d40dedc244cbdc1e9cbd72f359716d259e5e71efa0,,,,,,0,267,0
src/main/java/io/github/classgraph/PotentiallyUnmodifiableList.java,io.github.classgraph.PotentiallyUnmodifiableList,"io.github.classgraph.PotentiallyUnmodifiableList{name=clear,return=void,parameters=[]}",e9043cead2aa028ba62db31cda15e884909b9e325d2aa5faec389a76cfa6a9ab,,,,,,0,258,0
src/main/java/io/github/classgraph/PotentiallyUnmodifiableList.java,io.github.classgraph.PotentiallyUnmodifiableList,"io.github.classgraph.PotentiallyUnmodifiableList{name=iterator,return=java.util.Iterator<Generic{T}>,parameters=[]}",f89d3ce440c7d9a7ebc8805337c158bd8d19878f2bd00f5428dcdcf1caae59ef,,,,,,0,381,0
src/main/java/io/github/classgraph/PotentiallyUnmodifiableList.java,io.github.classgraph.PotentiallyUnmodifiableList,"io.github.classgraph.PotentiallyUnmodifiableList{name=listIterator,return=java.util.ListIterator<Generic{T}>,parameters=[]}",e90e9a33c0458e218578c43bec0e55ee321ec9b548bd8c20a56a566632a267a3,,,,,,0,549,0
src/main/java/io/github/classgraph/ReferenceTypeSignature.java,io.github.classgraph.ReferenceTypeSignature,"io.github.classgraph.ReferenceTypeSignature{name=parseReferenceTypeSignature,return=io.github.classgraph.ReferenceTypeSignature,parameters=[nonapi.io.github.classgraph.types.Parser,java.lang.String]}",8f1c144aa9c72b54c0e1b740d33ed9507b78c841e41c796e2b900606df2cf65a,,,,,,0,472,0
src/main/java/io/github/classgraph/ReferenceTypeSignature.java,io.github.classgraph.ReferenceTypeSignature,"io.github.classgraph.ReferenceTypeSignature{name=parseClassBound,return=io.github.classgraph.ReferenceTypeSignature,parameters=[nonapi.io.github.classgraph.types.Parser,java.lang.String]}",aa8d8b42389321e9322277e6f508c074a01400a99c7a0495746ba936284067dd,,,,,,0,362,0
src/main/java/io/github/classgraph/Resource.java,io.github.classgraph.Resource,"io.github.classgraph.Resource{name=open,return=java.io.InputStream,parameters=[]}",9b09e45d70b21ea28fdc3601af1cd8b677c14df640456416d218ac4918eff9b5,,,,,,0,311,0
src/main/java/io/github/classgraph/Resource.java,io.github.classgraph.Resource,"io.github.classgraph.Resource{name=read,return=java.nio.ByteBuffer,parameters=[]}",5da821eee925d456c861635c3c94217943119e96fcceebef8cd15067d53316f3,,,,,,0,327,0
src/main/java/io/github/classgraph/Resource.java,io.github.classgraph.Resource,"io.github.classgraph.Resource{name=readCloseable,return=io.github.classgraph.CloseableByteBuffer,parameters=[]}",f1dc86e73dfa185e27fe6d0b07a7194987de1c7613be53da02f66a758fe76326,,,,,,0,409,0
src/main/java/io/github/classgraph/Resource.java,io.github.classgraph.Resource,"io.github.classgraph.Resource{name=load,return=byte[],parameters=[]}",8620f1a5cbecf93e97c413352fa8af8277d1ee35b2de331fe6eccbf5aa9443d1,,,,,,0,319,0
src/main/java/io/github/classgraph/Resource.java,io.github.classgraph.Resource,"io.github.classgraph.Resource{name=openClassfile,return=nonapi.io.github.classgraph.fileslice.reader.ClassfileReader,parameters=[]}",fa289c438ce7f86a5ddbc8d3c3923609c0160c462593713c0e3a518fa4490a24,,,,,,0,287,0
src/main/java/io/github/classgraph/Resource.java,io.github.classgraph.Resource,"io.github.classgraph.Resource{name=compareTo,return=int,parameters=[io.github.classgraph.Resource]}",7d04ed0d0bfbc2c5740e358744315c572c90a3bc1b631b9753014067a5c81a0b,,,,,,0,285,0
src/main/java/io/github/classgraph/Resource.java,io.github.classgraph.Resource,"io.github.classgraph.Resource{name=close,return=void,parameters=[]}",6da7f069446aa9ae991e4a3bb040b7250a095f8955479058ecdbdc74f4ca950e,,,,,,0,306,0
src/main/java/io/github/classgraph/ResourceList.java,io.github.classgraph.ResourceList,"io.github.classgraph.ResourceList{name=emptyList,return=io.github.classgraph.ResourceList,parameters=[]}",b592572132f58f72f498082acdbea0037980c48b83b1b1ed7c8945e2329cc050,,,,,,0,265,0
src/main/java/io/github/classgraph/ResourceList.java,io.github.classgraph.ResourceList$1,"io.github.classgraph.ResourceList$1{name=accept,return=boolean,parameters=[io.github.classgraph.Resource]}",49cadb0e145553eb17ac8322d6cfc352e26d63ef9f577e29dc92917d78ecdb8b,,,,,,0,299,0
src/main/java/io/github/classgraph/ResourceList.java,io.github.classgraph.ResourceList,"io.github.classgraph.ResourceList{name=classFilesOnly,return=io.github.classgraph.ResourceList,parameters=[]}",3ad0d917a13a391cf9ac2b0b6ad2d37d60eda1320ea1a7a3357f4e1c2267e377,,,,,,0,299,0
src/main/java/io/github/classgraph/ResourceList.java,io.github.classgraph.ResourceList,"io.github.classgraph.ResourceList{name=nonClassFilesOnly,return=io.github.classgraph.ResourceList,parameters=[]}",b825316dc6e8c3963dc8f63ccdeac7d3416d5a21b4dbb0a436fc1a89a218325a,,,,,,0,335,0
src/main/java/io/github/classgraph/ResourceList.java,io.github.classgraph.ResourceList,"io.github.classgraph.ResourceList{name=asMap,return=java.util.Map<java.lang.String, io.github.classgraph.ResourceList>,parameters=[]}",834fb11d055493dde510fa2a017cb79022ebd8a21ee2da5aaeabd09a129b95be,,,,,,0,439,0
src/main/java/io/github/classgraph/ResourceList.java,io.github.classgraph.ResourceList,"io.github.classgraph.ResourceList{name=findDuplicatePaths,return=java.util.List<java.util.Map$Entry<java.lang.String, io.github.classgraph.ResourceList>>,parameters=[]}",cacb2c4913176776eac6b85ec94161bd489cfa6d834ac02d5f71fa468c54b5e8,,,,,,0,545,0
src/main/java/io/github/classgraph/ResourceList.java,io.github.classgraph.ResourceList$ResourceFilter,"io.github.classgraph.ResourceList$ResourceFilter{name=accept,return=boolean,parameters=[io.github.classgraph.Resource]}",46cbb7248e00125ffe1d567cf002ace59b5adc84620e3128f42732e584d13cac,,,,,,0,301,0
src/main/java/io/github/classgraph/ResourceList.java,io.github.classgraph.ResourceList,"io.github.classgraph.ResourceList{name=filter,return=io.github.classgraph.ResourceList,parameters=[io.github.classgraph.ResourceList$ResourceFilter]}",5df82c68e427320d4f1661cb61fe48fb546c2b5e4b9b2bf4b7f17a5c0d4b5c92,,,,,,0,364,0
src/main/java/io/github/classgraph/ResourceList.java,io.github.classgraph.ResourceList$ByteArrayConsumer,"io.github.classgraph.ResourceList$ByteArrayConsumer{name=accept,return=void,parameters=[io.github.classgraph.Resource,byte[]]}",39f80a1a0bfbc2bd1d6140656559dc9a78a7b7e190f45ff92f636acc0a5198d8,,,,,,0,289,0
src/main/java/io/github/classgraph/ResourceList.java,io.github.classgraph.ResourceList$ByteArrayConsumerThrowsIOException,"io.github.classgraph.ResourceList$ByteArrayConsumerThrowsIOException{name=accept,return=void,parameters=[io.github.classgraph.Resource,byte[]]}",606661022c107b102448dcbd88c92aea1583a8cc8f28886d18631f801b3d3c24,,,,,,0,313,0
src/main/java/io/github/classgraph/ResourceList.java,io.github.classgraph.ResourceList,"io.github.classgraph.ResourceList{name=forEachByteArray,return=void,parameters=[io.github.classgraph.ResourceList$ByteArrayConsumer,boolean]}",44df2f0b47894cd44e5b4efd980db6e1c5b035d815b3032e6837a36f48dd55cb,,,,,,0,533,0
src/main/java/io/github/classgraph/ResourceList.java,io.github.classgraph.ResourceList,"io.github.classgraph.ResourceList{name=forEachByteArray,return=void,parameters=[io.github.classgraph.ResourceList$ByteArrayConsumer]}",3160236407c760e1aab46235e9016574b20177b68f72302bbbc8f2a1fd1749c9,,,,,,0,399,0
src/main/java/io/github/classgraph/ResourceList.java,io.github.classgraph.ResourceList,"io.github.classgraph.ResourceList{name=forEachByteArrayIgnoringIOException,return=void,parameters=[io.github.classgraph.ResourceList$ByteArrayConsumer]}",993329c25fc3a10a09d3c77e7653dc8d84de31b627cde670df4dbfb10e6a7e40,,,,,,0,417,0
src/main/java/io/github/classgraph/ResourceList.java,io.github.classgraph.ResourceList,"io.github.classgraph.ResourceList{name=forEachByteArrayThrowingIOException,return=void,parameters=[io.github.classgraph.ResourceList$ByteArrayConsumerThrowsIOException]}",b8de5d39b06381ea9f8f7a5986d6b41c7f7a9b6be5f9b97bffb32358caf108f7,,,,,,0,429,0
src/main/java/io/github/classgraph/ResourceList.java,io.github.classgraph.ResourceList$InputStreamConsumer,"io.github.classgraph.ResourceList$InputStreamConsumer{name=accept,return=void,parameters=[io.github.classgraph.Resource,java.io.InputStream]}",695cb7dd6af10120eef73102165b4042a0781139b01ec8044b7445dc3cf5be0a,,,,,,0,289,0
src/main/java/io/github/classgraph/ResourceList.java,io.github.classgraph.ResourceList$InputStreamConsumerThrowsIOException,"io.github.classgraph.ResourceList$InputStreamConsumerThrowsIOException{name=accept,return=void,parameters=[io.github.classgraph.Resource,java.io.InputStream]}",e2070a9d5a98c0cac3647294f6598efb3be09a98459de8e6c76b4448647d4263,,,,,,0,315,0
src/main/java/io/github/classgraph/ResourceList.java,io.github.classgraph.ResourceList,"io.github.classgraph.ResourceList{name=forEachInputStream,return=void,parameters=[io.github.classgraph.ResourceList$InputStreamConsumer,boolean]}",ba5af96dbb0f18adffb8bb2b89ce10a18fa8deb0131deb400707817fc8077914,,,,,,0,533,0
src/main/java/io/github/classgraph/ResourceList.java,io.github.classgraph.ResourceList,"io.github.classgraph.ResourceList{name=forEachInputStream,return=void,parameters=[io.github.classgraph.ResourceList$InputStreamConsumer]}",3709abfe95e4ee71c1320085ed56feb054302d29fc975cd5492b31b98ad11c52,,,,,,0,407,0
src/main/java/io/github/classgraph/ResourceList.java,io.github.classgraph.ResourceList,"io.github.classgraph.ResourceList{name=forEachInputStreamIgnoringIOException,return=void,parameters=[io.github.classgraph.ResourceList$InputStreamConsumer]}",329809e0860fd42772c13e7c2a456a786fa6cefb96ecc19c3aeef70b846c3a8d,,,,,,0,414,0
src/main/java/io/github/classgraph/ResourceList.java,io.github.classgraph.ResourceList,"io.github.classgraph.ResourceList{name=forEachInputStreamThrowingIOException,return=void,parameters=[io.github.classgraph.ResourceList$InputStreamConsumerThrowsIOException]}",c35a1f83c2f3d59de23719acd10b0330ef29e32ce9062a5e8f261a3490e7d3a2,,,,,,0,432,0
src/main/java/io/github/classgraph/ResourceList.java,io.github.classgraph.ResourceList$ByteBufferConsumer,"io.github.classgraph.ResourceList$ByteBufferConsumer{name=accept,return=void,parameters=[io.github.classgraph.Resource,java.nio.ByteBuffer]}",4111fb00ce4c9cde85c7dac20553351f13ddee4a6b411c626906ba9c5ac22c2b,,,,,,0,299,0
src/main/java/io/github/classgraph/ResourceList.java,io.github.classgraph.ResourceList$ByteBufferConsumerThrowsIOException,"io.github.classgraph.ResourceList$ByteBufferConsumerThrowsIOException{name=accept,return=void,parameters=[io.github.classgraph.Resource,java.nio.ByteBuffer]}",c1ce48f41e2a4ea618be46826281efa71965fe6c850669c626744d9a406ca1ee,,,,,,0,315,0
src/main/java/io/github/classgraph/ResourceList.java,io.github.classgraph.ResourceList,"io.github.classgraph.ResourceList{name=forEachByteBuffer,return=void,parameters=[io.github.classgraph.ResourceList$ByteBufferConsumer,boolean]}",091e5a308e9fe1e8eb03b96e046082684e7e0e16c4f13d8bbc3da9992b4ed2bb,,,,,,0,556,0
src/main/java/io/github/classgraph/ResourceList.java,io.github.classgraph.ResourceList,"io.github.classgraph.ResourceList{name=forEachByteBuffer,return=void,parameters=[io.github.classgraph.ResourceList$ByteBufferConsumer]}",b8ed502a0772ba26a25ff7560c2927c4457cf40f9388171727f8e3aeb04680f1,,,,,,0,422,0
src/main/java/io/github/classgraph/ResourceList.java,io.github.classgraph.ResourceList,"io.github.classgraph.ResourceList{name=forEachByteBufferIgnoringIOException,return=void,parameters=[io.github.classgraph.ResourceList$ByteBufferConsumer]}",a29f6438c1f9843869ec6b5011659fa10a0daa544025db32980dd41a86c336d6,,,,,,0,436,0
src/main/java/io/github/classgraph/ResourceList.java,io.github.classgraph.ResourceList,"io.github.classgraph.ResourceList{name=forEachByteBufferThrowingIOException,return=void,parameters=[io.github.classgraph.ResourceList$ByteBufferConsumerThrowsIOException]}",bb602b0a163352c3cb425cc5ce9a0679114b7cc2d94576049442378469d9f61d,,,,,,0,448,0
src/main/java/io/github/classgraph/ResourceList.java,io.github.classgraph.ResourceList,"io.github.classgraph.ResourceList{name=close,return=void,parameters=[]}",97810c587be5d1a44d049a0f6461e737a096041245074560b2ea6193c681348a,,,,,,0,277,0
src/main/java/io/github/classgraph/ScanResult.java,io.github.classgraph.ScanResult,"io.github.classgraph.ScanResult{name=init,return=void,parameters=[]}",6c201dee91d0130c9e50248059e6b0db2fa8d822241f59b68110d81731f2bca0,,,,,,0,416,0
src/main/java/io/github/classgraph/ScanResult.java,io.github.classgraph.ScanResult,"io.github.classgraph.ScanResult{name=classpathContentsModifiedSinceScan,return=boolean,parameters=[]}",5a2857ac490413d1026ec006eddbf0d0044d3ecb8000bfe02e5034885499344a,,,,,,0,425,0
src/main/java/io/github/classgraph/ScanResult.java,io.github.classgraph.ScanResult,"io.github.classgraph.ScanResult{name=classpathContentsLastModifiedTime,return=long,parameters=[]}",8d067b6dac0c432f47fb91ec11434c6a80d085118bbe68eaada4c6c4ecd340b8,,,,,,0,474,0
src/main/java/io/github/classgraph/ScanResult.java,io.github.classgraph.ScanResult,"io.github.classgraph.ScanResult{name=loadClass,return=java.lang.Class<Generic{?}>,parameters=[java.lang.String,boolean]}",305d2c828407a14d26383ddb2a38fac3c2a344dd7dbd1107bef1e33d96d9ad9d,,,,,,0,644,0
src/main/java/io/github/classgraph/ScanResult.java,io.github.classgraph.ScanResult,"io.github.classgraph.ScanResult{name=loadClass,return=java.lang.Class<Generic{T}>,parameters=[java.lang.String,java.lang.Class<Generic{T}>,boolean]}",234c600817450b90edf9c94ea40ebaec0b111551d9cc480a407eea9ef2ae4f89,,,,,,0,836,0
src/main/java/io/github/classgraph/ScanResult.java,io.github.classgraph.ScanResult,"io.github.classgraph.ScanResult{name=fromJSON,return=io.github.classgraph.ScanResult,parameters=[java.lang.String]}",cc181511a37066b5277bd55489519bb97dbfed3b7b768b0694329f843a3b39d8,,,,,,0,962,0
src/main/java/io/github/classgraph/ScanResult.java,io.github.classgraph.ScanResult,"io.github.classgraph.ScanResult{name=toJSON,return=java.lang.String,parameters=[int]}",85e0d51452a049210ac63dc972a1121d78ec784ca702c1cc61291fecfe9ae004,,,,,,0,555,0
src/main/java/io/github/classgraph/ScanResult.java,io.github.classgraph.ScanResult,"io.github.classgraph.ScanResult{name=toJSON,return=java.lang.String,parameters=[]}",f2f2c8b64b27094f009fc1ed590af88b3036f9a6f137582067c207ad25979a5c,,,,,,0,271,0
src/main/java/io/github/classgraph/ScanResult.java,io.github.classgraph.ScanResult,"io.github.classgraph.ScanResult{name=close,return=void,parameters=[]}",5e77cf4c87b87ad9470be35ddcf30765509fc35b7621212832d718138f0bb218,,,,,,0,795,0
src/main/java/io/github/classgraph/ScanResult.java,io.github.classgraph.ScanResult,"io.github.classgraph.ScanResult{name=closeAll,return=void,parameters=[]}",76315e474c284fc330bc4cf57185456dfb48de420bf64cc43a793ddaeb530f42,,,,,,0,407,0
src/main/java/io/github/classgraph/ScanResultObject.java,io.github.classgraph.ScanResultObject,"io.github.classgraph.ScanResultObject{name=findReferencedClassInfo,return=java.util.Set<io.github.classgraph.ClassInfo>,parameters=[nonapi.io.github.classgraph.utils.LogNode]}",3065d0b2f5319b9f5fff0dbcef1160d79b8a41bb6088c874077d368d79439773,,,,,,0,351,0
src/main/java/io/github/classgraph/ScanResultObject.java,io.github.classgraph.ScanResultObject,"io.github.classgraph.ScanResultObject{name=findReferencedClassInfo,return=void,parameters=[java.util.Map<java.lang.String, io.github.classgraph.ClassInfo>,java.util.Set<io.github.classgraph.ClassInfo>,nonapi.io.github.classgraph.utils.LogNode]}",bece6797ae5a3c15e5765ee0688333af7d6ab9e172272d17331bd21b52e41e4d,,,,,,0,365,0
src/main/java/io/github/classgraph/ScanResultObject.java,io.github.classgraph.ScanResultObject,"io.github.classgraph.ScanResultObject{name=loadClass,return=java.lang.Class<Generic{T}>,parameters=[java.lang.Class<Generic{T}>,boolean]}",6325cbbb395f9a17d49884e55f6c1a4e1138d47df44e4376a44b6c08ab84bfa5,,,,,,0,574,0
src/main/java/io/github/classgraph/ScanResultObject.java,io.github.classgraph.ScanResultObject,"io.github.classgraph.ScanResultObject{name=loadClass,return=java.lang.Class<Generic{T}>,parameters=[java.lang.Class<Generic{T}>]}",e9854a7091e703e423c791a05cc99de7d1a21efccff7a236e8deb5e1a8a3787c,,,,,,0,414,0
src/main/java/io/github/classgraph/ScanResultObject.java,io.github.classgraph.ScanResultObject,"io.github.classgraph.ScanResultObject{name=loadClass,return=java.lang.Class<Generic{?}>,parameters=[boolean]}",36cd497af4e51cf6b2c58b2f8ddf90bbcf2281d1fa2107a08cc4fd7cf16b6cfb,,,,,,0,480,0
src/main/java/io/github/classgraph/ScanResultObject.java,io.github.classgraph.ScanResultObject,"io.github.classgraph.ScanResultObject{name=loadClass,return=java.lang.Class<Generic{?}>,parameters=[]}",fa6216f6021c55048367a6b0fff95ab3ec3633f47098fc84202792e9ee72f5ec,,,,,,0,322,0
src/main/java/io/github/classgraph/ScanResultObject.java,io.github.classgraph.ScanResultObject,"io.github.classgraph.ScanResultObject{name=toStringWithSimpleNames,return=java.lang.String,parameters=[]}",8e5b87eeb999f3a7a101b5bdabd5732879787e564496315be51e6a2a9fd88349,,,,,,0,318,0
src/main/java/io/github/classgraph/Scanner.java,io.github.classgraph.Scanner$1,"io.github.classgraph.Scanner$1{name=compare,return=int,parameters=[java.util.Map$Entry<java.lang.Integer, io.github.classgraph.ClasspathElement>,java.util.Map$Entry<java.lang.Integer, io.github.classgraph.ClasspathElement>]}",a03f5ebff18054f01190341ea1b8411311f04a87d5d62007151a7d5d88680356,,,,,,0,267,0
src/main/java/io/github/classgraph/Scanner.java,io.github.classgraph.Scanner$2,"io.github.classgraph.Scanner$2{name=newInstance,return=io.github.classgraph.ClasspathElement,parameters=[nonapi.io.github.classgraph.classpath.ClasspathOrder$ClasspathElementAndClassLoader,nonapi.io.github.classgraph.utils.LogNode]}",7f6c03e2748f4e6a6ff6b355038c91f337936186dacca82cf0410676c44710c9,,,,,,0,2240,0
src/main/java/io/github/classgraph/Scanner.java,io.github.classgraph.Scanner$ClassfileScannerWorkUnitProcessor,"io.github.classgraph.Scanner$ClassfileScannerWorkUnitProcessor{name=processWorkUnit,return=void,parameters=[io.github.classgraph.Scanner$ClassfileScanWorkUnit,nonapi.io.github.classgraph.concurrency.WorkQueue<io.github.classgraph.Scanner$ClassfileScanWorkUnit>,nonapi.io.github.classgraph.utils.LogNode]}",994eba28b6046bc26a0cb16f595049aa3cace927616f7d428f028d1e4169ca23,,,,,,0,893,0
src/main/java/io/github/classgraph/Scanner.java,io.github.classgraph.Scanner,"io.github.classgraph.Scanner{name=call,return=io.github.classgraph.ScanResult,parameters=[]}",9005bbd564c7784cc2a8ccf727609a47a054404517c58d5c7cfeed1b6035a830,,,,,,0,1078,0
src/main/java/io/github/classgraph/TypeArgument.java,io.github.classgraph.TypeArgument,"io.github.classgraph.TypeArgument{name=addTypeAnnotation,return=void,parameters=[java.util.List<io.github.classgraph.Classfile$TypePathNode>,io.github.classgraph.AnnotationInfo]}",ecdd6a3c23fa805d4258342cf35d6d2fcf5fc2b8024e40591dc558ea86f21680,,,,,,0,408,0
src/main/java/io/github/classgraph/TypeArgument.java,io.github.classgraph.TypeArgument,"io.github.classgraph.TypeArgument{name=parseList,return=java.util.List<io.github.classgraph.TypeArgument>,parameters=[nonapi.io.github.classgraph.types.Parser,java.lang.String]}",5f71f12a64f8c9baadac994aaa708732f0cbc812151a4c2f0a9e3ebc659d3e99,,,,,,0,422,0
src/main/java/io/github/classgraph/TypeArgument.java,io.github.classgraph.TypeArgument,"io.github.classgraph.TypeArgument{name=findReferencedClassNames,return=void,parameters=[java.util.Set<java.lang.String>]}",f7b899ce4b801c25dee4998d82be372b240dbf76f70cd6c9a70a0e0feeecc196,,,,,,0,299,0
src/main/java/io/github/classgraph/TypeArgument.java,io.github.classgraph.TypeArgument,"io.github.classgraph.TypeArgument{name=toStringInternal,return=void,parameters=[boolean,io.github.classgraph.AnnotationInfoList,java.lang.StringBuilder]}",3f2ee680979c9c8644d8d8daba692cfff2ed01f566acf8a92bcc38fffefeef03,,,,,,0,457,0
src/main/java/io/github/classgraph/TypeParameter.java,io.github.classgraph.TypeParameter,"io.github.classgraph.TypeParameter{name=addTypeAnnotation,return=void,parameters=[java.util.List<io.github.classgraph.Classfile$TypePathNode>,io.github.classgraph.AnnotationInfo]}",d570d10640bf89c79d085c38f00ff1a2bfa52bb2cf080d573cc9d0ab44e52a38,,,,,,0,295,0
src/main/java/io/github/classgraph/TypeParameter.java,io.github.classgraph.TypeParameter,"io.github.classgraph.TypeParameter{name=parseList,return=java.util.List<io.github.classgraph.TypeParameter>,parameters=[nonapi.io.github.classgraph.types.Parser,java.lang.String]}",46b129305c3584398e226fd8de2602fafd8f9261c71dcfcfed9b11f29876bd31,,,,,,0,647,0
src/main/java/io/github/classgraph/TypeParameter.java,io.github.classgraph.TypeParameter,"io.github.classgraph.TypeParameter{name=findReferencedClassNames,return=void,parameters=[java.util.Set<java.lang.String>]}",332e8e3954f66e794968632c7d8108c2e9aa448b3006a44ff8757a6c1250a2da,,,,,,0,328,0
src/main/java/io/github/classgraph/TypeParameter.java,io.github.classgraph.TypeParameter,"io.github.classgraph.TypeParameter{name=toStringInternal,return=void,parameters=[boolean,io.github.classgraph.AnnotationInfoList,java.lang.StringBuilder]}",721ab07d0c282587f62966a342ff520c41374a971e0ffc2054bdd0fa4f9ad1e4,,,,,,0,578,0
src/main/java/io/github/classgraph/TypeSignature.java,io.github.classgraph.TypeSignature,"io.github.classgraph.TypeSignature{name=findReferencedClassNames,return=void,parameters=[java.util.Set<java.lang.String>]}",c4251b727aaf84e9cc1965467185a9fde8e4e2b1d202f6bffc8fd3eac8dd0fb2,,,,,,0,302,0
src/main/java/io/github/classgraph/TypeSignature.java,io.github.classgraph.TypeSignature,"io.github.classgraph.TypeSignature{name=findReferencedClassInfo,return=void,parameters=[java.util.Map<java.lang.String, io.github.classgraph.ClassInfo>,java.util.Set<io.github.classgraph.ClassInfo>,nonapi.io.github.classgraph.utils.LogNode]}",6e59befac70fbf63dd9c1d5b061ed5fdd72a8cca2b110dd166f4d35d93a27f4a,,,,,,0,421,0
src/main/java/io/github/classgraph/TypeSignature.java,io.github.classgraph.TypeSignature,"io.github.classgraph.TypeSignature{name=equalsIgnoringTypeParams,return=boolean,parameters=[io.github.classgraph.TypeSignature]}",3646648a90e02c6e85f7b7f09a71ce6ecd6f261c404d1229d8dce4fc4642434c,,,,,,0,289,0
src/main/java/io/github/classgraph/TypeSignature.java,io.github.classgraph.TypeSignature,"io.github.classgraph.TypeSignature{name=parse,return=io.github.classgraph.TypeSignature,parameters=[nonapi.io.github.classgraph.types.Parser,java.lang.String]}",2160be891a1cffb27dcab2a22c09a293815b563d0bdd988c2bd98dbfe812a218,,,,,,0,419,0
src/main/java/io/github/classgraph/TypeSignature.java,io.github.classgraph.TypeSignature,"io.github.classgraph.TypeSignature{name=parse,return=io.github.classgraph.TypeSignature,parameters=[java.lang.String,java.lang.String]}",1f34a7e4523cc8349e0ef72e89c353ae1c8102e47994b31bd03a051ac5de5314,,,,,,0,411,0
src/main/java/io/github/classgraph/TypeSignature.java,io.github.classgraph.TypeSignature,"io.github.classgraph.TypeSignature{name=addTypeAnnotation,return=void,parameters=[java.util.List<io.github.classgraph.Classfile$TypePathNode>,io.github.classgraph.AnnotationInfo]}",edbb8aa5e399ef6ec0b3eb28744806acc80146c04d9cc0091c150ca43ab8cd1a,,,,,,0,296,0
src/main/java/io/github/classgraph/TypeVariableSignature.java,io.github.classgraph.TypeVariableSignature,"io.github.classgraph.TypeVariableSignature{name=resolve,return=io.github.classgraph.TypeParameter,parameters=[]}",0539b082912da7cd740e73933b0598eb616e2a36cbc29ee8c62d5d132ff44069,,,,,,0,659,0
src/main/java/io/github/classgraph/TypeVariableSignature.java,io.github.classgraph.TypeVariableSignature,"io.github.classgraph.TypeVariableSignature{name=addTypeAnnotation,return=void,parameters=[java.util.List<io.github.classgraph.Classfile$TypePathNode>,io.github.classgraph.AnnotationInfo]}",f8ab5a66bb8b2712746e9022a1be4ac16947d58c6c05be85debe89941d4b7294,,,,,,0,299,0
src/main/java/io/github/classgraph/TypeVariableSignature.java,io.github.classgraph.TypeVariableSignature,"io.github.classgraph.TypeVariableSignature{name=parse,return=io.github.classgraph.TypeVariableSignature,parameters=[nonapi.io.github.classgraph.types.Parser,java.lang.String]}",cf8e499f46f663718bf3bb8feb277d2d0a0cda0429c090de672e516826a62f5c,,,,,,0,532,0
src/main/java/io/github/classgraph/TypeVariableSignature.java,io.github.classgraph.TypeVariableSignature,"io.github.classgraph.TypeVariableSignature{name=findReferencedClassNames,return=void,parameters=[java.util.Set<java.lang.String>]}",a92b5c4f73d1c8e55976552870be35ab934a280e85d55356d9f8a75e61ea7980,,,,,,0,283,0
src/main/java/io/github/classgraph/TypeVariableSignature.java,io.github.classgraph.TypeVariableSignature,"io.github.classgraph.TypeVariableSignature{name=equalsIgnoringTypeParams,return=boolean,parameters=[io.github.classgraph.TypeSignature]}",11247c357b2d3b8dbd07f670b6f349daef36b5eab4a5da11119d8577dac460d2,,,,,,0,884,0
src/main/java/io/github/classgraph/TypeVariableSignature.java,io.github.classgraph.TypeVariableSignature,"io.github.classgraph.TypeVariableSignature{name=toStringWithTypeBound,return=java.lang.String,parameters=[]}",6c2b03dc7a9eea3cc697c3bec1181abaaaac206bb35cdd71aaf3d7f5cc0cb796,,,,,,0,353,0
src/main/java/io/github/classgraph/TypeVariableSignature.java,io.github.classgraph.TypeVariableSignature,"io.github.classgraph.TypeVariableSignature{name=toStringInternal,return=void,parameters=[boolean,io.github.classgraph.AnnotationInfoList,java.lang.StringBuilder]}",ef78fee7b421050ce68553256ff239c717dfa13168faf603df1e06f0e9d7f22f,,,,,,0,329,0
src/main/java/nonapi/io/github/classgraph/classloaderhandler/AntClassLoaderHandler.java,nonapi.io.github.classgraph.classloaderhandler.AntClassLoaderHandler,"nonapi.io.github.classgraph.classloaderhandler.AntClassLoaderHandler{name=canHandle,return=boolean,parameters=[java.lang.Class<Generic{?}>,nonapi.io.github.classgraph.utils.LogNode]}",b9a7d57bb425fda22a96505768968cb08c500f2d5671f9c4e3056c2c6e0c8a24,,,,,,0,353,0
src/main/java/nonapi/io/github/classgraph/classloaderhandler/AntClassLoaderHandler.java,nonapi.io.github.classgraph.classloaderhandler.AntClassLoaderHandler,"nonapi.io.github.classgraph.classloaderhandler.AntClassLoaderHandler{name=findClassLoaderOrder,return=void,parameters=[java.lang.ClassLoader,nonapi.io.github.classgraph.classpath.ClassLoaderOrder,nonapi.io.github.classgraph.utils.LogNode]}",bdd12598ef13b226e2ece567028bf84444a1fde2aed60b4f7063e60777d6587b,,,,,,0,368,0
src/main/java/nonapi/io/github/classgraph/classloaderhandler/AntClassLoaderHandler.java,nonapi.io.github.classgraph.classloaderhandler.AntClassLoaderHandler,"nonapi.io.github.classgraph.classloaderhandler.AntClassLoaderHandler{name=findClasspathOrder,return=void,parameters=[java.lang.ClassLoader,nonapi.io.github.classgraph.classpath.ClasspathOrder,nonapi.io.github.classgraph.scanspec.ScanSpec,nonapi.io.github.classgraph.utils.LogNode]}",a57c3021df81b483e608235ec8e22b9a0456be19f13aec36351e9717e758e326,,,,,,0,420,0
src/main/java/nonapi/io/github/classgraph/classloaderhandler/ClassGraphClassLoaderHandler.java,nonapi.io.github.classgraph.classloaderhandler.ClassGraphClassLoaderHandler,"nonapi.io.github.classgraph.classloaderhandler.ClassGraphClassLoaderHandler{name=canHandle,return=boolean,parameters=[java.lang.Class<Generic{?}>,nonapi.io.github.classgraph.utils.LogNode]}",84a94aa924d1d301b594c08bd5b9d3a1dba64830159d0c7071603f7260672183,,,,,,0,421,0
src/main/java/nonapi/io/github/classgraph/classloaderhandler/ClassGraphClassLoaderHandler.java,nonapi.io.github.classgraph.classloaderhandler.ClassGraphClassLoaderHandler,"nonapi.io.github.classgraph.classloaderhandler.ClassGraphClassLoaderHandler{name=findClassLoaderOrder,return=void,parameters=[java.lang.ClassLoader,nonapi.io.github.classgraph.classpath.ClassLoaderOrder,nonapi.io.github.classgraph.utils.LogNode]}",bdd12598ef13b226e2ece567028bf84444a1fde2aed60b4f7063e60777d6587b,,,,,,0,368,0
src/main/java/nonapi/io/github/classgraph/classloaderhandler/ClassGraphClassLoaderHandler.java,nonapi.io.github.classgraph.classloaderhandler.ClassGraphClassLoaderHandler,"nonapi.io.github.classgraph.classloaderhandler.ClassGraphClassLoaderHandler{name=findClasspathOrder,return=void,parameters=[java.lang.ClassLoader,nonapi.io.github.classgraph.classpath.ClasspathOrder,nonapi.io.github.classgraph.scanspec.ScanSpec,nonapi.io.github.classgraph.utils.LogNode]}",0d1bc7135a3240daf712c796153bbf906ee67061cf9a4472d9801ec4595d0b0a,,,,,,0,524,0
src/main/java/nonapi/io/github/classgraph/classloaderhandler/ClassLoaderHandlerRegistry.java,nonapi.io.github.classgraph.classloaderhandler.ClassLoaderHandlerRegistry$ClassLoaderHandlerRegistryEntry,"nonapi.io.github.classgraph.classloaderhandler.ClassLoaderHandlerRegistry$ClassLoaderHandlerRegistryEntry{name=canHandle,return=boolean,parameters=[java.lang.Class<Generic{?}>,nonapi.io.github.classgraph.utils.LogNode]}",6a2fe54c453efb2548fbb4f7acea3502e011e09e6eb6c0a6c5cf827fc7f522c4,,,,,,0,379,0
src/main/java/nonapi/io/github/classgraph/classloaderhandler/ClassLoaderHandlerRegistry.java,nonapi.io.github.classgraph.classloaderhandler.ClassLoaderHandlerRegistry$ClassLoaderHandlerRegistryEntry,"nonapi.io.github.classgraph.classloaderhandler.ClassLoaderHandlerRegistry$ClassLoaderHandlerRegistryEntry{name=findClassLoaderOrder,return=void,parameters=[java.lang.ClassLoader,nonapi.io.github.classgraph.classpath.ClassLoaderOrder,nonapi.io.github.classgraph.utils.LogNode]}",f79a6fed5ff8770a1a797085ea11413acdd4d99291bc9c4c5180ed0456f7bddd,,,,,,0,408,0
src/main/java/nonapi/io/github/classgraph/classloaderhandler/ClassLoaderHandlerRegistry.java,nonapi.io.github.classgraph.classloaderhandler.ClassLoaderHandlerRegistry$ClassLoaderHandlerRegistryEntry,"nonapi.io.github.classgraph.classloaderhandler.ClassLoaderHandlerRegistry$ClassLoaderHandlerRegistryEntry{name=findClasspathOrder,return=void,parameters=[java.lang.ClassLoader,nonapi.io.github.classgraph.classpath.ClasspathOrder,nonapi.io.github.classgraph.scanspec.ScanSpec,nonapi.io.github.classgraph.utils.LogNode]}",00e69242e9f6867a06edfb92ec121e115b37fdcfe1549995ecdf7619071a7778,,,,,,0,447,0
src/main/java/nonapi/io/github/classgraph/classloaderhandler/CxfContainerClassLoaderHandler.java,nonapi.io.github.classgraph.classloaderhandler.CxfContainerClassLoaderHandler,"nonapi.io.github.classgraph.classloaderhandler.CxfContainerClassLoaderHandler{name=canHandle,return=boolean,parameters=[java.lang.Class<Generic{?}>,nonapi.io.github.classgraph.utils.LogNode]}",0f69a432c8ab4f1bfb01836c5a0c53a1e56d65a2df2aba58d6db661404874209,,,,,,0,362,0
src/main/java/nonapi/io/github/classgraph/classloaderhandler/CxfContainerClassLoaderHandler.java,nonapi.io.github.classgraph.classloaderhandler.CxfContainerClassLoaderHandler,"nonapi.io.github.classgraph.classloaderhandler.CxfContainerClassLoaderHandler{name=findClassLoaderOrder,return=void,parameters=[java.lang.ClassLoader,nonapi.io.github.classgraph.classpath.ClassLoaderOrder,nonapi.io.github.classgraph.utils.LogNode]}",1822168f4eca1a610ccfa7c825dc244ad50190c06a094d82be264d9b46dcc874,,,,,,0,483,0
src/main/java/nonapi/io/github/classgraph/classloaderhandler/CxfContainerClassLoaderHandler.java,nonapi.io.github.classgraph.classloaderhandler.CxfContainerClassLoaderHandler,"nonapi.io.github.classgraph.classloaderhandler.CxfContainerClassLoaderHandler{name=findClasspathOrder,return=void,parameters=[java.lang.ClassLoader,nonapi.io.github.classgraph.classpath.ClasspathOrder,nonapi.io.github.classgraph.scanspec.ScanSpec,nonapi.io.github.classgraph.utils.LogNode]}",114998062c3687d44ec25dfd275227662bbb04090dcaac999ef3bc7b5795f71c,,,,,,0,396,0
src/main/java/nonapi/io/github/classgraph/classloaderhandler/EquinoxClassLoaderHandler.java,nonapi.io.github.classgraph.classloaderhandler.EquinoxClassLoaderHandler,"nonapi.io.github.classgraph.classloaderhandler.EquinoxClassLoaderHandler{name=canHandle,return=boolean,parameters=[java.lang.Class<Generic{?}>,nonapi.io.github.classgraph.utils.LogNode]}",b429e50111e80ab646bc235f796ec31772f06da8e037766a95a49517b40fea4c,,,,,,0,355,0
src/main/java/nonapi/io/github/classgraph/classloaderhandler/EquinoxClassLoaderHandler.java,nonapi.io.github.classgraph.classloaderhandler.EquinoxClassLoaderHandler,"nonapi.io.github.classgraph.classloaderhandler.EquinoxClassLoaderHandler{name=findClassLoaderOrder,return=void,parameters=[java.lang.ClassLoader,nonapi.io.github.classgraph.classpath.ClassLoaderOrder,nonapi.io.github.classgraph.utils.LogNode]}",bdd12598ef13b226e2ece567028bf84444a1fde2aed60b4f7063e60777d6587b,,,,,,0,368,0
src/main/java/nonapi/io/github/classgraph/classloaderhandler/EquinoxClassLoaderHandler.java,nonapi.io.github.classgraph.classloaderhandler.EquinoxClassLoaderHandler,"nonapi.io.github.classgraph.classloaderhandler.EquinoxClassLoaderHandler{name=findClasspathOrder,return=void,parameters=[java.lang.ClassLoader,nonapi.io.github.classgraph.classpath.ClasspathOrder,nonapi.io.github.classgraph.scanspec.ScanSpec,nonapi.io.github.classgraph.utils.LogNode]}",519db64e8d6ca907db72b14a784c4ba646c0740680a6ce5725cc3ed9134fa151,,,,,,0,988,0
src/main/java/nonapi/io/github/classgraph/classloaderhandler/EquinoxContextFinderClassLoaderHandler.java,nonapi.io.github.classgraph.classloaderhandler.EquinoxContextFinderClassLoaderHandler,"nonapi.io.github.classgraph.classloaderhandler.EquinoxContextFinderClassLoaderHandler{name=canHandle,return=boolean,parameters=[java.lang.Class<Generic{?}>,nonapi.io.github.classgraph.utils.LogNode]}",a638c8c51b2e9f3d86eda1a3bee69353ac1e762c79b95478d644a6dfbc688cd8,,,,,,0,353,0
src/main/java/nonapi/io/github/classgraph/classloaderhandler/EquinoxContextFinderClassLoaderHandler.java,nonapi.io.github.classgraph.classloaderhandler.EquinoxContextFinderClassLoaderHandler,"nonapi.io.github.classgraph.classloaderhandler.EquinoxContextFinderClassLoaderHandler{name=findClassLoaderOrder,return=void,parameters=[java.lang.ClassLoader,nonapi.io.github.classgraph.classpath.ClassLoaderOrder,nonapi.io.github.classgraph.utils.LogNode]}",8dee290f741c73b39fc46249f9a34c2cc48d3579c1398278f8ba50c004f1c153,,,,,,0,415,0
src/main/java/nonapi/io/github/classgraph/classloaderhandler/EquinoxContextFinderClassLoaderHandler.java,nonapi.io.github.classgraph.classloaderhandler.EquinoxContextFinderClassLoaderHandler,"nonapi.io.github.classgraph.classloaderhandler.EquinoxContextFinderClassLoaderHandler{name=findClasspathOrder,return=void,parameters=[java.lang.ClassLoader,nonapi.io.github.classgraph.classpath.ClasspathOrder,nonapi.io.github.classgraph.scanspec.ScanSpec,nonapi.io.github.classgraph.utils.LogNode]}",0eb3eb6ff027d7f67fc7706791da671100dbc342a60285d989e6c4ff996dd0c0,,,,,,0,388,0
src/main/java/nonapi/io/github/classgraph/classloaderhandler/FallbackClassLoaderHandler.java,nonapi.io.github.classgraph.classloaderhandler.FallbackClassLoaderHandler,"nonapi.io.github.classgraph.classloaderhandler.FallbackClassLoaderHandler{name=canHandle,return=boolean,parameters=[java.lang.Class<Generic{?}>,nonapi.io.github.classgraph.utils.LogNode]}",45ead260aa11f79075c2219e7fb7f3c815e95fcdb5aaa30e1ba1f7fb97ecb146,,,,,,0,352,0
src/main/java/nonapi/io/github/classgraph/classloaderhandler/FallbackClassLoaderHandler.java,nonapi.io.github.classgraph.classloaderhandler.FallbackClassLoaderHandler,"nonapi.io.github.classgraph.classloaderhandler.FallbackClassLoaderHandler{name=findClassLoaderOrder,return=void,parameters=[java.lang.ClassLoader,nonapi.io.github.classgraph.classpath.ClassLoaderOrder,nonapi.io.github.classgraph.utils.LogNode]}",bdd12598ef13b226e2ece567028bf84444a1fde2aed60b4f7063e60777d6587b,,,,,,0,368,0
src/main/java/nonapi/io/github/classgraph/classloaderhandler/FallbackClassLoaderHandler.java,nonapi.io.github.classgraph.classloaderhandler.FallbackClassLoaderHandler,"nonapi.io.github.classgraph.classloaderhandler.FallbackClassLoaderHandler{name=findClasspathOrder,return=void,parameters=[java.lang.ClassLoader,nonapi.io.github.classgraph.classpath.ClasspathOrder,nonapi.io.github.classgraph.scanspec.ScanSpec,nonapi.io.github.classgraph.utils.LogNode]}",6ab520677cdf49840fba48b7523f4fcb0ba47cd64defc339d469983ec7079dde,,,,,,0,1734,0
src/main/java/nonapi/io/github/classgraph/classloaderhandler/FelixClassLoaderHandler.java,nonapi.io.github.classgraph.classloaderhandler.FelixClassLoaderHandler,"nonapi.io.github.classgraph.classloaderhandler.FelixClassLoaderHandler{name=canHandle,return=boolean,parameters=[java.lang.Class<Generic{?}>,nonapi.io.github.classgraph.utils.LogNode]}",c3dcaf63ef6ea10b29db23a558e6ef0b13f336d58d356167ffcd3d09f102e1bb,,,,,,0,386,0
src/main/java/nonapi/io/github/classgraph/classloaderhandler/FelixClassLoaderHandler.java,nonapi.io.github.classgraph.classloaderhandler.FelixClassLoaderHandler,"nonapi.io.github.classgraph.classloaderhandler.FelixClassLoaderHandler{name=findClassLoaderOrder,return=void,parameters=[java.lang.ClassLoader,nonapi.io.github.classgraph.classpath.ClassLoaderOrder,nonapi.io.github.classgraph.utils.LogNode]}",bdd12598ef13b226e2ece567028bf84444a1fde2aed60b4f7063e60777d6587b,,,,,,0,368,0
src/main/java/nonapi/io/github/classgraph/classloaderhandler/FelixClassLoaderHandler.java,nonapi.io.github.classgraph.classloaderhandler.FelixClassLoaderHandler,"nonapi.io.github.classgraph.classloaderhandler.FelixClassLoaderHandler{name=findClasspathOrder,return=void,parameters=[java.lang.ClassLoader,nonapi.io.github.classgraph.classpath.ClasspathOrder,nonapi.io.github.classgraph.scanspec.ScanSpec,nonapi.io.github.classgraph.utils.LogNode]}",d48fac3bb51880fc0480172029b5b384c3261cdf960580cd8817c174700c9181,,,,,,0,590,0
src/main/java/nonapi/io/github/classgraph/classloaderhandler/JBossClassLoaderHandler.java,nonapi.io.github.classgraph.classloaderhandler.JBossClassLoaderHandler,"nonapi.io.github.classgraph.classloaderhandler.JBossClassLoaderHandler{name=canHandle,return=boolean,parameters=[java.lang.Class<Generic{?}>,nonapi.io.github.classgraph.utils.LogNode]}",5c10a0db8ef473a5af9c9b3943da04338d08338e2b55f708338aabf137271fb9,,,,,,0,351,0
src/main/java/nonapi/io/github/classgraph/classloaderhandler/JBossClassLoaderHandler.java,nonapi.io.github.classgraph.classloaderhandler.JBossClassLoaderHandler,"nonapi.io.github.classgraph.classloaderhandler.JBossClassLoaderHandler{name=findClassLoaderOrder,return=void,parameters=[java.lang.ClassLoader,nonapi.io.github.classgraph.classpath.ClassLoaderOrder,nonapi.io.github.classgraph.utils.LogNode]}",bdd12598ef13b226e2ece567028bf84444a1fde2aed60b4f7063e60777d6587b,,,,,,0,368,0
src/main/java/nonapi/io/github/classgraph/classloaderhandler/JBossClassLoaderHandler.java,nonapi.io.github.classgraph.classloaderhandler.JBossClassLoaderHandler,"nonapi.io.github.classgraph.classloaderhandler.JBossClassLoaderHandler{name=findClasspathOrder,return=void,parameters=[java.lang.ClassLoader,nonapi.io.github.classgraph.classpath.ClasspathOrder,nonapi.io.github.classgraph.scanspec.ScanSpec,nonapi.io.github.classgraph.utils.LogNode]}",333e18d5ff537d784ec61dcfa9d37d1679a8262a7f4c1d08c5ea622750f19f8e,,,,,,0,708,0
src/main/java/nonapi/io/github/classgraph/classloaderhandler/JPMSClassLoaderHandler.java,nonapi.io.github.classgraph.classloaderhandler.JPMSClassLoaderHandler,"nonapi.io.github.classgraph.classloaderhandler.JPMSClassLoaderHandler{name=canHandle,return=boolean,parameters=[java.lang.Class<Generic{?}>,nonapi.io.github.classgraph.utils.LogNode]}",a313203396d669a41f1ee204a9565c9f59356c68c9e63d726704d96229c37be7,,,,,,0,371,0
src/main/java/nonapi/io/github/classgraph/classloaderhandler/JPMSClassLoaderHandler.java,nonapi.io.github.classgraph.classloaderhandler.JPMSClassLoaderHandler,"nonapi.io.github.classgraph.classloaderhandler.JPMSClassLoaderHandler{name=findClassLoaderOrder,return=void,parameters=[java.lang.ClassLoader,nonapi.io.github.classgraph.classpath.ClassLoaderOrder,nonapi.io.github.classgraph.utils.LogNode]}",bdd12598ef13b226e2ece567028bf84444a1fde2aed60b4f7063e60777d6587b,,,,,,0,368,0
src/main/java/nonapi/io/github/classgraph/classloaderhandler/JPMSClassLoaderHandler.java,nonapi.io.github.classgraph.classloaderhandler.JPMSClassLoaderHandler,"nonapi.io.github.classgraph.classloaderhandler.JPMSClassLoaderHandler{name=findClasspathOrder,return=void,parameters=[java.lang.ClassLoader,nonapi.io.github.classgraph.classpath.ClasspathOrder,nonapi.io.github.classgraph.scanspec.ScanSpec,nonapi.io.github.classgraph.utils.LogNode]}",ac250e1633e0ee8fe1bec7e0e86a49d74ded9b8eb93854bb9de7593a2b1e91ee,,,,,,0,573,0
src/main/java/nonapi/io/github/classgraph/classloaderhandler/OSGiDefaultClassLoaderHandler.java,nonapi.io.github.classgraph.classloaderhandler.OSGiDefaultClassLoaderHandler,"nonapi.io.github.classgraph.classloaderhandler.OSGiDefaultClassLoaderHandler{name=canHandle,return=boolean,parameters=[java.lang.Class<Generic{?}>,nonapi.io.github.classgraph.utils.LogNode]}",310283b1f37690ec3dc57ebcaca938e788b27b51dc840532e1195fb2bc5e9472,,,,,,0,355,0
src/main/java/nonapi/io/github/classgraph/classloaderhandler/OSGiDefaultClassLoaderHandler.java,nonapi.io.github.classgraph.classloaderhandler.OSGiDefaultClassLoaderHandler,"nonapi.io.github.classgraph.classloaderhandler.OSGiDefaultClassLoaderHandler{name=findClassLoaderOrder,return=void,parameters=[java.lang.ClassLoader,nonapi.io.github.classgraph.classpath.ClassLoaderOrder,nonapi.io.github.classgraph.utils.LogNode]}",bdd12598ef13b226e2ece567028bf84444a1fde2aed60b4f7063e60777d6587b,,,,,,0,368,0
src/main/java/nonapi/io/github/classgraph/classloaderhandler/OSGiDefaultClassLoaderHandler.java,nonapi.io.github.classgraph.classloaderhandler.OSGiDefaultClassLoaderHandler,"nonapi.io.github.classgraph.classloaderhandler.OSGiDefaultClassLoaderHandler{name=findClasspathOrder,return=void,parameters=[java.lang.ClassLoader,nonapi.io.github.classgraph.classpath.ClasspathOrder,nonapi.io.github.classgraph.scanspec.ScanSpec,nonapi.io.github.classgraph.utils.LogNode]}",00a9420b15a8c82fd632c6e3269e57820042212a308911d71dcd211b1ce81a34,,,,,,0,522,0
src/main/java/nonapi/io/github/classgraph/classloaderhandler/ParentLastDelegationOrderTestClassLoaderHandler.java,nonapi.io.github.classgraph.classloaderhandler.ParentLastDelegationOrderTestClassLoaderHandler,"nonapi.io.github.classgraph.classloaderhandler.ParentLastDelegationOrderTestClassLoaderHandler{name=canHandle,return=boolean,parameters=[java.lang.Class<Generic{?}>,nonapi.io.github.classgraph.utils.LogNode]}",ea9dd1fbb173e44333bc02834f7d40aacdf576f9ab5707f92b9b1f3b4430d959,,,,,,0,358,0
src/main/java/nonapi/io/github/classgraph/classloaderhandler/ParentLastDelegationOrderTestClassLoaderHandler.java,nonapi.io.github.classgraph.classloaderhandler.ParentLastDelegationOrderTestClassLoaderHandler,"nonapi.io.github.classgraph.classloaderhandler.ParentLastDelegationOrderTestClassLoaderHandler{name=findClassLoaderOrder,return=void,parameters=[java.lang.ClassLoader,nonapi.io.github.classgraph.classpath.ClassLoaderOrder,nonapi.io.github.classgraph.utils.LogNode]}",e18aef0839b8f8b4f65cfc8f87c1bb2b8a4e230f173b0aabaafb9f814b8f8fce,,,,,,0,379,0
src/main/java/nonapi/io/github/classgraph/classloaderhandler/ParentLastDelegationOrderTestClassLoaderHandler.java,nonapi.io.github.classgraph.classloaderhandler.ParentLastDelegationOrderTestClassLoaderHandler,"nonapi.io.github.classgraph.classloaderhandler.ParentLastDelegationOrderTestClassLoaderHandler{name=findClasspathOrder,return=void,parameters=[java.lang.ClassLoader,nonapi.io.github.classgraph.classpath.ClasspathOrder,nonapi.io.github.classgraph.scanspec.ScanSpec,nonapi.io.github.classgraph.utils.LogNode]}",e3715430bf81d32195f4a00eff534f2ba388c2bd0cdcac94562a33e02c799fea,,,,,,0,431,0
src/main/java/nonapi/io/github/classgraph/classloaderhandler/PlexusClassWorldsClassRealmClassLoaderHandler.java,nonapi.io.github.classgraph.classloaderhandler.PlexusClassWorldsClassRealmClassLoaderHandler,"nonapi.io.github.classgraph.classloaderhandler.PlexusClassWorldsClassRealmClassLoaderHandler{name=canHandle,return=boolean,parameters=[java.lang.Class<Generic{?}>,nonapi.io.github.classgraph.utils.LogNode]}",41eeaf95b9eab0e354b725dc1c96d72f5e566486a849b08f7f659abf3c76dd09,,,,,,0,357,0
src/main/java/nonapi/io/github/classgraph/classloaderhandler/PlexusClassWorldsClassRealmClassLoaderHandler.java,nonapi.io.github.classgraph.classloaderhandler.PlexusClassWorldsClassRealmClassLoaderHandler,"nonapi.io.github.classgraph.classloaderhandler.PlexusClassWorldsClassRealmClassLoaderHandler{name=findClassLoaderOrder,return=void,parameters=[java.lang.ClassLoader,nonapi.io.github.classgraph.classpath.ClassLoaderOrder,nonapi.io.github.classgraph.utils.LogNode]}",1e6ff7499d0164f9ed81d1ab67719419978c0fa6973f94b99cbfda00036a92c6,,,,,,0,753,0
src/main/java/nonapi/io/github/classgraph/classloaderhandler/PlexusClassWorldsClassRealmClassLoaderHandler.java,nonapi.io.github.classgraph.classloaderhandler.PlexusClassWorldsClassRealmClassLoaderHandler,"nonapi.io.github.classgraph.classloaderhandler.PlexusClassWorldsClassRealmClassLoaderHandler{name=findClasspathOrder,return=void,parameters=[java.lang.ClassLoader,nonapi.io.github.classgraph.classpath.ClasspathOrder,nonapi.io.github.classgraph.scanspec.ScanSpec,nonapi.io.github.classgraph.utils.LogNode]}",50a10eb680ec48662bada77a7a16ea081fb908881eb0387613f798f1d78b7f26,,,,,,0,415,0
src/main/java/nonapi/io/github/classgraph/classloaderhandler/QuarkusClassLoaderHandler.java,nonapi.io.github.classgraph.classloaderhandler.QuarkusClassLoaderHandler,"nonapi.io.github.classgraph.classloaderhandler.QuarkusClassLoaderHandler{name=canHandle,return=boolean,parameters=[java.lang.Class<Generic{?}>,nonapi.io.github.classgraph.utils.LogNode]}",fb81321a164e19488db0aad124f8e5c803f77d1a60959db4e617accce6819eb5,,,,,,0,342,0
src/main/java/nonapi/io/github/classgraph/classloaderhandler/QuarkusClassLoaderHandler.java,nonapi.io.github.classgraph.classloaderhandler.QuarkusClassLoaderHandler,"nonapi.io.github.classgraph.classloaderhandler.QuarkusClassLoaderHandler{name=findClassLoaderOrder,return=void,parameters=[java.lang.ClassLoader,nonapi.io.github.classgraph.classpath.ClassLoaderOrder,nonapi.io.github.classgraph.utils.LogNode]}",9968c4b42d2243b6c5dd409311fe52ef14ebf9cad781f3cd6b8f6693cb446703,,,,,,0,343,0
src/main/java/nonapi/io/github/classgraph/classloaderhandler/QuarkusClassLoaderHandler.java,nonapi.io.github.classgraph.classloaderhandler.QuarkusClassLoaderHandler,"nonapi.io.github.classgraph.classloaderhandler.QuarkusClassLoaderHandler{name=findClasspathOrder,return=void,parameters=[java.lang.ClassLoader,nonapi.io.github.classgraph.classpath.ClasspathOrder,nonapi.io.github.classgraph.scanspec.ScanSpec,nonapi.io.github.classgraph.utils.LogNode]}",01b82b701a0a7616cae679f0921b8a3d9dbb49c4cd995fac4291dd41785b08aa,,,,,,0,500,0
src/main/java/nonapi/io/github/classgraph/classloaderhandler/SpringBootRestartClassLoaderHandler.java,nonapi.io.github.classgraph.classloaderhandler.SpringBootRestartClassLoaderHandler,"nonapi.io.github.classgraph.classloaderhandler.SpringBootRestartClassLoaderHandler{name=canHandle,return=boolean,parameters=[java.lang.Class<Generic{?}>,nonapi.io.github.classgraph.utils.LogNode]}",17cb9599dc4496263062ccd02534014650654b2faef0b08df7778909455286e0,,,,,,0,359,0
src/main/java/nonapi/io/github/classgraph/classloaderhandler/SpringBootRestartClassLoaderHandler.java,nonapi.io.github.classgraph.classloaderhandler.SpringBootRestartClassLoaderHandler,"nonapi.io.github.classgraph.classloaderhandler.SpringBootRestartClassLoaderHandler{name=findClassLoaderOrder,return=void,parameters=[java.lang.ClassLoader,nonapi.io.github.classgraph.classpath.ClassLoaderOrder,nonapi.io.github.classgraph.utils.LogNode]}",103cc2083aed9e7ba8c87e10b74cb9fb1a8fc2b560bf28c264889536e3857801,,,,,,0,409,0
src/main/java/nonapi/io/github/classgraph/classloaderhandler/SpringBootRestartClassLoaderHandler.java,nonapi.io.github.classgraph.classloaderhandler.SpringBootRestartClassLoaderHandler,"nonapi.io.github.classgraph.classloaderhandler.SpringBootRestartClassLoaderHandler{name=findClasspathOrder,return=void,parameters=[java.lang.ClassLoader,nonapi.io.github.classgraph.classpath.ClasspathOrder,nonapi.io.github.classgraph.scanspec.ScanSpec,nonapi.io.github.classgraph.utils.LogNode]}",74874b7399b9352dd09cc87b11e31b683eb47e0259e71fdd2d21335fd683beca,,,,,,0,532,0
src/main/java/nonapi/io/github/classgraph/classloaderhandler/TomcatWebappClassLoaderBaseHandler.java,nonapi.io.github.classgraph.classloaderhandler.TomcatWebappClassLoaderBaseHandler,"nonapi.io.github.classgraph.classloaderhandler.TomcatWebappClassLoaderBaseHandler{name=canHandle,return=boolean,parameters=[java.lang.Class<Generic{?}>,nonapi.io.github.classgraph.utils.LogNode]}",0a8c4dd84a32abf36ee2a5691c220778dc0e10018efe2a2908a8c9731e9f9b87,,,,,,0,356,0
src/main/java/nonapi/io/github/classgraph/classloaderhandler/TomcatWebappClassLoaderBaseHandler.java,nonapi.io.github.classgraph.classloaderhandler.TomcatWebappClassLoaderBaseHandler,"nonapi.io.github.classgraph.classloaderhandler.TomcatWebappClassLoaderBaseHandler{name=findClassLoaderOrder,return=void,parameters=[java.lang.ClassLoader,nonapi.io.github.classgraph.classpath.ClassLoaderOrder,nonapi.io.github.classgraph.utils.LogNode]}",26c7766f2ac435cfd0121d8a41fbe3098afe4596016e8b447abb7c33ca11764f,,,,,,0,567,0
src/main/java/nonapi/io/github/classgraph/classloaderhandler/TomcatWebappClassLoaderBaseHandler.java,nonapi.io.github.classgraph.classloaderhandler.TomcatWebappClassLoaderBaseHandler,"nonapi.io.github.classgraph.classloaderhandler.TomcatWebappClassLoaderBaseHandler{name=findClasspathOrder,return=void,parameters=[java.lang.ClassLoader,nonapi.io.github.classgraph.classpath.ClasspathOrder,nonapi.io.github.classgraph.scanspec.ScanSpec,nonapi.io.github.classgraph.utils.LogNode]}",91976cfddfbf080f37b193c69711470da2ccf30213eaf676587209a455c4e456,,,,,,0,1132,0
src/main/java/nonapi/io/github/classgraph/classloaderhandler/URLClassLoaderHandler.java,nonapi.io.github.classgraph.classloaderhandler.URLClassLoaderHandler,"nonapi.io.github.classgraph.classloaderhandler.URLClassLoaderHandler{name=canHandle,return=boolean,parameters=[java.lang.Class<Generic{?}>,nonapi.io.github.classgraph.utils.LogNode]}",59191a59160f892d833064341ff708caa7cdfd855f4fe7f580f70640a84a429a,,,,,,0,350,0
src/main/java/nonapi/io/github/classgraph/classloaderhandler/URLClassLoaderHandler.java,nonapi.io.github.classgraph.classloaderhandler.URLClassLoaderHandler,"nonapi.io.github.classgraph.classloaderhandler.URLClassLoaderHandler{name=findClassLoaderOrder,return=void,parameters=[java.lang.ClassLoader,nonapi.io.github.classgraph.classpath.ClassLoaderOrder,nonapi.io.github.classgraph.utils.LogNode]}",bdd12598ef13b226e2ece567028bf84444a1fde2aed60b4f7063e60777d6587b,,,,,,0,368,0
src/main/java/nonapi/io/github/classgraph/classloaderhandler/URLClassLoaderHandler.java,nonapi.io.github.classgraph.classloaderhandler.URLClassLoaderHandler,"nonapi.io.github.classgraph.classloaderhandler.URLClassLoaderHandler{name=findClasspathOrder,return=void,parameters=[java.lang.ClassLoader,nonapi.io.github.classgraph.classpath.ClasspathOrder,nonapi.io.github.classgraph.scanspec.ScanSpec,nonapi.io.github.classgraph.utils.LogNode]}",d73ff0426b0ce9ef2941d655811c53c489f5cc2b9e5018dfc69e37dd7fac9c77,,,,,,0,439,0
src/main/java/nonapi/io/github/classgraph/classloaderhandler/UnoOneJarClassLoaderHandler.java,nonapi.io.github.classgraph.classloaderhandler.UnoOneJarClassLoaderHandler,"nonapi.io.github.classgraph.classloaderhandler.UnoOneJarClassLoaderHandler{name=canHandle,return=boolean,parameters=[java.lang.Class<Generic{?}>,nonapi.io.github.classgraph.utils.LogNode]}",2b67c18f1c775c43f1ecae3c5068478803cf23e034f58c0f1af7c0c354b326d5,,,,,,0,376,0
src/main/java/nonapi/io/github/classgraph/classloaderhandler/UnoOneJarClassLoaderHandler.java,nonapi.io.github.classgraph.classloaderhandler.UnoOneJarClassLoaderHandler,"nonapi.io.github.classgraph.classloaderhandler.UnoOneJarClassLoaderHandler{name=findClassLoaderOrder,return=void,parameters=[java.lang.ClassLoader,nonapi.io.github.classgraph.classpath.ClassLoaderOrder,nonapi.io.github.classgraph.utils.LogNode]}",bdd12598ef13b226e2ece567028bf84444a1fde2aed60b4f7063e60777d6587b,,,,,,0,368,0
src/main/java/nonapi/io/github/classgraph/classloaderhandler/UnoOneJarClassLoaderHandler.java,nonapi.io.github.classgraph.classloaderhandler.UnoOneJarClassLoaderHandler,"nonapi.io.github.classgraph.classloaderhandler.UnoOneJarClassLoaderHandler{name=findClasspathOrder,return=void,parameters=[java.lang.ClassLoader,nonapi.io.github.classgraph.classpath.ClasspathOrder,nonapi.io.github.classgraph.scanspec.ScanSpec,nonapi.io.github.classgraph.utils.LogNode]}",ea81625d6a7e9b23a645dd9aca3904c09d77f7bb6a3035a6188fe5907215f8d1,,,,,,0,801,0
src/main/java/nonapi/io/github/classgraph/classloaderhandler/WeblogicClassLoaderHandler.java,nonapi.io.github.classgraph.classloaderhandler.WeblogicClassLoaderHandler,"nonapi.io.github.classgraph.classloaderhandler.WeblogicClassLoaderHandler{name=canHandle,return=boolean,parameters=[java.lang.Class<Generic{?}>,nonapi.io.github.classgraph.utils.LogNode]}",2208c7f688232e6aa72b09b91c028aa9f1de4fd01804a9a0a68faacec5df6001,,,,,,0,461,0
src/main/java/nonapi/io/github/classgraph/classloaderhandler/WeblogicClassLoaderHandler.java,nonapi.io.github.classgraph.classloaderhandler.WeblogicClassLoaderHandler,"nonapi.io.github.classgraph.classloaderhandler.WeblogicClassLoaderHandler{name=findClassLoaderOrder,return=void,parameters=[java.lang.ClassLoader,nonapi.io.github.classgraph.classpath.ClassLoaderOrder,nonapi.io.github.classgraph.utils.LogNode]}",bdd12598ef13b226e2ece567028bf84444a1fde2aed60b4f7063e60777d6587b,,,,,,0,368,0
src/main/java/nonapi/io/github/classgraph/classloaderhandler/WeblogicClassLoaderHandler.java,nonapi.io.github.classgraph.classloaderhandler.WeblogicClassLoaderHandler,"nonapi.io.github.classgraph.classloaderhandler.WeblogicClassLoaderHandler{name=findClasspathOrder,return=void,parameters=[java.lang.ClassLoader,nonapi.io.github.classgraph.classpath.ClasspathOrder,nonapi.io.github.classgraph.scanspec.ScanSpec,nonapi.io.github.classgraph.utils.LogNode]}",2b56ed2c0e1446767e87f475ace02b8ac2d5157275ba8d6edf0e219a5a6e0864,,,,,,0,459,0
src/main/java/nonapi/io/github/classgraph/classloaderhandler/WebsphereLibertyClassLoaderHandler.java,nonapi.io.github.classgraph.classloaderhandler.WebsphereLibertyClassLoaderHandler,"nonapi.io.github.classgraph.classloaderhandler.WebsphereLibertyClassLoaderHandler{name=canHandle,return=boolean,parameters=[java.lang.Class<Generic{?}>,nonapi.io.github.classgraph.utils.LogNode]}",9ff959d0616b584ba377074d785131ac6a6cc007112c10cc4be4d9cd6958d92b,,,,,,0,363,0
src/main/java/nonapi/io/github/classgraph/classloaderhandler/WebsphereLibertyClassLoaderHandler.java,nonapi.io.github.classgraph.classloaderhandler.WebsphereLibertyClassLoaderHandler,"nonapi.io.github.classgraph.classloaderhandler.WebsphereLibertyClassLoaderHandler{name=findClassLoaderOrder,return=void,parameters=[java.lang.ClassLoader,nonapi.io.github.classgraph.classpath.ClassLoaderOrder,nonapi.io.github.classgraph.utils.LogNode]}",bdd12598ef13b226e2ece567028bf84444a1fde2aed60b4f7063e60777d6587b,,,,,,0,368,0
src/main/java/nonapi/io/github/classgraph/classloaderhandler/WebsphereLibertyClassLoaderHandler.java,nonapi.io.github.classgraph.classloaderhandler.WebsphereLibertyClassLoaderHandler,"nonapi.io.github.classgraph.classloaderhandler.WebsphereLibertyClassLoaderHandler{name=findClasspathOrder,return=void,parameters=[java.lang.ClassLoader,nonapi.io.github.classgraph.classpath.ClasspathOrder,nonapi.io.github.classgraph.scanspec.ScanSpec,nonapi.io.github.classgraph.utils.LogNode]}",09b1f2c4cfe7b884bdcdc933fce58eff5ddd476ff19b685f4b40325840b9e21b,,,,,,0,704,0
src/main/java/nonapi/io/github/classgraph/classloaderhandler/WebsphereTraditionalClassLoaderHandler.java,nonapi.io.github.classgraph.classloaderhandler.WebsphereTraditionalClassLoaderHandler,"nonapi.io.github.classgraph.classloaderhandler.WebsphereTraditionalClassLoaderHandler{name=canHandle,return=boolean,parameters=[java.lang.Class<Generic{?}>,nonapi.io.github.classgraph.utils.LogNode]}",97cb75ddd9a5e3373c7b13ea5af28d5af9bb0b499c680e44225b50b18712915c,,,,,,0,389,0
src/main/java/nonapi/io/github/classgraph/classloaderhandler/WebsphereTraditionalClassLoaderHandler.java,nonapi.io.github.classgraph.classloaderhandler.WebsphereTraditionalClassLoaderHandler,"nonapi.io.github.classgraph.classloaderhandler.WebsphereTraditionalClassLoaderHandler{name=findClassLoaderOrder,return=void,parameters=[java.lang.ClassLoader,nonapi.io.github.classgraph.classpath.ClassLoaderOrder,nonapi.io.github.classgraph.utils.LogNode]}",bdd12598ef13b226e2ece567028bf84444a1fde2aed60b4f7063e60777d6587b,,,,,,0,368,0
src/main/java/nonapi/io/github/classgraph/classloaderhandler/WebsphereTraditionalClassLoaderHandler.java,nonapi.io.github.classgraph.classloaderhandler.WebsphereTraditionalClassLoaderHandler,"nonapi.io.github.classgraph.classloaderhandler.WebsphereTraditionalClassLoaderHandler{name=findClasspathOrder,return=void,parameters=[java.lang.ClassLoader,nonapi.io.github.classgraph.classpath.ClasspathOrder,nonapi.io.github.classgraph.scanspec.ScanSpec,nonapi.io.github.classgraph.utils.LogNode]}",74910e7ba214093085b030fffd80e5d47746ebaa820294aa530de440a120c206,,,,,,0,426,0
src/main/java/nonapi/io/github/classgraph/classpath/ClassLoaderOrder.java,nonapi.io.github.classgraph.classpath.ClassLoaderOrder,"nonapi.io.github.classgraph.classpath.ClassLoaderOrder{name=add,return=void,parameters=[java.lang.ClassLoader,nonapi.io.github.classgraph.utils.LogNode]}",3f185a3d287741a6e086ae0c47a2051b69a2125d3030cc9ea1206083193b1233,,,,,,0,373,0
src/main/java/nonapi/io/github/classgraph/classpath/ClassLoaderOrder.java,nonapi.io.github.classgraph.classpath.ClassLoaderOrder,"nonapi.io.github.classgraph.classpath.ClassLoaderOrder{name=delegateTo,return=void,parameters=[java.lang.ClassLoader,boolean,nonapi.io.github.classgraph.utils.LogNode]}",aba112ab4f0c48bcb92ce2428627e99d8c1d08f88349651b6fea04905a00739a,,,,,,0,513,0
src/main/java/nonapi/io/github/classgraph/classpath/ClasspathOrder.java,nonapi.io.github.classgraph.classpath.ClasspathOrder,"nonapi.io.github.classgraph.classpath.ClasspathOrder{name=addSystemClasspathEntry,return=boolean,parameters=[java.lang.String,java.lang.ClassLoader]}",7acf88f96046d59fb1f2a032afa6915d517ac0361c9cd1ce5e6bf119073af75f,,,,,,0,364,0
src/main/java/nonapi/io/github/classgraph/classpath/ClasspathOrder.java,nonapi.io.github.classgraph.classpath.ClasspathOrder,"nonapi.io.github.classgraph.classpath.ClasspathOrder{name=addClasspathEntry,return=boolean,parameters=[java.lang.Object,java.lang.ClassLoader,nonapi.io.github.classgraph.scanspec.ScanSpec,nonapi.io.github.classgraph.utils.LogNode]}",3e44f57da64ea4a736d06a06a9ad76be96bfc9e82117e77434186b718cac6d2c,,,,,,0,2243,0
src/main/java/nonapi/io/github/classgraph/classpath/ClasspathOrder.java,nonapi.io.github.classgraph.classpath.ClasspathOrder,"nonapi.io.github.classgraph.classpath.ClasspathOrder{name=addClasspathEntries,return=boolean,parameters=[java.util.List<java.lang.Object>,java.lang.ClassLoader,nonapi.io.github.classgraph.scanspec.ScanSpec,nonapi.io.github.classgraph.utils.LogNode]}",09e25e3363e78cf4fa47d2a9b016a1aae67447264752f65b8bac8331a53b1089,,,,,,0,460,0
src/main/java/nonapi/io/github/classgraph/classpath/ClasspathOrder.java,nonapi.io.github.classgraph.classpath.ClasspathOrder,"nonapi.io.github.classgraph.classpath.ClasspathOrder{name=addClasspathPathStr,return=boolean,parameters=[java.lang.String,java.lang.ClassLoader,nonapi.io.github.classgraph.scanspec.ScanSpec,nonapi.io.github.classgraph.utils.LogNode]}",0fbb6b8f90060fccd942c4379d9983352c431ce46bc5fed9e213c71abfc861de,,,,,,0,490,0
src/main/java/nonapi/io/github/classgraph/classpath/ClasspathOrder.java,nonapi.io.github.classgraph.classpath.ClasspathOrder,"nonapi.io.github.classgraph.classpath.ClasspathOrder{name=addClasspathEntryObject,return=boolean,parameters=[java.lang.Object,java.lang.ClassLoader,nonapi.io.github.classgraph.scanspec.ScanSpec,nonapi.io.github.classgraph.utils.LogNode]}",ee6f890ac1e6e75873b8882ff44f1188b5c10ea56abf1fb7af3b3c8f6ba4bd9a,,,,,,0,738,0
src/main/java/nonapi/io/github/classgraph/classpath/ModuleFinder.java,nonapi.io.github.classgraph.classpath.ModuleFinder,"nonapi.io.github.classgraph.classpath.ModuleFinder{name=forceScanJavaClassPath,return=boolean,parameters=[]}",ca99f0969b9e8c6350bab0f52d97c30847e0542b107642f034ad50e139d976ca,,,,,,0,273,0
src/main/java/nonapi/io/github/classgraph/concurrency/AutoCloseableExecutorService.java,nonapi.io.github.classgraph.concurrency.AutoCloseableExecutorService,"nonapi.io.github.classgraph.concurrency.AutoCloseableExecutorService{name=afterExecute,return=void,parameters=[java.lang.Runnable,java.lang.Throwable]}",365d5b7022cf20a8ed83d65b84886eac70896a9ed39246430ed4ab7e01a4922c,,,,,,0,504,0
src/main/java/nonapi/io/github/classgraph/concurrency/AutoCloseableExecutorService.java,nonapi.io.github.classgraph.concurrency.AutoCloseableExecutorService,"nonapi.io.github.classgraph.concurrency.AutoCloseableExecutorService{name=close,return=void,parameters=[]}",b97b95c60955dd710448779367108cb77f4d48872c09aa6db8d283204b5fc007,,,,,,0,425,0
src/main/java/nonapi/io/github/classgraph/concurrency/InterruptionChecker.java,nonapi.io.github.classgraph.concurrency.InterruptionChecker,"nonapi.io.github.classgraph.concurrency.InterruptionChecker{name=interrupt,return=void,parameters=[]}",a8ad8dd83f50f8b12f9ab5e34feb9a96f4b86427d7f1a6984966d7254027c78e,,,,,,0,252,0
src/main/java/nonapi/io/github/classgraph/concurrency/InterruptionChecker.java,nonapi.io.github.classgraph.concurrency.InterruptionChecker,"nonapi.io.github.classgraph.concurrency.InterruptionChecker{name=checkAndReturn,return=boolean,parameters=[]}",bc3ece2d2664a9bc2d9cc078948e1aa0540f62886425a70bd0429093383008b0,,,,,,0,354,0
src/main/java/nonapi/io/github/classgraph/concurrency/InterruptionChecker.java,nonapi.io.github.classgraph.concurrency.InterruptionChecker,"nonapi.io.github.classgraph.concurrency.InterruptionChecker{name=check,return=void,parameters=[]}",9e75a1499072e79a4b6307d2eb582b6aec844e62e3a6d703adaac761cdc465f9,,,,,,0,376,0
src/main/java/nonapi/io/github/classgraph/concurrency/SimpleThreadFactory.java,nonapi.io.github.classgraph.concurrency.SimpleThreadFactory,"nonapi.io.github.classgraph.concurrency.SimpleThreadFactory{name=newThread,return=java.lang.Thread,parameters=[java.lang.Runnable]}",27af4f77c487b8e9aa614ed76800fa920bc97735d6bcb12fd38e90f2d0bb0231,,,,,,0,441,0
src/main/java/nonapi/io/github/classgraph/concurrency/SingletonMap.java,nonapi.io.github.classgraph.concurrency.SingletonMap,"nonapi.io.github.classgraph.concurrency.SingletonMap{name=newInstance,return=Generic{V},parameters=[Generic{K},nonapi.io.github.classgraph.utils.LogNode]}",d5802b86f324d49ca8fcd754f85d2776bff77608aac7c9f4be63af023c5654de,,,,,,0,343,0
src/main/java/nonapi/io/github/classgraph/concurrency/SingletonMap.java,nonapi.io.github.classgraph.concurrency.SingletonMap,"nonapi.io.github.classgraph.concurrency.SingletonMap{name=values,return=java.util.List<Generic{V}>,parameters=[]}",3bd25b7e957f3559badc1b6eeb3577a823fac48e291ffc5cb02ee2a5a1feecd6,,,,,,0,377,0
src/main/java/nonapi/io/github/classgraph/concurrency/SingletonMap.java,nonapi.io.github.classgraph.concurrency.SingletonMap,"nonapi.io.github.classgraph.concurrency.SingletonMap{name=entries,return=java.util.List<java.util.Map$Entry<Generic{K}, Generic{V}>>,parameters=[]}",4b51a6c83a6315a8ed53853f7ace04cb85764a087ee43fca9d15e6e33fecf114,,,,,,0,340,0
src/main/java/nonapi/io/github/classgraph/concurrency/SingletonMap.java,nonapi.io.github.classgraph.concurrency.SingletonMap,"nonapi.io.github.classgraph.concurrency.SingletonMap{name=remove,return=Generic{V},parameters=[Generic{K}]}",ddc78247c8ae7b30d50bcc275d1c2b2c8cce3407676c9267a0954888975a0f62,,,,,,0,335,0
src/main/java/nonapi/io/github/classgraph/concurrency/SingletonMap.java,nonapi.io.github.classgraph.concurrency.SingletonMap,"nonapi.io.github.classgraph.concurrency.SingletonMap{name=clear,return=void,parameters=[]}",c1b9c95f6b9bf36ddffa8f38ac19da81f3335ac8ec75cb1f007512635fded0f0,,,,,,0,238,0
src/main/java/nonapi/io/github/classgraph/concurrency/WorkQueue.java,nonapi.io.github.classgraph.concurrency.WorkQueue$WorkUnitProcessor,"nonapi.io.github.classgraph.concurrency.WorkQueue$WorkUnitProcessor{name=processWorkUnit,return=void,parameters=[Generic{T},nonapi.io.github.classgraph.concurrency.WorkQueue<Generic{T}>,nonapi.io.github.classgraph.utils.LogNode]}",d935904f703c82f40b8f29f0e9ce034937d52a0b6ad9f7b816d09b7f35a4df80,,,,,,0,331,0
src/main/java/nonapi/io/github/classgraph/concurrency/WorkQueue.java,nonapi.io.github.classgraph.concurrency.WorkQueue,"nonapi.io.github.classgraph.concurrency.WorkQueue{name=runWorkQueue,return=void,parameters=[java.util.Collection<Generic{U}>,java.util.concurrent.ExecutorService,nonapi.io.github.classgraph.concurrency.InterruptionChecker,int,nonapi.io.github.classgraph.utils.LogNode,nonapi.io.github.classgraph.concurrency.WorkQueue$WorkUnitProcessor<Generic{U}>]}",4c0993381684d5b9fa9fdb9fba6694656d98dacd1e377573cedb2383d0171ac6,,,,,,0,691,0
src/main/java/nonapi/io/github/classgraph/concurrency/WorkQueue.java,nonapi.io.github.classgraph.concurrency.WorkQueue,"nonapi.io.github.classgraph.concurrency.WorkQueue{name=addWorkUnit,return=void,parameters=[Generic{T}]}",a015911587266290792a3d30dc7e89d8bfe2175005e6f0776834f768e4ca32b2,,,,,,0,356,0
src/main/java/nonapi/io/github/classgraph/concurrency/WorkQueue.java,nonapi.io.github.classgraph.concurrency.WorkQueue,"nonapi.io.github.classgraph.concurrency.WorkQueue{name=addWorkUnits,return=void,parameters=[java.util.Collection<Generic{T}>]}",a144b1587236c6a3284a16a77e52d35663656104c956932df2c78a4bbb81d644,,,,,,0,321,0
src/main/java/nonapi/io/github/classgraph/concurrency/WorkQueue.java,nonapi.io.github.classgraph.concurrency.WorkQueue,"nonapi.io.github.classgraph.concurrency.WorkQueue{name=close,return=void,parameters=[]}",970241eee2542982b06a7334cc89c93885104a039221d8e8d3fc0bc5daefaa7b,,,,,,0,451,0
src/main/java/nonapi/io/github/classgraph/fastzipfilereader/FastZipEntry.java,nonapi.io.github.classgraph.fastzipfilereader.FastZipEntry,"nonapi.io.github.classgraph.fastzipfilereader.FastZipEntry{name=compareTo,return=int,parameters=[nonapi.io.github.classgraph.fastzipfilereader.FastZipEntry]}",69d3d15f3ccda8ac678825dbb2effbb617ec52922ca17fa99233bcf84787cb2f,,,,,,0,470,0
src/main/java/nonapi/io/github/classgraph/fastzipfilereader/NestedJarHandler.java,nonapi.io.github.classgraph.fastzipfilereader.NestedJarHandler$1,"nonapi.io.github.classgraph.fastzipfilereader.NestedJarHandler$1{name=newInstance,return=nonapi.io.github.classgraph.fastzipfilereader.PhysicalZipFile,parameters=[java.io.File,nonapi.io.github.classgraph.utils.LogNode]}",db5c6164520da15d8858475a9f4262b886b8ab1f7669a0d5125997c3c99eadf3,,,,,,0,300,0
src/main/java/nonapi/io/github/classgraph/fastzipfilereader/NestedJarHandler.java,nonapi.io.github.classgraph.fastzipfilereader.NestedJarHandler$2,"nonapi.io.github.classgraph.fastzipfilereader.NestedJarHandler$2{name=newInstance,return=nonapi.io.github.classgraph.fastzipfilereader.ZipFileSlice,parameters=[nonapi.io.github.classgraph.fastzipfilereader.FastZipEntry,nonapi.io.github.classgraph.utils.LogNode]}",d8714137c9b88ba30dca3450808293e682fb0dc68320392a50fccede19eedb67,,,,,,0,658,0
src/main/java/nonapi/io/github/classgraph/fastzipfilereader/NestedJarHandler.java,nonapi.io.github.classgraph.fastzipfilereader.NestedJarHandler$3,"nonapi.io.github.classgraph.fastzipfilereader.NestedJarHandler$3{name=newInstance,return=nonapi.io.github.classgraph.fastzipfilereader.LogicalZipFile,parameters=[nonapi.io.github.classgraph.fastzipfilereader.ZipFileSlice,nonapi.io.github.classgraph.utils.LogNode]}",43ec8bef4af3980bcee3ad5b0953225e5dd9d8a3bec9f8feb7bb8a1dc817e80f,,,,,,0,332,0
src/main/java/nonapi/io/github/classgraph/fastzipfilereader/NestedJarHandler.java,nonapi.io.github.classgraph.fastzipfilereader.NestedJarHandler$4,"nonapi.io.github.classgraph.fastzipfilereader.NestedJarHandler$4{name=newInstance,return=java.util.Map$Entry<nonapi.io.github.classgraph.fastzipfilereader.LogicalZipFile, java.lang.String>,parameters=[java.lang.String,nonapi.io.github.classgraph.utils.LogNode]}",e485f2fc1186ec3b243667c68588a203bd514b2d82ae8dabb7167678c085bc9b,,,,,,0,2538,0
src/main/java/nonapi/io/github/classgraph/fastzipfilereader/NestedJarHandler.java,nonapi.io.github.classgraph.fastzipfilereader.NestedJarHandler$5,"nonapi.io.github.classgraph.fastzipfilereader.NestedJarHandler$5{name=newInstance,return=nonapi.io.github.classgraph.recycler.Recycler<io.github.classgraph.ModuleReaderProxy, java.io.IOException>,parameters=[io.github.classgraph.ModuleRef,nonapi.io.github.classgraph.utils.LogNode]}",80a8a83ff0d0497964e0fd4e043fb31c60085932056cbfb0d8e366187b33477c,,,,,,0,333,0
src/main/java/nonapi/io/github/classgraph/fastzipfilereader/NestedJarHandler.java,nonapi.io.github.classgraph.fastzipfilereader.NestedJarHandler$6,"nonapi.io.github.classgraph.fastzipfilereader.NestedJarHandler$6{name=newInstance,return=nonapi.io.github.classgraph.fastzipfilereader.NestedJarHandler$RecyclableInflater,parameters=[]}",74b4800fa8fc57ac8a78d722ef122f51e47f399899013c9181f0ba2c741ab4aa,,,,,,0,260,0
src/main/java/nonapi/io/github/classgraph/fastzipfilereader/NestedJarHandler.java,nonapi.io.github.classgraph.fastzipfilereader.NestedJarHandler,"nonapi.io.github.classgraph.fastzipfilereader.NestedJarHandler{name=makeTempFile,return=java.io.File,parameters=[java.lang.String,boolean]}",1fde71d70de7f2dc68ec2c17c600d5cffe012a67458c1a4907d5d3b67b5b398a,,,,,,0,388,0
src/main/java/nonapi/io/github/classgraph/fastzipfilereader/NestedJarHandler.java,nonapi.io.github.classgraph.fastzipfilereader.NestedJarHandler,"nonapi.io.github.classgraph.fastzipfilereader.NestedJarHandler{name=removeTempFile,return=void,parameters=[java.io.File]}",576938ea878edecc81e9869bbc92d70b60bdd9535df14a3fddb92b06f5c15759,,,,,,0,331,0
src/main/java/nonapi/io/github/classgraph/fastzipfilereader/NestedJarHandler.java,nonapi.io.github.classgraph.fastzipfilereader.NestedJarHandler,"nonapi.io.github.classgraph.fastzipfilereader.NestedJarHandler{name=markSliceAsOpen,return=void,parameters=[nonapi.io.github.classgraph.fileslice.Slice]}",043d2ba17c3fa754b3c0f19afc01de41ff2f774eb982c24eeddf646d43d6c27e,,,,,,0,318,0
src/main/java/nonapi/io/github/classgraph/fastzipfilereader/NestedJarHandler.java,nonapi.io.github.classgraph.fastzipfilereader.NestedJarHandler,"nonapi.io.github.classgraph.fastzipfilereader.NestedJarHandler{name=markSliceAsClosed,return=void,parameters=[nonapi.io.github.classgraph.fileslice.Slice]}",ebf7fc5d820ad5ae4f86505db52293553f73dbbc2d5449557cce2d359632e8d5,,,,,,0,276,0
src/main/java/nonapi/io/github/classgraph/fastzipfilereader/NestedJarHandler.java,nonapi.io.github.classgraph.fastzipfilereader.NestedJarHandler$RecyclableInflater,"nonapi.io.github.classgraph.fastzipfilereader.NestedJarHandler$RecyclableInflater{name=reset,return=void,parameters=[]}",b7d747f649284a59ada2f5dca3c90305cacad7cb6cad764c213745110cbf9237,,,,,,0,260,0
src/main/java/nonapi/io/github/classgraph/fastzipfilereader/NestedJarHandler.java,nonapi.io.github.classgraph.fastzipfilereader.NestedJarHandler$RecyclableInflater,"nonapi.io.github.classgraph.fastzipfilereader.NestedJarHandler$RecyclableInflater{name=close,return=void,parameters=[]}",159c9e61ec1f905b692fa948e9de27adfc1610268160a4db9e9ced88ffc888e3,,,,,,0,265,0
src/main/java/nonapi/io/github/classgraph/fastzipfilereader/NestedJarHandler.java,nonapi.io.github.classgraph.fastzipfilereader.NestedJarHandler,"nonapi.io.github.classgraph.fastzipfilereader.NestedJarHandler{name=openInflaterInputStream,return=java.io.InputStream,parameters=[java.io.InputStream]}",b287f072053cbb3e43722acc746a607afe0a3605f213ddfffe409afbc93cd8f2,,,,,,0,1392,0
src/main/java/nonapi/io/github/classgraph/fastzipfilereader/NestedJarHandler.java,nonapi.io.github.classgraph.fastzipfilereader.NestedJarHandler,"nonapi.io.github.classgraph.fastzipfilereader.NestedJarHandler{name=readAllBytesWithSpilloverToDisk,return=nonapi.io.github.classgraph.fileslice.Slice,parameters=[java.io.InputStream,java.lang.String,long,nonapi.io.github.classgraph.utils.LogNode]}",bdc91fa28d5fdc44382388122042bc05a5b1305a7591085ea00c64756a4879aa,,,,,,0,1146,0
src/main/java/nonapi/io/github/classgraph/fastzipfilereader/NestedJarHandler.java,nonapi.io.github.classgraph.fastzipfilereader.NestedJarHandler,"nonapi.io.github.classgraph.fastzipfilereader.NestedJarHandler{name=readAllBytesAsArray,return=byte[],parameters=[java.io.InputStream,long]}",b0ab12d8f792b77f0b82a3564b962729a64c4ba7af06f02f064970b514774507,,,,,,0,779,0
src/main/java/nonapi/io/github/classgraph/fastzipfilereader/NestedJarHandler.java,nonapi.io.github.classgraph.fastzipfilereader.NestedJarHandler,"nonapi.io.github.classgraph.fastzipfilereader.NestedJarHandler{name=close,return=void,parameters=[nonapi.io.github.classgraph.utils.LogNode]}",94f09c2918116c4f2d60e94a1a7c664ff22b6521d2fb270e095628db9299bbaa,,,,,,0,1010,0
src/main/java/nonapi/io/github/classgraph/fastzipfilereader/PhysicalZipFile.java,nonapi.io.github.classgraph.fastzipfilereader.PhysicalZipFile,"nonapi.io.github.classgraph.fastzipfilereader.PhysicalZipFile{name=length,return=long,parameters=[]}",1bbde7b4f757f06cb998b18422b279008e8d72f9b11bc78b0ca0efca2afc35c9,,,,,,0,279,0
src/main/java/nonapi/io/github/classgraph/fileslice/ArraySlice.java,nonapi.io.github.classgraph.fileslice.ArraySlice,"nonapi.io.github.classgraph.fileslice.ArraySlice{name=slice,return=nonapi.io.github.classgraph.fileslice.Slice,parameters=[long,long,boolean,long]}",a67ed124fdb1347cd6f70ecbe55d2ac9f9cfbb2e0fe742854de01ef2a3b2fe5e,,,,,,0,459,0
src/main/java/nonapi/io/github/classgraph/fileslice/ArraySlice.java,nonapi.io.github.classgraph.fileslice.ArraySlice,"nonapi.io.github.classgraph.fileslice.ArraySlice{name=load,return=byte[],parameters=[]}",b50d22b0e2ceb4a355d7bd041e381330082d8d523965a05c7b7941cde3fe4e83,,,,,,0,421,0
src/main/java/nonapi/io/github/classgraph/fileslice/ArraySlice.java,nonapi.io.github.classgraph.fileslice.ArraySlice,"nonapi.io.github.classgraph.fileslice.ArraySlice{name=randomAccessReader,return=nonapi.io.github.classgraph.fileslice.reader.RandomAccessReader,parameters=[]}",2d4f942c317174cb69365e3bf9d958a2ff1164ae6de2a7d5f52367ddab423b88,,,,,,0,299,0
src/main/java/nonapi/io/github/classgraph/fileslice/FileSlice.java,nonapi.io.github.classgraph.fileslice.FileSlice,"nonapi.io.github.classgraph.fileslice.FileSlice{name=slice,return=nonapi.io.github.classgraph.fileslice.Slice,parameters=[long,long,boolean,long]}",22eda82fe4f43b10b0ba2cbaebc731c31d439ee6ed3bcac0878c136dea5b634c,,,,,,0,448,0
src/main/java/nonapi/io/github/classgraph/fileslice/FileSlice.java,nonapi.io.github.classgraph.fileslice.FileSlice,"nonapi.io.github.classgraph.fileslice.FileSlice{name=randomAccessReader,return=nonapi.io.github.classgraph.fileslice.reader.RandomAccessReader,parameters=[]}",02de8b6288940a2aa7f944798707bf7c58f7977bb257988a3acfe9442880af18,,,,,,0,391,0
src/main/java/nonapi/io/github/classgraph/fileslice/FileSlice.java,nonapi.io.github.classgraph.fileslice.FileSlice,"nonapi.io.github.classgraph.fileslice.FileSlice{name=load,return=byte[],parameters=[]}",b019c2d59cdf7042228e8bf1a92d1212186e11b695875f6998e6ff0683c5bc14,,,,,,0,498,0
src/main/java/nonapi/io/github/classgraph/fileslice/FileSlice.java,nonapi.io.github.classgraph.fileslice.FileSlice,"nonapi.io.github.classgraph.fileslice.FileSlice{name=read,return=java.nio.ByteBuffer,parameters=[]}",ab7189053da7a7da65d3159ab7489e07efd8914c15a6212a4e5624ca5e7f1037,,,,,,0,497,0
src/main/java/nonapi/io/github/classgraph/fileslice/FileSlice.java,nonapi.io.github.classgraph.fileslice.FileSlice,"nonapi.io.github.classgraph.fileslice.FileSlice{name=close,return=void,parameters=[]}",85136cb9e2e364fcc539c9d0e464c371d301bb34d3db34f38b7fe34d60477ca6,,,,,,0,427,0
src/main/java/nonapi/io/github/classgraph/fileslice/PathSlice.java,nonapi.io.github.classgraph.fileslice.PathSlice,"nonapi.io.github.classgraph.fileslice.PathSlice{name=slice,return=nonapi.io.github.classgraph.fileslice.Slice,parameters=[long,long,boolean,long]}",6caec7e4b8019af35ed30a6867edfb1681bcc8dd60021ce25dad0c76c5e58037,,,,,,0,448,0
src/main/java/nonapi/io/github/classgraph/fileslice/PathSlice.java,nonapi.io.github.classgraph.fileslice.PathSlice,"nonapi.io.github.classgraph.fileslice.PathSlice{name=randomAccessReader,return=nonapi.io.github.classgraph.fileslice.reader.RandomAccessReader,parameters=[]}",d1795702ee97ba20da07b9f4eaf21e189caa8901159f7e7382e8109f30e3d540,,,,,,0,317,0
src/main/java/nonapi/io/github/classgraph/fileslice/PathSlice.java,nonapi.io.github.classgraph.fileslice.PathSlice,"nonapi.io.github.classgraph.fileslice.PathSlice{name=load,return=byte[],parameters=[]}",5c56f260667586f9a4de4ec967693eaa0550af01f36655c4e07acd3ebaf7dc5e,,,,,,0,492,0
src/main/java/nonapi/io/github/classgraph/fileslice/PathSlice.java,nonapi.io.github.classgraph.fileslice.PathSlice,"nonapi.io.github.classgraph.fileslice.PathSlice{name=read,return=java.nio.ByteBuffer,parameters=[]}",aaef0b1b77607f341ee3f9d8388c7f4b9cf3ea133496f4430d894421a06628c3,,,,,,0,451,0
src/main/java/nonapi/io/github/classgraph/fileslice/PathSlice.java,nonapi.io.github.classgraph.fileslice.PathSlice,"nonapi.io.github.classgraph.fileslice.PathSlice{name=close,return=void,parameters=[]}",85c79b0ebc6b367711e45eeee5a5bbfb648b7975c887054cba645e555d6e0d5b,,,,,,0,386,0
src/main/java/nonapi/io/github/classgraph/fileslice/Slice.java,nonapi.io.github.classgraph.fileslice.Slice,"nonapi.io.github.classgraph.fileslice.Slice{name=slice,return=nonapi.io.github.classgraph.fileslice.Slice,parameters=[long,long,boolean,long]}",4cb688da5c6c9766356b0fe24a24fe5ca8f277178507e6ab05daf0f2c2fbc2e4,,,,,,0,395,0
src/main/java/nonapi/io/github/classgraph/fileslice/Slice.java,nonapi.io.github.classgraph.fileslice.Slice,"nonapi.io.github.classgraph.fileslice.Slice{name=open,return=java.io.InputStream,parameters=[]}",89d220ff5c60b53429a37ef342a0e9eaa57595a90c5888f2547747583658bbb2,,,,,,0,283,0
src/main/java/nonapi/io/github/classgraph/fileslice/Slice.java,nonapi.io.github.classgraph.fileslice.Slice,"nonapi.io.github.classgraph.fileslice.Slice{name=open,return=java.io.InputStream,parameters=[io.github.classgraph.Resource]}",55e3e233d97f411b8d0934a5799efa7223ab0e5d4c3f97e2b32952c328a0faf5,,,,,,0,895,0
src/main/java/nonapi/io/github/classgraph/fileslice/Slice.java,nonapi.io.github.classgraph.fileslice.Slice,"nonapi.io.github.classgraph.fileslice.Slice{name=randomAccessReader,return=nonapi.io.github.classgraph.fileslice.reader.RandomAccessReader,parameters=[]}",2d9aad9309b4055349b76411f8f4c7891888650df56f252e554b2cc201591473,,,,,,0,278,0
src/main/java/nonapi/io/github/classgraph/fileslice/Slice.java,nonapi.io.github.classgraph.fileslice.Slice,"nonapi.io.github.classgraph.fileslice.Slice{name=load,return=byte[],parameters=[]}",1866a9a09b1f0758e1e645d0ffea7974a7ffb00498180a08bab334cadae8294e,,,,,,0,265,0
src/main/java/nonapi/io/github/classgraph/fileslice/Slice.java,nonapi.io.github.classgraph.fileslice.Slice,"nonapi.io.github.classgraph.fileslice.Slice{name=loadAsString,return=java.lang.String,parameters=[]}",a324cc6e750dd659fe39c6de8025c74ea0d29b2546095ef1c261f6758491da0b,,,,,,0,273,0
src/main/java/nonapi/io/github/classgraph/fileslice/Slice.java,nonapi.io.github.classgraph.fileslice.Slice,"nonapi.io.github.classgraph.fileslice.Slice{name=read,return=java.nio.ByteBuffer,parameters=[]}",549838f13499a2d60a9cd5d155addfb43160bf3977dee2a929c3c0d8d4bc65a5,,,,,,0,272,0
src/main/java/nonapi/io/github/classgraph/fileslice/Slice.java,nonapi.io.github.classgraph.fileslice.Slice,"nonapi.io.github.classgraph.fileslice.Slice{name=close,return=void,parameters=[]}",e11ae9b01ac621fc7cb5adcc807580cd3d350daa54e78af844038c065d67c217,,,,,,0,232,0
src/main/java/nonapi/io/github/classgraph/fileslice/reader/ClassfileReader.java,nonapi.io.github.classgraph.fileslice.reader.ClassfileReader,"nonapi.io.github.classgraph.fileslice.reader.ClassfileReader{name=currPos,return=int,parameters=[]}",09b9333821e6948c6ede1eb113c2fbc74df44add46efe2713cfda9d45d38b916,,,,,,0,250,0
src/main/java/nonapi/io/github/classgraph/fileslice/reader/ClassfileReader.java,nonapi.io.github.classgraph.fileslice.reader.ClassfileReader,"nonapi.io.github.classgraph.fileslice.reader.ClassfileReader{name=buf,return=byte[],parameters=[]}",93d80b39892cbdb064f1521e6c841de872c570232f20652c67b0b4d828e4475b,,,,,,0,245,0
src/main/java/nonapi/io/github/classgraph/fileslice/reader/ClassfileReader.java,nonapi.io.github.classgraph.fileslice.reader.ClassfileReader,"nonapi.io.github.classgraph.fileslice.reader.ClassfileReader{name=bufferTo,return=void,parameters=[int]}",570cb409344975920bb05d43d629afe847e024be96e51c6511f5a3136d100798,,,,,,0,313,0
src/main/java/nonapi/io/github/classgraph/fileslice/reader/ClassfileReader.java,nonapi.io.github.classgraph.fileslice.reader.ClassfileReader,"nonapi.io.github.classgraph.fileslice.reader.ClassfileReader{name=read,return=int,parameters=[long,byte[],int,int]}",f9229f759c4e05a51b0ad3a7aad44042941362cd803a1d1d6ad7272b5bdf4e99,,,,,,0,401,0
src/main/java/nonapi/io/github/classgraph/fileslice/reader/ClassfileReader.java,nonapi.io.github.classgraph.fileslice.reader.ClassfileReader,"nonapi.io.github.classgraph.fileslice.reader.ClassfileReader{name=read,return=int,parameters=[long,java.nio.ByteBuffer,int,int]}",8af1a9d4afdbb6c8291efa2b19db664ef0f7744add51099f7622fd7e9ed74464,,,,,,0,432,0
src/main/java/nonapi/io/github/classgraph/fileslice/reader/ClassfileReader.java,nonapi.io.github.classgraph.fileslice.reader.ClassfileReader,"nonapi.io.github.classgraph.fileslice.reader.ClassfileReader{name=readByte,return=byte,parameters=[long]}",c611a4d7b059c8b852c507de652ade17c1d5d964ea2c4c0c41a776175533f05c,,,,,,0,273,0
src/main/java/nonapi/io/github/classgraph/fileslice/reader/ClassfileReader.java,nonapi.io.github.classgraph.fileslice.reader.ClassfileReader,"nonapi.io.github.classgraph.fileslice.reader.ClassfileReader{name=readUnsignedByte,return=int,parameters=[long]}",57e8609843c8a8ba615f815061fff7e12d9c26a043e31fd2235ab61f96c43228,,,,,,0,279,0
src/main/java/nonapi/io/github/classgraph/fileslice/reader/ClassfileReader.java,nonapi.io.github.classgraph.fileslice.reader.ClassfileReader,"nonapi.io.github.classgraph.fileslice.reader.ClassfileReader{name=readShort,return=short,parameters=[long]}",dc44ce203feaccf9dd839f1811c863bd8392d78ba0007935c4c43b4a7f9d4aaf,,,,,,0,246,0
src/main/java/nonapi/io/github/classgraph/fileslice/reader/ClassfileReader.java,nonapi.io.github.classgraph.fileslice.reader.ClassfileReader,"nonapi.io.github.classgraph.fileslice.reader.ClassfileReader{name=readUnsignedShort,return=int,parameters=[long]}",6fde09e4954622e18f10d5889f7d969fc73c336c300132778cc0fd15d0997265,,,,,,0,299,0
src/main/java/nonapi/io/github/classgraph/fileslice/reader/ClassfileReader.java,nonapi.io.github.classgraph.fileslice.reader.ClassfileReader,"nonapi.io.github.classgraph.fileslice.reader.ClassfileReader{name=readInt,return=int,parameters=[long]}",7574605588a75fd15744076c69b01e83e080c796555e575a640d8a6b51a9b38a,,,,,,0,336,0
src/main/java/nonapi/io/github/classgraph/fileslice/reader/ClassfileReader.java,nonapi.io.github.classgraph.fileslice.reader.ClassfileReader,"nonapi.io.github.classgraph.fileslice.reader.ClassfileReader{name=readUnsignedInt,return=long,parameters=[long]}",a278116f9083658bbcf9d8fd1e50af6ecb970df8e648d40ca5a25efb5b8c768c,,,,,,0,249,0
src/main/java/nonapi/io/github/classgraph/fileslice/reader/ClassfileReader.java,nonapi.io.github.classgraph.fileslice.reader.ClassfileReader,"nonapi.io.github.classgraph.fileslice.reader.ClassfileReader{name=readLong,return=long,parameters=[long]}",616567b15d4073e1e1f413bd10878485ac65f8eaf8db9cdc94da61b7a50296c5,,,,,,0,420,0
src/main/java/nonapi/io/github/classgraph/fileslice/reader/ClassfileReader.java,nonapi.io.github.classgraph.fileslice.reader.ClassfileReader,"nonapi.io.github.classgraph.fileslice.reader.ClassfileReader{name=readByte,return=byte,parameters=[]}",d27bb7cefa5a3ee7d9d27e5e31cb6b517de37cb386888c759b00d7c62f2064e1,,,,,,0,251,0
src/main/java/nonapi/io/github/classgraph/fileslice/reader/ClassfileReader.java,nonapi.io.github.classgraph.fileslice.reader.ClassfileReader,"nonapi.io.github.classgraph.fileslice.reader.ClassfileReader{name=readUnsignedByte,return=int,parameters=[]}",7dab80cda38222217247c693b9f255f8fe20c22c4d54fd11df52252812be6526,,,,,,0,253,0
src/main/java/nonapi/io/github/classgraph/fileslice/reader/ClassfileReader.java,nonapi.io.github.classgraph.fileslice.reader.ClassfileReader,"nonapi.io.github.classgraph.fileslice.reader.ClassfileReader{name=readShort,return=short,parameters=[]}",b961a9dfe4b472822c04a95df8555ef2b2f1aa8bd1b7c11819386debb4312a58,,,,,,0,254,0
src/main/java/nonapi/io/github/classgraph/fileslice/reader/ClassfileReader.java,nonapi.io.github.classgraph.fileslice.reader.ClassfileReader,"nonapi.io.github.classgraph.fileslice.reader.ClassfileReader{name=readUnsignedShort,return=int,parameters=[]}",d9242424846b348bfeb0377be0da2c49df20922478333ddd6ea595e0ffd2252b,,,,,,0,256,0
src/main/java/nonapi/io/github/classgraph/fileslice/reader/ClassfileReader.java,nonapi.io.github.classgraph.fileslice.reader.ClassfileReader,"nonapi.io.github.classgraph.fileslice.reader.ClassfileReader{name=readInt,return=int,parameters=[]}",541c3b26150d51ff206e2f1de946fc735abde2763766f9e4a77f5e9961981228,,,,,,0,254,0
src/main/java/nonapi/io/github/classgraph/fileslice/reader/ClassfileReader.java,nonapi.io.github.classgraph.fileslice.reader.ClassfileReader,"nonapi.io.github.classgraph.fileslice.reader.ClassfileReader{name=readUnsignedInt,return=long,parameters=[]}",9a7d66a652752aa78e302e60f804584bb1aa7f4819f18faccfdfea0b25285251,,,,,,0,256,0
src/main/java/nonapi/io/github/classgraph/fileslice/reader/ClassfileReader.java,nonapi.io.github.classgraph.fileslice.reader.ClassfileReader,"nonapi.io.github.classgraph.fileslice.reader.ClassfileReader{name=readLong,return=long,parameters=[]}",10a12a4920424b70bccd8285bf652780d55d71a10408e3e78feb3a1c2671684e,,,,,,0,254,0
src/main/java/nonapi/io/github/classgraph/fileslice/reader/ClassfileReader.java,nonapi.io.github.classgraph.fileslice.reader.ClassfileReader,"nonapi.io.github.classgraph.fileslice.reader.ClassfileReader{name=skip,return=void,parameters=[int]}",6b01c207343f9df838127b71defca3c5915666b33ef10e40796636013af8d036,,,,,,0,305,0
src/main/java/nonapi/io/github/classgraph/fileslice/reader/ClassfileReader.java,nonapi.io.github.classgraph.fileslice.reader.ClassfileReader,"nonapi.io.github.classgraph.fileslice.reader.ClassfileReader{name=readString,return=java.lang.String,parameters=[long,int,boolean,boolean]}",ea245005a62e624afa6dd792f82fa4785ae766de7d3f5705ec2f99fa886273e4,,,,,,0,314,0
src/main/java/nonapi/io/github/classgraph/fileslice/reader/ClassfileReader.java,nonapi.io.github.classgraph.fileslice.reader.ClassfileReader,"nonapi.io.github.classgraph.fileslice.reader.ClassfileReader{name=readString,return=java.lang.String,parameters=[int,boolean,boolean]}",d71d5e3959e7db02230b3a9a6f8c32257ca4acc6108c39fbd3c9ea0cf04d55ae,,,,,,0,293,0
src/main/java/nonapi/io/github/classgraph/fileslice/reader/ClassfileReader.java,nonapi.io.github.classgraph.fileslice.reader.ClassfileReader,"nonapi.io.github.classgraph.fileslice.reader.ClassfileReader{name=readString,return=java.lang.String,parameters=[long,int]}",6ab6870bc4b40b5ab870c30fbac08793674c004816a661b5b23aa0f7c22f13c8,,,,,,0,254,0
src/main/java/nonapi/io/github/classgraph/fileslice/reader/ClassfileReader.java,nonapi.io.github.classgraph.fileslice.reader.ClassfileReader,"nonapi.io.github.classgraph.fileslice.reader.ClassfileReader{name=readString,return=java.lang.String,parameters=[int]}",7e62c619fb00683cd0948dd1209cbbb74215d1cebb054a267d88b04555ed8b33,,,,,,0,248,0
src/main/java/nonapi/io/github/classgraph/fileslice/reader/ClassfileReader.java,nonapi.io.github.classgraph.fileslice.reader.ClassfileReader,"nonapi.io.github.classgraph.fileslice.reader.ClassfileReader{name=close,return=void,parameters=[]}",220e6d136f47d770b2ad02cad42647a67a1545ea4ef8811fae159d73f2304ed2,,,,,,0,298,0
src/main/java/nonapi/io/github/classgraph/fileslice/reader/RandomAccessArrayReader.java,nonapi.io.github.classgraph.fileslice.reader.RandomAccessArrayReader,"nonapi.io.github.classgraph.fileslice.reader.RandomAccessArrayReader{name=read,return=int,parameters=[long,byte[],int,int]}",ca9587b48af1890468d2237758364acec1b832b4ed434c6042d092f0b73a4903,,,,,,0,425,0
src/main/java/nonapi/io/github/classgraph/fileslice/reader/RandomAccessArrayReader.java,nonapi.io.github.classgraph.fileslice.reader.RandomAccessArrayReader,"nonapi.io.github.classgraph.fileslice.reader.RandomAccessArrayReader{name=read,return=int,parameters=[long,java.nio.ByteBuffer,int,int]}",a2550baff96f624aae5042542d902ede0fd74b33e15eea07db860937ab586ba6,,,,,,0,456,0
src/main/java/nonapi/io/github/classgraph/fileslice/reader/RandomAccessArrayReader.java,nonapi.io.github.classgraph.fileslice.reader.RandomAccessArrayReader,"nonapi.io.github.classgraph.fileslice.reader.RandomAccessArrayReader{name=readByte,return=byte,parameters=[long]}",813073a36133f8a89f3b9f69b595d4ee07d083a57af4a1744864c6a84f660b0c,,,,,,0,255,0
src/main/java/nonapi/io/github/classgraph/fileslice/reader/RandomAccessArrayReader.java,nonapi.io.github.classgraph.fileslice.reader.RandomAccessArrayReader,"nonapi.io.github.classgraph.fileslice.reader.RandomAccessArrayReader{name=readUnsignedByte,return=int,parameters=[long]}",e07bbd3dd01458ea6712673e9d7722f2bc86eff15c1df4c3d3ee16cf32968fc5,,,,,,0,261,0
src/main/java/nonapi/io/github/classgraph/fileslice/reader/RandomAccessArrayReader.java,nonapi.io.github.classgraph.fileslice.reader.RandomAccessArrayReader,"nonapi.io.github.classgraph.fileslice.reader.RandomAccessArrayReader{name=readShort,return=short,parameters=[long]}",dc44ce203feaccf9dd839f1811c863bd8392d78ba0007935c4c43b4a7f9d4aaf,,,,,,0,246,0
src/main/java/nonapi/io/github/classgraph/fileslice/reader/RandomAccessArrayReader.java,nonapi.io.github.classgraph.fileslice.reader.RandomAccessArrayReader,"nonapi.io.github.classgraph.fileslice.reader.RandomAccessArrayReader{name=readUnsignedShort,return=int,parameters=[long]}",093bdb050c45d8d4dbe77779500993e8a4f08ee557bae4e032fb617ea7667b44,,,,,,0,281,0
src/main/java/nonapi/io/github/classgraph/fileslice/reader/RandomAccessArrayReader.java,nonapi.io.github.classgraph.fileslice.reader.RandomAccessArrayReader,"nonapi.io.github.classgraph.fileslice.reader.RandomAccessArrayReader{name=readInt,return=int,parameters=[long]}",754420438e2e86e8984fa257b7f50a3c97371734f7297641bc6fb82b0657c3ba,,,,,,0,318,0
src/main/java/nonapi/io/github/classgraph/fileslice/reader/RandomAccessArrayReader.java,nonapi.io.github.classgraph.fileslice.reader.RandomAccessArrayReader,"nonapi.io.github.classgraph.fileslice.reader.RandomAccessArrayReader{name=readUnsignedInt,return=long,parameters=[long]}",a278116f9083658bbcf9d8fd1e50af6ecb970df8e648d40ca5a25efb5b8c768c,,,,,,0,249,0
src/main/java/nonapi/io/github/classgraph/fileslice/reader/RandomAccessArrayReader.java,nonapi.io.github.classgraph.fileslice.reader.RandomAccessArrayReader,"nonapi.io.github.classgraph.fileslice.reader.RandomAccessArrayReader{name=readLong,return=long,parameters=[long]}",cfd6808bda56e125aba6bbd5e58f1c2ee5ec99a456a5f4a35b88d2c9e5a11732,,,,,,0,402,0
src/main/java/nonapi/io/github/classgraph/fileslice/reader/RandomAccessArrayReader.java,nonapi.io.github.classgraph.fileslice.reader.RandomAccessArrayReader,"nonapi.io.github.classgraph.fileslice.reader.RandomAccessArrayReader{name=readString,return=java.lang.String,parameters=[long,int,boolean,boolean]}",0434d0c20c48fdccb7aa62269364e032221abf7bd5a581083c2b216625678971,,,,,,0,296,0
src/main/java/nonapi/io/github/classgraph/fileslice/reader/RandomAccessArrayReader.java,nonapi.io.github.classgraph.fileslice.reader.RandomAccessArrayReader,"nonapi.io.github.classgraph.fileslice.reader.RandomAccessArrayReader{name=readString,return=java.lang.String,parameters=[long,int]}",6ab6870bc4b40b5ab870c30fbac08793674c004816a661b5b23aa0f7c22f13c8,,,,,,0,254,0
src/main/java/nonapi/io/github/classgraph/fileslice/reader/RandomAccessByteBufferReader.java,nonapi.io.github.classgraph.fileslice.reader.RandomAccessByteBufferReader,"nonapi.io.github.classgraph.fileslice.reader.RandomAccessByteBufferReader{name=read,return=int,parameters=[long,byte[],int,int]}",4005204787583d5a8db1ed5cf71b1fcb08a9c5dcfb3078b00df4839f9a73bd67,,,,,,0,443,0
src/main/java/nonapi/io/github/classgraph/fileslice/reader/RandomAccessByteBufferReader.java,nonapi.io.github.classgraph.fileslice.reader.RandomAccessByteBufferReader,"nonapi.io.github.classgraph.fileslice.reader.RandomAccessByteBufferReader{name=read,return=int,parameters=[long,java.nio.ByteBuffer,int,int]}",14d33d8588176404c975e150ad5e0478ceaeb61ddd4ce7ecaa5e99b34a352f2c,,,,,,0,487,0
src/main/java/nonapi/io/github/classgraph/fileslice/reader/RandomAccessByteBufferReader.java,nonapi.io.github.classgraph.fileslice.reader.RandomAccessByteBufferReader,"nonapi.io.github.classgraph.fileslice.reader.RandomAccessByteBufferReader{name=readByte,return=byte,parameters=[long]}",60e22568fb57bada2eb3b9ec28b110cde0d4048d13f1d4c6aa7b2e73ff01dfc1,,,,,,0,258,0
src/main/java/nonapi/io/github/classgraph/fileslice/reader/RandomAccessByteBufferReader.java,nonapi.io.github.classgraph.fileslice.reader.RandomAccessByteBufferReader,"nonapi.io.github.classgraph.fileslice.reader.RandomAccessByteBufferReader{name=readUnsignedByte,return=int,parameters=[long]}",ebcaa3cda939fbbca856e5f4802de84e9ad490bf2f134349cb377b0f3258482b,,,,,,0,264,0
src/main/java/nonapi/io/github/classgraph/fileslice/reader/RandomAccessByteBufferReader.java,nonapi.io.github.classgraph.fileslice.reader.RandomAccessByteBufferReader,"nonapi.io.github.classgraph.fileslice.reader.RandomAccessByteBufferReader{name=readUnsignedShort,return=int,parameters=[long]}",729afccd9562e05ddc620fe900d69b39b1666c778fee9cb36026f88f427ad48f,,,,,,0,265,0
src/main/java/nonapi/io/github/classgraph/fileslice/reader/RandomAccessByteBufferReader.java,nonapi.io.github.classgraph.fileslice.reader.RandomAccessByteBufferReader,"nonapi.io.github.classgraph.fileslice.reader.RandomAccessByteBufferReader{name=readShort,return=short,parameters=[long]}",dc44ce203feaccf9dd839f1811c863bd8392d78ba0007935c4c43b4a7f9d4aaf,,,,,,0,246,0
src/main/java/nonapi/io/github/classgraph/fileslice/reader/RandomAccessByteBufferReader.java,nonapi.io.github.classgraph.fileslice.reader.RandomAccessByteBufferReader,"nonapi.io.github.classgraph.fileslice.reader.RandomAccessByteBufferReader{name=readInt,return=int,parameters=[long]}",2f1cf357cc359c351431eeb0846fc86571c652830a853f55f2055393447a9f2b,,,,,,0,258,0
src/main/java/nonapi/io/github/classgraph/fileslice/reader/RandomAccessByteBufferReader.java,nonapi.io.github.classgraph.fileslice.reader.RandomAccessByteBufferReader,"nonapi.io.github.classgraph.fileslice.reader.RandomAccessByteBufferReader{name=readUnsignedInt,return=long,parameters=[long]}",a278116f9083658bbcf9d8fd1e50af6ecb970df8e648d40ca5a25efb5b8c768c,,,,,,0,249,0
src/main/java/nonapi/io/github/classgraph/fileslice/reader/RandomAccessByteBufferReader.java,nonapi.io.github.classgraph.fileslice.reader.RandomAccessByteBufferReader,"nonapi.io.github.classgraph.fileslice.reader.RandomAccessByteBufferReader{name=readLong,return=long,parameters=[long]}",e96d2a22d32831ed21cc9d792a47b77f823beec6fd3f1c841cf459f3cc578f1b,,,,,,0,258,0
src/main/java/nonapi/io/github/classgraph/fileslice/reader/RandomAccessByteBufferReader.java,nonapi.io.github.classgraph.fileslice.reader.RandomAccessByteBufferReader,"nonapi.io.github.classgraph.fileslice.reader.RandomAccessByteBufferReader{name=readString,return=java.lang.String,parameters=[long,int,boolean,boolean]}",365f2fc4582d9d7a468191ba5ea0bc2e26d8ac480b69846ea68ed07c0eb0de60,,,,,,0,341,0
src/main/java/nonapi/io/github/classgraph/fileslice/reader/RandomAccessByteBufferReader.java,nonapi.io.github.classgraph.fileslice.reader.RandomAccessByteBufferReader,"nonapi.io.github.classgraph.fileslice.reader.RandomAccessByteBufferReader{name=readString,return=java.lang.String,parameters=[long,int]}",6ab6870bc4b40b5ab870c30fbac08793674c004816a661b5b23aa0f7c22f13c8,,,,,,0,254,0
src/main/java/nonapi/io/github/classgraph/fileslice/reader/RandomAccessFileChannelReader.java,nonapi.io.github.classgraph.fileslice.reader.RandomAccessFileChannelReader,"nonapi.io.github.classgraph.fileslice.reader.RandomAccessFileChannelReader{name=read,return=int,parameters=[long,java.nio.ByteBuffer,int,int]}",eff0a9ee76b62dd82e3234728fed0b1841a46303a9f21f5b623175d66e262e75,,,,,,0,411,0
src/main/java/nonapi/io/github/classgraph/fileslice/reader/RandomAccessFileChannelReader.java,nonapi.io.github.classgraph.fileslice.reader.RandomAccessFileChannelReader,"nonapi.io.github.classgraph.fileslice.reader.RandomAccessFileChannelReader{name=read,return=int,parameters=[long,byte[],int,int]}",06f21e665c67c6b4b92ad5dda99318332ca2b96b92d2122485889a50f48fdea1,,,,,,0,428,0
src/main/java/nonapi/io/github/classgraph/fileslice/reader/RandomAccessFileChannelReader.java,nonapi.io.github.classgraph.fileslice.reader.RandomAccessFileChannelReader,"nonapi.io.github.classgraph.fileslice.reader.RandomAccessFileChannelReader{name=readByte,return=byte,parameters=[long]}",d59d15944f5bcc8bddc209b9c5253659765c5db11174a0be1b4d57725e5b4664,,,,,,0,275,0
src/main/java/nonapi/io/github/classgraph/fileslice/reader/RandomAccessFileChannelReader.java,nonapi.io.github.classgraph.fileslice.reader.RandomAccessFileChannelReader,"nonapi.io.github.classgraph.fileslice.reader.RandomAccessFileChannelReader{name=readUnsignedByte,return=int,parameters=[long]}",7a6de5389cebbbdb475325fea491fb6539311525a4871b1993de473450908534,,,,,,0,281,0
src/main/java/nonapi/io/github/classgraph/fileslice/reader/RandomAccessFileChannelReader.java,nonapi.io.github.classgraph.fileslice.reader.RandomAccessFileChannelReader,"nonapi.io.github.classgraph.fileslice.reader.RandomAccessFileChannelReader{name=readShort,return=short,parameters=[long]}",dc44ce203feaccf9dd839f1811c863bd8392d78ba0007935c4c43b4a7f9d4aaf,,,,,,0,246,0
src/main/java/nonapi/io/github/classgraph/fileslice/reader/RandomAccessFileChannelReader.java,nonapi.io.github.classgraph.fileslice.reader.RandomAccessFileChannelReader,"nonapi.io.github.classgraph.fileslice.reader.RandomAccessFileChannelReader{name=readUnsignedShort,return=int,parameters=[long]}",cf3753bcd398816cf3a9b09669ff499a6c29cb8403a0ecabacba82e1479a878b,,,,,,0,300,0
src/main/java/nonapi/io/github/classgraph/fileslice/reader/RandomAccessFileChannelReader.java,nonapi.io.github.classgraph.fileslice.reader.RandomAccessFileChannelReader,"nonapi.io.github.classgraph.fileslice.reader.RandomAccessFileChannelReader{name=readInt,return=int,parameters=[long]}",cc90bb756259ed3e14bdcb24ad9134f0e85f4b0f26635ed76c85bc4fee1ed3af,,,,,,0,335,0
src/main/java/nonapi/io/github/classgraph/fileslice/reader/RandomAccessFileChannelReader.java,nonapi.io.github.classgraph.fileslice.reader.RandomAccessFileChannelReader,"nonapi.io.github.classgraph.fileslice.reader.RandomAccessFileChannelReader{name=readUnsignedInt,return=long,parameters=[long]}",a278116f9083658bbcf9d8fd1e50af6ecb970df8e648d40ca5a25efb5b8c768c,,,,,,0,249,0
src/main/java/nonapi/io/github/classgraph/fileslice/reader/RandomAccessFileChannelReader.java,nonapi.io.github.classgraph.fileslice.reader.RandomAccessFileChannelReader,"nonapi.io.github.classgraph.fileslice.reader.RandomAccessFileChannelReader{name=readLong,return=long,parameters=[long]}",8ea2dad03961deaf7b48699912222f028906f18c6494e8609a8b80e6e09455d8,,,,,,0,415,0
src/main/java/nonapi/io/github/classgraph/fileslice/reader/RandomAccessFileChannelReader.java,nonapi.io.github.classgraph.fileslice.reader.RandomAccessFileChannelReader,"nonapi.io.github.classgraph.fileslice.reader.RandomAccessFileChannelReader{name=readString,return=java.lang.String,parameters=[long,int,boolean,boolean]}",975bf7837bdebb5c0ab9e3934ca59253ccd9576c8118b0a59a4f47e779dd118d,,,,,,0,372,0
src/main/java/nonapi/io/github/classgraph/fileslice/reader/RandomAccessFileChannelReader.java,nonapi.io.github.classgraph.fileslice.reader.RandomAccessFileChannelReader,"nonapi.io.github.classgraph.fileslice.reader.RandomAccessFileChannelReader{name=readString,return=java.lang.String,parameters=[long,int]}",6ab6870bc4b40b5ab870c30fbac08793674c004816a661b5b23aa0f7c22f13c8,,,,,,0,254,0
src/main/java/nonapi/io/github/classgraph/fileslice/reader/RandomAccessReader.java,nonapi.io.github.classgraph.fileslice.reader.RandomAccessReader,"nonapi.io.github.classgraph.fileslice.reader.RandomAccessReader{name=read,return=int,parameters=[long,java.nio.ByteBuffer,int,int]}",937d30deb35cd07ab5cf0878fe83936cd736b195eb7dbe87274dacaff6b2a1a6,,,,,,0,360,0
src/main/java/nonapi/io/github/classgraph/fileslice/reader/RandomAccessReader.java,nonapi.io.github.classgraph.fileslice.reader.RandomAccessReader,"nonapi.io.github.classgraph.fileslice.reader.RandomAccessReader{name=read,return=int,parameters=[long,byte[],int,int]}",334dc3c9a2d07de816f1a1c388a0ebb1cba20e8f4e95e63a5fbdfd26a57d1104,,,,,,0,358,0
src/main/java/nonapi/io/github/classgraph/fileslice/reader/RandomAccessReader.java,nonapi.io.github.classgraph.fileslice.reader.RandomAccessReader,"nonapi.io.github.classgraph.fileslice.reader.RandomAccessReader{name=readByte,return=byte,parameters=[long]}",55b1cae460b8080d146a3d9066e7e4eb55cb61523e8d8ca03478956aa8c17a08,,,,,,0,289,0
src/main/java/nonapi/io/github/classgraph/fileslice/reader/RandomAccessReader.java,nonapi.io.github.classgraph.fileslice.reader.RandomAccessReader,"nonapi.io.github.classgraph.fileslice.reader.RandomAccessReader{name=readUnsignedByte,return=int,parameters=[long]}",84e2613b17475e14dff3d857367c98d5984a4dea82a7fdab85656012812c4312,,,,,,0,292,0
src/main/java/nonapi/io/github/classgraph/fileslice/reader/RandomAccessReader.java,nonapi.io.github.classgraph.fileslice.reader.RandomAccessReader,"nonapi.io.github.classgraph.fileslice.reader.RandomAccessReader{name=readShort,return=short,parameters=[long]}",f1279cc36330cd156e08c5c64876187f68a837d3a19ed536a77d98326dbed9f2,,,,,,0,289,0
src/main/java/nonapi/io/github/classgraph/fileslice/reader/RandomAccessReader.java,nonapi.io.github.classgraph.fileslice.reader.RandomAccessReader,"nonapi.io.github.classgraph.fileslice.reader.RandomAccessReader{name=readUnsignedShort,return=int,parameters=[long]}",84cb39be65f043c3f5c745fa17173ea9e748dac9eb475a383022d1020e5201cf,,,,,,0,292,0
src/main/java/nonapi/io/github/classgraph/fileslice/reader/RandomAccessReader.java,nonapi.io.github.classgraph.fileslice.reader.RandomAccessReader,"nonapi.io.github.classgraph.fileslice.reader.RandomAccessReader{name=readInt,return=int,parameters=[long]}",1c4288abaff6a3f8f6d5b8fdaf49f550b51b741a5fa8a06b0cb9868d9b058ce3,,,,,,0,289,0
src/main/java/nonapi/io/github/classgraph/fileslice/reader/RandomAccessReader.java,nonapi.io.github.classgraph.fileslice.reader.RandomAccessReader,"nonapi.io.github.classgraph.fileslice.reader.RandomAccessReader{name=readUnsignedInt,return=long,parameters=[long]}",9ce7d76a6652c70f3fd154ddbf58bee5061c80059c54c77107c945bfcc202451,,,,,,0,295,0
src/main/java/nonapi/io/github/classgraph/fileslice/reader/RandomAccessReader.java,nonapi.io.github.classgraph.fileslice.reader.RandomAccessReader,"nonapi.io.github.classgraph.fileslice.reader.RandomAccessReader{name=readLong,return=long,parameters=[long]}",ad469267cd726907311f424ea199aa16e94927aa329d75a00a66805e7bcfe1c6,,,,,,0,290,0
src/main/java/nonapi/io/github/classgraph/fileslice/reader/RandomAccessReader.java,nonapi.io.github.classgraph.fileslice.reader.RandomAccessReader,"nonapi.io.github.classgraph.fileslice.reader.RandomAccessReader{name=readString,return=java.lang.String,parameters=[long,int,boolean,boolean]}",a88683351e80751cbd7b4ccb161344c0741e347ed86f66b004abd3717301154b,,,,,,0,383,0
src/main/java/nonapi/io/github/classgraph/fileslice/reader/RandomAccessReader.java,nonapi.io.github.classgraph.fileslice.reader.RandomAccessReader,"nonapi.io.github.classgraph.fileslice.reader.RandomAccessReader{name=readString,return=java.lang.String,parameters=[long,int]}",eac075f9e25e5597ec90bd660de185f35203fadc19561e4ff0e9087998a573ff,,,,,,0,312,0
src/main/java/nonapi/io/github/classgraph/fileslice/reader/SequentialReader.java,nonapi.io.github.classgraph.fileslice.reader.SequentialReader,"nonapi.io.github.classgraph.fileslice.reader.SequentialReader{name=readByte,return=byte,parameters=[]}",4fb229027b69dee528f40ff70f60ea41e3458aff2ddbf6a857ed81466a7bcef2,,,,,,0,268,0
src/main/java/nonapi/io/github/classgraph/fileslice/reader/SequentialReader.java,nonapi.io.github.classgraph.fileslice.reader.SequentialReader,"nonapi.io.github.classgraph.fileslice.reader.SequentialReader{name=readUnsignedByte,return=int,parameters=[]}",3576264c44529c6c54dfcb5f005949878ed6036ddc9f9938f91ad7ef66a267ac,,,,,,0,271,0
src/main/java/nonapi/io/github/classgraph/fileslice/reader/SequentialReader.java,nonapi.io.github.classgraph.fileslice.reader.SequentialReader,"nonapi.io.github.classgraph.fileslice.reader.SequentialReader{name=readShort,return=short,parameters=[]}",33d8c8ec7176eda5681f17b160c34831c246ec72eb5f2f3037f059456ff8d6bb,,,,,,0,268,0
src/main/java/nonapi/io/github/classgraph/fileslice/reader/SequentialReader.java,nonapi.io.github.classgraph.fileslice.reader.SequentialReader,"nonapi.io.github.classgraph.fileslice.reader.SequentialReader{name=readUnsignedShort,return=int,parameters=[]}",5b1b1b9d5b475fe34a69776ee4db7fa96bffd9792ef2da1ea03f383c22dc1053,,,,,,0,271,0
src/main/java/nonapi/io/github/classgraph/fileslice/reader/SequentialReader.java,nonapi.io.github.classgraph.fileslice.reader.SequentialReader,"nonapi.io.github.classgraph.fileslice.reader.SequentialReader{name=readInt,return=int,parameters=[]}",e47b771c8ffc2ed657ed62dad48b09c838b0de37496c004302eb097c0f3483ae,,,,,,0,268,0
src/main/java/nonapi/io/github/classgraph/fileslice/reader/SequentialReader.java,nonapi.io.github.classgraph.fileslice.reader.SequentialReader,"nonapi.io.github.classgraph.fileslice.reader.SequentialReader{name=readUnsignedInt,return=long,parameters=[]}",34b819ddbec2338dc21dd32917581524f41210d4bf28da7bee1227776cb99d50,,,,,,0,274,0
src/main/java/nonapi/io/github/classgraph/fileslice/reader/SequentialReader.java,nonapi.io.github.classgraph.fileslice.reader.SequentialReader,"nonapi.io.github.classgraph.fileslice.reader.SequentialReader{name=readLong,return=long,parameters=[]}",b2824a8f6ccf3a7a943eba8414b267c3da0ea3ae405f439e7bf3db76aa70d945,,,,,,0,269,0
src/main/java/nonapi/io/github/classgraph/fileslice/reader/SequentialReader.java,nonapi.io.github.classgraph.fileslice.reader.SequentialReader,"nonapi.io.github.classgraph.fileslice.reader.SequentialReader{name=skip,return=void,parameters=[int]}",72a7fc6c98b395f362df9847109345134bbce6868a3e536c6c941df5f1d2974f,,,,,,0,276,0
src/main/java/nonapi/io/github/classgraph/fileslice/reader/SequentialReader.java,nonapi.io.github.classgraph.fileslice.reader.SequentialReader,"nonapi.io.github.classgraph.fileslice.reader.SequentialReader{name=readString,return=java.lang.String,parameters=[int,boolean,boolean]}",6b905f04f3ae1cf8e4cf178a0db625fa64b50c1b176a95d16dab3fdafa4cadc8,,,,,,0,365,0
src/main/java/nonapi/io/github/classgraph/fileslice/reader/SequentialReader.java,nonapi.io.github.classgraph.fileslice.reader.SequentialReader,"nonapi.io.github.classgraph.fileslice.reader.SequentialReader{name=readString,return=java.lang.String,parameters=[int]}",0328d89827ccf83d2c88cc60c3d520c8f5aeb1e6f3c95ef0b6d9705f8131bcac,,,,,,0,294,0
src/main/java/nonapi/io/github/classgraph/json/ClassFields.java,nonapi.io.github.classgraph.json.ClassFields$1,"nonapi.io.github.classgraph.json.ClassFields$1{name=compare,return=int,parameters=[java.lang.reflect.Field,java.lang.reflect.Field]}",a55ddb9805797219c177b4551f91e9dc403a8ea1713d1053b8cd855b786798b6,,,,,,0,246,0
src/main/java/nonapi/io/github/classgraph/json/ClassFields.java,nonapi.io.github.classgraph.json.ClassFields$2,"nonapi.io.github.classgraph.json.ClassFields$2{name=compare,return=int,parameters=[java.lang.reflect.Field,java.lang.reflect.Field]}",511dbbf835a1b3aecbef109db9c2684cf5284707cab1c2dd58d4474e36015b68,,,,,,0,270,0
src/main/java/nonapi/io/github/classgraph/json/JSONArray.java,nonapi.io.github.classgraph.json.JSONArray,"nonapi.io.github.classgraph.json.JSONArray{name=toJSONString,return=void,parameters=[java.util.Map<nonapi.io.github.classgraph.json.ReferenceEqualityKey<nonapi.io.github.classgraph.json.JSONReference>, java.lang.CharSequence>,boolean,int,int,java.lang.StringBuilder]}",9b0a950a438c62db222975c4c13f720e430b1f1d87556a6d9ff1eb49b22f4257,,,,,,0,601,0
src/main/java/nonapi/io/github/classgraph/json/JSONDeserializer.java,nonapi.io.github.classgraph.json.JSONDeserializer,"nonapi.io.github.classgraph.json.JSONDeserializer{name=deserializeObject,return=Generic{T},parameters=[java.lang.Class<Generic{T}>,java.lang.String]}",7a275d63b88e2673f6dcc877548f7d8e32a766fabe44930877292ed1b86aa26f,,,,,,0,419,0
src/main/java/nonapi/io/github/classgraph/json/JSONDeserializer.java,nonapi.io.github.classgraph.json.JSONDeserializer,"nonapi.io.github.classgraph.json.JSONDeserializer{name=deserializeToField,return=void,parameters=[java.lang.Object,java.lang.String,java.lang.String,nonapi.io.github.classgraph.json.ClassFieldCache]}",90aa4f0adde5fe1f6e9472b578248fc09851bdfbf92b3bfb0b72e9f460d50e57,,,,,,0,682,0
src/main/java/nonapi/io/github/classgraph/json/JSONDeserializer.java,nonapi.io.github.classgraph.json.JSONDeserializer,"nonapi.io.github.classgraph.json.JSONDeserializer{name=deserializeToField,return=void,parameters=[java.lang.Object,java.lang.String,java.lang.String]}",ce3daef12a9c76d83c8271e442b8011ca1fe8bc3cb45fd5696e7ea17c91f2137,,,,,,0,424,0
src/main/java/nonapi/io/github/classgraph/json/JSONObject.java,nonapi.io.github.classgraph.json.JSONObject,"nonapi.io.github.classgraph.json.JSONObject{name=toJSONString,return=void,parameters=[java.util.Map<nonapi.io.github.classgraph.json.ReferenceEqualityKey<nonapi.io.github.classgraph.json.JSONReference>, java.lang.CharSequence>,boolean,int,int,java.lang.StringBuilder]}",461145e569df282ce0e4ba8b5b54bbd101701ad0e3ea7b5bace2e99ced736599,,,,,,0,954,0
src/main/java/nonapi/io/github/classgraph/json/JSONParser.java,nonapi.io.github.classgraph.json.JSONParser,"nonapi.io.github.classgraph.json.JSONParser{name=parseJSON,return=java.lang.Object,parameters=[java.lang.String]}",919cfa829cc8d837337b97481b47d680baef6c1167000792b6d183f367ba34e4,,,,,,0,307,0
src/main/java/nonapi/io/github/classgraph/json/JSONSerializer.java,nonapi.io.github.classgraph.json.JSONSerializer$1,"nonapi.io.github.classgraph.json.JSONSerializer$1{name=compare,return=int,parameters=[java.lang.Object,java.lang.Object]}",5946e6524d302ba3c1c82d522a388c10025d32667f566a65ec9281302915a462,,,,,,0,388,0
src/main/java/nonapi/io/github/classgraph/json/JSONSerializer.java,nonapi.io.github.classgraph.json.JSONSerializer,"nonapi.io.github.classgraph.json.JSONSerializer{name=jsonValToJSONString,return=void,parameters=[java.lang.Object,java.util.Map<nonapi.io.github.classgraph.json.ReferenceEqualityKey<nonapi.io.github.classgraph.json.JSONReference>, java.lang.CharSequence>,boolean,int,int,java.lang.StringBuilder]}",448e554febae592c96b7288f8c2c9f9afdf4c5577ec96e62887c3f7e6867f37b,,,,,,0,727,0
src/main/java/nonapi/io/github/classgraph/json/JSONSerializer.java,nonapi.io.github.classgraph.json.JSONSerializer,"nonapi.io.github.classgraph.json.JSONSerializer{name=serializeObject,return=java.lang.String,parameters=[java.lang.Object,int,boolean,nonapi.io.github.classgraph.json.ClassFieldCache]}",44b715370fb28dc8d9feefef76036367524681df1959ea10755de36d6ebb3fcd,,,,,,0,668,0
src/main/java/nonapi/io/github/classgraph/json/JSONSerializer.java,nonapi.io.github.classgraph.json.JSONSerializer,"nonapi.io.github.classgraph.json.JSONSerializer{name=serializeObject,return=java.lang.String,parameters=[java.lang.Object,int,boolean]}",10519fad39c4eb44a204656a6135942ee7a0d4213b08ce3480b3d2e16e218a76,,,,,,0,419,0
src/main/java/nonapi/io/github/classgraph/json/JSONSerializer.java,nonapi.io.github.classgraph.json.JSONSerializer,"nonapi.io.github.classgraph.json.JSONSerializer{name=serializeObject,return=java.lang.String,parameters=[java.lang.Object]}",3090019d63ad0a83c431a0b0c88e098f3006fd23cb4d97836eea7740fae39a34,,,,,,0,330,0
src/main/java/nonapi/io/github/classgraph/json/JSONSerializer.java,nonapi.io.github.classgraph.json.JSONSerializer,"nonapi.io.github.classgraph.json.JSONSerializer{name=serializeFromField,return=java.lang.String,parameters=[java.lang.Object,java.lang.String,int,boolean,nonapi.io.github.classgraph.json.ClassFieldCache]}",8266db5e419ceed7caf1900911ea985c12412c2264a5edf0cbdf00285a302646,,,,,,0,662,0
src/main/java/nonapi/io/github/classgraph/json/JSONSerializer.java,nonapi.io.github.classgraph.json.JSONSerializer,"nonapi.io.github.classgraph.json.JSONSerializer{name=serializeFromField,return=java.lang.String,parameters=[java.lang.Object,java.lang.String,int,boolean]}",460ea1916bd5dfa23788570d47801f6296eaf0f7f4121f9868424f8cc9184024,,,,,,0,454,0
src/main/java/nonapi/io/github/classgraph/json/JSONUtils.java,nonapi.io.github.classgraph.json.JSONUtils,"nonapi.io.github.classgraph.json.JSONUtils{name=makeAccessible,return=boolean,parameters=[java.lang.reflect.AccessibleObject]}",de2d0781ddb31aa88e10b637b46d7baf5af44e6d6a8da16e18724a66a1aeb5a4,,,,,,0,369,0
src/main/java/nonapi/io/github/classgraph/json/JSONUtils.java,nonapi.io.github.classgraph.json.JSONUtils,"nonapi.io.github.classgraph.json.JSONUtils{name=escapeJSONString,return=void,parameters=[java.lang.String,java.lang.StringBuilder]}",dc83e68fb4ac2d8ece9a23b8d30668bda6983e86664df43a0ffd298d42ff1e4e,,,,,,0,708,0
src/main/java/nonapi/io/github/classgraph/json/JSONUtils.java,nonapi.io.github.classgraph.json.JSONUtils,"nonapi.io.github.classgraph.json.JSONUtils{name=escapeJSONString,return=java.lang.String,parameters=[java.lang.String]}",e323588a11084bd49161a48fbb8831a1485466b3cfb155cc6462c867928b7320,,,,,,0,303,0
src/main/java/nonapi/io/github/classgraph/json/JSONUtils.java,nonapi.io.github.classgraph.json.JSONUtils,"nonapi.io.github.classgraph.json.JSONUtils{name=indent,return=void,parameters=[int,int,java.lang.StringBuilder]}",842fa07094302bab4b500d04b8b2b599e92f71b4358e6dccb08844c3f683aa60,,,,,,0,351,0
src/main/java/nonapi/io/github/classgraph/json/JSONUtils.java,nonapi.io.github.classgraph.json.JSONUtils,"nonapi.io.github.classgraph.json.JSONUtils{name=fieldIsSerializable,return=boolean,parameters=[java.lang.reflect.Field,boolean]}",b8f531e67c566a97769f0f57952efd103d46746c3ad194d611b4f6483872c2d6,,,,,,0,411,0
src/main/java/nonapi/io/github/classgraph/json/TypeResolutions.java,nonapi.io.github.classgraph.json.TypeResolutions,"nonapi.io.github.classgraph.json.TypeResolutions{name=resolveTypeVariables,return=java.lang.reflect.Type,parameters=[java.lang.reflect.Type]}",ee902c94189cb4581eefd03dfcedcc6e2b80e8b8a6a149e1d04d6c42acf9b86f,,,,,,0,1024,0
src/main/java/nonapi/io/github/classgraph/recycler/RecycleOnClose.java,nonapi.io.github.classgraph.recycler.RecycleOnClose,"nonapi.io.github.classgraph.recycler.RecycleOnClose{name=close,return=void,parameters=[]}",c9032def9b78702ad6da51aa1c6cfa16d2e341c7265256bee0efb04cde4e08eb,,,,,,0,279,0
src/main/java/nonapi/io/github/classgraph/recycler/Recycler.java,nonapi.io.github.classgraph.recycler.Recycler,"nonapi.io.github.classgraph.recycler.Recycler{name=newInstance,return=Generic{T},parameters=[]}",614266268cb0a5a299d747e657fb5d3d4d0b9173d19c3fe1ea9f302da68bb0c6,,,,,,0,287,0
src/main/java/nonapi/io/github/classgraph/recycler/Recycler.java,nonapi.io.github.classgraph.recycler.Recycler,"nonapi.io.github.classgraph.recycler.Recycler{name=acquire,return=Generic{T},parameters=[]}",db63e9ed447982da53d23bc1c9b25d0d121ea86fc02e6a9fe88d48a1dab35eac,,,,,,0,433,0
src/main/java/nonapi/io/github/classgraph/recycler/Recycler.java,nonapi.io.github.classgraph.recycler.Recycler,"nonapi.io.github.classgraph.recycler.Recycler{name=acquireRecycleOnClose,return=nonapi.io.github.classgraph.recycler.RecycleOnClose<Generic{T}, Generic{E extends java.lang.Exception}>,parameters=[]}",aad77a9d5bb993ce279ecfa958536afd3bde262c55450ad76486795352f9c5fe,,,,,,0,357,0
src/main/java/nonapi/io/github/classgraph/recycler/Recycler.java,nonapi.io.github.classgraph.recycler.Recycler,"nonapi.io.github.classgraph.recycler.Recycler{name=recycle,return=void,parameters=[Generic{T}]}",29c5007ce5ecb7adb2c4c955e70b605f3e4b773b56375c5ed1aff0cc2450deee,,,,,,0,433,0
src/main/java/nonapi/io/github/classgraph/recycler/Recycler.java,nonapi.io.github.classgraph.recycler.Recycler,"nonapi.io.github.classgraph.recycler.Recycler{name=close,return=void,parameters=[]}",d1f71f8e574c848363dada4a7a676786e53f6fd1b2584f2b8de89001fa33bbd1,,,,,,0,406,0
src/main/java/nonapi/io/github/classgraph/recycler/Recycler.java,nonapi.io.github.classgraph.recycler.Recycler,"nonapi.io.github.classgraph.recycler.Recycler{name=forceClose,return=void,parameters=[]}",a9b6e9c6d2d47f3486586342577be6e1bf172f4318a3ff4133e29c22bebcd780,,,,,,0,361,0
src/main/java/nonapi/io/github/classgraph/recycler/Resettable.java,nonapi.io.github.classgraph.recycler.Resettable,"nonapi.io.github.classgraph.recycler.Resettable{name=reset,return=void,parameters=[]}",749dc21f3b2acd5be1d94a1b6ac4f9cc72a9f148d06c6e4187c64ed5dcdac406,,,,,,0,240,0
src/main/java/nonapi/io/github/classgraph/reflection/JVMDriverReflectionDriver.java,nonapi.io.github.classgraph.reflection.JVMDriverReflectionDriver$ClassFinder,"nonapi.io.github.classgraph.reflection.JVMDriverReflectionDriver$ClassFinder{name=findClass,return=java.lang.Class<Generic{?}>,parameters=[java.lang.String]}",7d4694c1410e1d3298f527fdef3b058c7db5974d1944851e3923c61a0bfe9559,,,,,,0,232,0
src/main/java/nonapi/io/github/classgraph/reflection/JVMDriverReflectionDriver.java,nonapi.io.github.classgraph.reflection.JVMDriverReflectionDriver,"nonapi.io.github.classgraph.reflection.JVMDriverReflectionDriver{name=makeAccessible,return=boolean,parameters=[java.lang.Object,java.lang.reflect.AccessibleObject]}",fb3d0eea5ced657e93d70bf52b43dee3faa2f92609294494d06730d437ea0b23,,,,,,0,275,0
src/main/java/nonapi/io/github/classgraph/reflection/JVMDriverReflectionDriver.java,nonapi.io.github.classgraph.reflection.JVMDriverReflectionDriver,"nonapi.io.github.classgraph.reflection.JVMDriverReflectionDriver{name=findClass,return=java.lang.Class<Generic{?}>,parameters=[java.lang.String]}",0025898bbcfac206aed95f789d617ab43175c1bb0f3468712a71939ea72aa2cc,,,,,,0,258,0
src/main/java/nonapi/io/github/classgraph/reflection/JVMDriverReflectionDriver.java,nonapi.io.github.classgraph.reflection.JVMDriverReflectionDriver,"nonapi.io.github.classgraph.reflection.JVMDriverReflectionDriver{name=invokeMethod,return=java.lang.Object,parameters=[java.lang.Object,java.lang.reflect.Method,java.lang.Object[]]}",7c9ee936218d391678798e4193a687fcba5befa42b96b740d1e0f57c17c47bc5,,,,,,0,257,0
src/main/java/nonapi/io/github/classgraph/reflection/JVMDriverReflectionDriver.java,nonapi.io.github.classgraph.reflection.JVMDriverReflectionDriver,"nonapi.io.github.classgraph.reflection.JVMDriverReflectionDriver{name=invokeStaticMethod,return=java.lang.Object,parameters=[java.lang.reflect.Method,java.lang.Object[]]}",c36256f01d1eb652042b48dc6f08aa7b271b2c5841796d869a0fac59476c373c,,,,,,0,254,0
src/main/java/nonapi/io/github/classgraph/reflection/NarcissusReflectionDriver.java,nonapi.io.github.classgraph.reflection.NarcissusReflectionDriver,"nonapi.io.github.classgraph.reflection.NarcissusReflectionDriver{name=makeAccessible,return=boolean,parameters=[java.lang.Object,java.lang.reflect.AccessibleObject]}",75e5cab35bfa04369f4d696b24c67d3cb63cf9e23048412698202dd7a09f4d79,,,,,,0,245,0
src/main/java/nonapi/io/github/classgraph/reflection/NarcissusReflectionDriver.java,nonapi.io.github.classgraph.reflection.NarcissusReflectionDriver,"nonapi.io.github.classgraph.reflection.NarcissusReflectionDriver{name=findClass,return=java.lang.Class<Generic{?}>,parameters=[java.lang.String]}",cedc720dbd9e1c0b5442ba4e038f65d33e1625e82cf063f72880a94ea4743178,,,,,,0,249,0
src/main/java/nonapi/io/github/classgraph/reflection/NarcissusReflectionDriver.java,nonapi.io.github.classgraph.reflection.NarcissusReflectionDriver,"nonapi.io.github.classgraph.reflection.NarcissusReflectionDriver{name=invokeMethod,return=java.lang.Object,parameters=[java.lang.Object,java.lang.reflect.Method,java.lang.Object[]]}",f07489a499aaaeb519916729ec1444d4a207d540bfe8feb78c0c58928db5f58b,,,,,,0,257,0
src/main/java/nonapi/io/github/classgraph/reflection/NarcissusReflectionDriver.java,nonapi.io.github.classgraph.reflection.NarcissusReflectionDriver,"nonapi.io.github.classgraph.reflection.NarcissusReflectionDriver{name=invokeStaticMethod,return=java.lang.Object,parameters=[java.lang.reflect.Method,java.lang.Object[]]}",d8b0e5927565dc121e61abcd0e8d91c2709602af4b3b836f872882c7136b5c0d,,,,,,0,253,0
src/main/java/nonapi/io/github/classgraph/reflection/ReflectionDriver.java,nonapi.io.github.classgraph.reflection.ReflectionDriver$1,"nonapi.io.github.classgraph.reflection.ReflectionDriver$1{name=newInstance,return=nonapi.io.github.classgraph.reflection.ReflectionDriver$ClassMemberCache,parameters=[java.lang.Class<Generic{?}>,nonapi.io.github.classgraph.utils.LogNode]}",5b123b1ea6cb2b78d3ba9233ba6e2aa452dbecbd6b213c3a8a6aab6a2fcba410,,,,,,0,276,0
src/main/java/nonapi/io/github/classgraph/reflection/ReflectionDriver.java,nonapi.io.github.classgraph.reflection.ReflectionDriver,"nonapi.io.github.classgraph.reflection.ReflectionDriver{name=findClass,return=java.lang.Class<Generic{?}>,parameters=[java.lang.String]}",e831e68b20cf5d7b8b5dc5385ead26e10a6e3d79a0181bcf4a169b74615015bc,,,,,,0,262,0
src/main/java/nonapi/io/github/classgraph/reflection/ReflectionDriver.java,nonapi.io.github.classgraph.reflection.ReflectionDriver,"nonapi.io.github.classgraph.reflection.ReflectionDriver{name=invokeMethod,return=java.lang.Object,parameters=[java.lang.Object,java.lang.reflect.Method,java.lang.Object[]]}",fb2357a10e0092b1bf1784d1a318483e5d8452410fd1226e62242714459d0167,,,,,,0,323,0
src/main/java/nonapi/io/github/classgraph/reflection/ReflectionDriver.java,nonapi.io.github.classgraph.reflection.ReflectionDriver,"nonapi.io.github.classgraph.reflection.ReflectionDriver{name=invokeStaticMethod,return=java.lang.Object,parameters=[java.lang.reflect.Method,java.lang.Object[]]}",a1de43ca8ef71f508300fff3652558811eeb6eba71f2fd2055e51f08da7d55e6,,,,,,0,302,0
src/main/java/nonapi/io/github/classgraph/reflection/ReflectionDriver.java,nonapi.io.github.classgraph.reflection.ReflectionDriver,"nonapi.io.github.classgraph.reflection.ReflectionDriver{name=makeAccessible,return=boolean,parameters=[java.lang.Object,java.lang.reflect.AccessibleObject]}",eb27f780d0b41873334a89d25822405daa2c28ef62ac9fb254899176dd059e00,,,,,,0,289,0
src/main/java/nonapi/io/github/classgraph/reflection/ReflectionDriver.java,nonapi.io.github.classgraph.reflection.ReflectionDriver,"nonapi.io.github.classgraph.reflection.ReflectionDriver{name=findStaticField,return=java.lang.reflect.Field,parameters=[java.lang.Class<Generic{?}>,java.lang.String]}",728413d5149c87cf34cf1f8af6483d990318377dee81c9412b18581c8566baaf,,,,,,0,337,0
src/main/java/nonapi/io/github/classgraph/reflection/ReflectionDriver.java,nonapi.io.github.classgraph.reflection.ReflectionDriver,"nonapi.io.github.classgraph.reflection.ReflectionDriver{name=findInstanceField,return=java.lang.reflect.Field,parameters=[java.lang.Object,java.lang.String]}",4b76c7feb8b2a876763476e6c01dce7facc5ba04f40572bc80446e5846f0e129,,,,,,0,366,0
src/main/java/nonapi/io/github/classgraph/reflection/ReflectionDriver.java,nonapi.io.github.classgraph.reflection.ReflectionDriver,"nonapi.io.github.classgraph.reflection.ReflectionDriver{name=findStaticMethod,return=java.lang.reflect.Method,parameters=[java.lang.Class<Generic{?}>,java.lang.String,java.lang.Class<Generic{?}>[]]}",280a48442caf4734082c13d50642efb17c67941c2aa817d7e20ec517ee528828,,,,,,0,370,0
src/main/java/nonapi/io/github/classgraph/reflection/ReflectionDriver.java,nonapi.io.github.classgraph.reflection.ReflectionDriver,"nonapi.io.github.classgraph.reflection.ReflectionDriver{name=findInstanceMethod,return=java.lang.reflect.Method,parameters=[java.lang.Object,java.lang.String,java.lang.Class<Generic{?}>[]]}",bf5aa574ae3c2b438f57a2f2159cf322940d06f3a0efe651bfa5b542f73cc04c,,,,,,0,399,0
src/main/java/nonapi/io/github/classgraph/reflection/ReflectionUtils.java,nonapi.io.github.classgraph.reflection.ReflectionUtils,"nonapi.io.github.classgraph.reflection.ReflectionUtils{name=loadReflectionDriver,return=void,parameters=[]}",a1053d1e4a8c26e04973fb66f2bcc7ce5ae9bbe38ca429d8210377db47ac34f9,,,,,,0,511,0
src/main/java/nonapi/io/github/classgraph/reflection/ReflectionUtils.java,nonapi.io.github.classgraph.reflection.ReflectionUtils,"nonapi.io.github.classgraph.reflection.ReflectionUtils{name=invokeMethod,return=java.lang.Object,parameters=[boolean,java.lang.Object,java.lang.String]}",05bf86846da3c59bd2f45e4ee02437fe2b58f0082da625a5724b9533f77ee60d,,,,,,0,500,0
src/main/java/nonapi/io/github/classgraph/reflection/ReflectionUtils.java,nonapi.io.github.classgraph.reflection.ReflectionUtils,"nonapi.io.github.classgraph.reflection.ReflectionUtils{name=invokeMethod,return=java.lang.Object,parameters=[boolean,java.lang.Object,java.lang.String,java.lang.Class<Generic{?}>,java.lang.Object]}",7ed6262cf242de80f844fc4cdac9d05d2bc0264b1128984b91a7ca84b58ee296,,,,,,0,546,0
src/main/java/nonapi/io/github/classgraph/reflection/ReflectionUtils.java,nonapi.io.github.classgraph.reflection.ReflectionUtils,"nonapi.io.github.classgraph.reflection.ReflectionUtils{name=invokeStaticMethod,return=java.lang.Object,parameters=[boolean,java.lang.Class<Generic{?}>,java.lang.String]}",1071b3b0625ab343aebc3eca97fb4b534fd05ead42ccc632bec8b4b457d4a0e1,,,,,,0,493,0
src/main/java/nonapi/io/github/classgraph/reflection/ReflectionUtils.java,nonapi.io.github.classgraph.reflection.ReflectionUtils,"nonapi.io.github.classgraph.reflection.ReflectionUtils{name=invokeStaticMethod,return=java.lang.Object,parameters=[boolean,java.lang.Class<Generic{?}>,java.lang.String,java.lang.Class<Generic{?}>,java.lang.Object]}",756658669728b1b25a109c55fb26f33c0726ca292764ba9e9b93bc370092a53e,,,,,,0,546,0
src/main/java/nonapi/io/github/classgraph/reflection/ReflectionUtils.java,nonapi.io.github.classgraph.reflection.ReflectionUtils,"nonapi.io.github.classgraph.reflection.ReflectionUtils{name=classForNameOrNull,return=java.lang.Class<Generic{?}>,parameters=[java.lang.String]}",6d78bf1189540d801b873acf48601a511f73d330afc7b2885df75cfd73b7a08d,,,,,,0,325,0
src/main/java/nonapi/io/github/classgraph/reflection/ReflectionUtils.java,nonapi.io.github.classgraph.reflection.ReflectionUtils,"nonapi.io.github.classgraph.reflection.ReflectionUtils{name=staticMethodForNameOrNull,return=java.lang.reflect.Method,parameters=[java.lang.String,java.lang.String]}",5632e587f46818ec1bf36d2b9e4d33878dd93145dcbe87fe09c9959392be42fa,,,,,,0,341,0
src/main/java/nonapi/io/github/classgraph/reflection/ReflectionUtils.java,nonapi.io.github.classgraph.reflection.ReflectionUtils$PrivilegedActionInvocationHandler,"nonapi.io.github.classgraph.reflection.ReflectionUtils$PrivilegedActionInvocationHandler{name=invoke,return=java.lang.Object,parameters=[java.lang.Object,java.lang.reflect.Method,java.lang.Object[]]}",8113f3e8238f30e0ee4a049fa1bc73ba91b5d30745f31249555cfcf11e5288f2,,,,,,0,249,0
src/main/java/nonapi/io/github/classgraph/reflection/ReflectionUtils.java,nonapi.io.github.classgraph.reflection.ReflectionUtils,"nonapi.io.github.classgraph.reflection.ReflectionUtils{name=doPrivileged,return=Generic{T},parameters=[java.util.concurrent.Callable<Generic{T}>]}",acd1c94089154d1c999211611323c1e2a03b8d1352910597d97c1543128ac1be,,,,,,0,401,0
src/main/java/nonapi/io/github/classgraph/reflection/StandardReflectionDriver.java,nonapi.io.github.classgraph.reflection.StandardReflectionDriver,"nonapi.io.github.classgraph.reflection.StandardReflectionDriver{name=makeAccessible,return=boolean,parameters=[java.lang.Object,java.lang.reflect.AccessibleObject]}",ed768cfa493191e8db217339457daa456242ccc60bd71edd45a424290ed71bf0,,,,,,0,324,0
src/main/java/nonapi/io/github/classgraph/reflection/StandardReflectionDriver.java,nonapi.io.github.classgraph.reflection.StandardReflectionDriver,"nonapi.io.github.classgraph.reflection.StandardReflectionDriver{name=findClass,return=java.lang.Class<Generic{?}>,parameters=[java.lang.String]}",b01da8f665e48d06d7f9677197843546b49b178b64cba4589dea615253f72e29,,,,,,0,242,0
src/main/java/nonapi/io/github/classgraph/reflection/StandardReflectionDriver.java,nonapi.io.github.classgraph.reflection.StandardReflectionDriver,"nonapi.io.github.classgraph.reflection.StandardReflectionDriver{name=invokeMethod,return=java.lang.Object,parameters=[java.lang.Object,java.lang.reflect.Method,java.lang.Object[]]}",0389170fc721a5cd3ac6d46097aa60e385ad5efb9d3ded002091dd7909d9b69c,,,,,,0,259,0
src/main/java/nonapi/io/github/classgraph/reflection/StandardReflectionDriver.java,nonapi.io.github.classgraph.reflection.StandardReflectionDriver,"nonapi.io.github.classgraph.reflection.StandardReflectionDriver{name=invokeStaticMethod,return=java.lang.Object,parameters=[java.lang.reflect.Method,java.lang.Object[]]}",e2acacfa8319b058594d7398434e25a5ef976eb404b356d934f4a8598f89351e,,,,,,0,256,0
src/main/java/nonapi/io/github/classgraph/scanspec/AcceptReject.java,nonapi.io.github.classgraph.scanspec.AcceptReject$AcceptRejectPrefix,"nonapi.io.github.classgraph.scanspec.AcceptReject$AcceptRejectPrefix{name=addToAccept,return=void,parameters=[java.lang.String]}",899cc03c031f3cfd1e78fd43e1af2c1c4c4842bc59dc77ff0176d7137a1e758b,,,,,,0,326,0
src/main/java/nonapi/io/github/classgraph/scanspec/AcceptReject.java,nonapi.io.github.classgraph.scanspec.AcceptReject$AcceptRejectPrefix,"nonapi.io.github.classgraph.scanspec.AcceptReject$AcceptRejectPrefix{name=addToReject,return=void,parameters=[java.lang.String]}",6cff40116669b36f16e169df7fe0bd8272bd1f736e303464fe37dc4ea03ef90d,,,,,,0,323,0
src/main/java/nonapi/io/github/classgraph/scanspec/AcceptReject.java,nonapi.io.github.classgraph.scanspec.AcceptReject$AcceptRejectPrefix,"nonapi.io.github.classgraph.scanspec.AcceptReject$AcceptRejectPrefix{name=acceptHasPrefix,return=boolean,parameters=[java.lang.String]}",a36ddb96c597764ff47bd413f25e2cd24d49c8113bbecb9a462c41df7beae7d2,,,,,,0,295,0
src/main/java/nonapi/io/github/classgraph/scanspec/AcceptReject.java,nonapi.io.github.classgraph.scanspec.AcceptReject$AcceptRejectWholeString,"nonapi.io.github.classgraph.scanspec.AcceptReject$AcceptRejectWholeString{name=addToAccept,return=void,parameters=[java.lang.String]}",6ffb9450113ba5091f6a5c02a973187f77973b408dbfa82a8fe20cf73be0ff8b,,,,,,0,707,0
src/main/java/nonapi/io/github/classgraph/scanspec/AcceptReject.java,nonapi.io.github.classgraph.scanspec.AcceptReject$AcceptRejectWholeString,"nonapi.io.github.classgraph.scanspec.AcceptReject$AcceptRejectWholeString{name=addToReject,return=void,parameters=[java.lang.String]}",9db0bfbe3e57cff31433746a5a3a7d63e0008e39b9b835516e7708b0df9f62fa,,,,,,0,363,0
src/main/java/nonapi/io/github/classgraph/scanspec/AcceptReject.java,nonapi.io.github.classgraph.scanspec.AcceptReject$AcceptRejectWholeString,"nonapi.io.github.classgraph.scanspec.AcceptReject$AcceptRejectWholeString{name=acceptHasPrefix,return=boolean,parameters=[java.lang.String]}",ac26d3381ef4fd26ae28ee26b389d2860a674c0a7e620f681706f191031aeb73,,,,,,0,305,0
src/main/java/nonapi/io/github/classgraph/scanspec/AcceptReject.java,nonapi.io.github.classgraph.scanspec.AcceptReject$AcceptRejectLeafname,"nonapi.io.github.classgraph.scanspec.AcceptReject$AcceptRejectLeafname{name=addToAccept,return=void,parameters=[java.lang.String]}",70f90b7a33ef52867beaa2f69dc64e5378067b6d56c29e9eb138f1d89a9c39dd,,,,,,0,292,0
src/main/java/nonapi/io/github/classgraph/scanspec/AcceptReject.java,nonapi.io.github.classgraph.scanspec.AcceptReject$AcceptRejectLeafname,"nonapi.io.github.classgraph.scanspec.AcceptReject$AcceptRejectLeafname{name=addToReject,return=void,parameters=[java.lang.String]}",c7f57fcb2fdb53bab693213333974f7b9fd3b62baa6739fc6ca1997cbcd7908a,,,,,,0,292,0
src/main/java/nonapi/io/github/classgraph/scanspec/AcceptReject.java,nonapi.io.github.classgraph.scanspec.AcceptReject$AcceptRejectLeafname,"nonapi.io.github.classgraph.scanspec.AcceptReject$AcceptRejectLeafname{name=acceptHasPrefix,return=boolean,parameters=[java.lang.String]}",c3979ef92a3618854b51c0842d5154e1611ccdad486502aa8f6c7141f70e4af5,,,,,,0,298,0
src/main/java/nonapi/io/github/classgraph/scanspec/AcceptReject.java,nonapi.io.github.classgraph.scanspec.AcceptReject,"nonapi.io.github.classgraph.scanspec.AcceptReject{name=addToAccept,return=void,parameters=[java.lang.String]}",87f1ccad9f224b0504425989dd5a52c22ec41b1ed312c83eb97ece8604023af5,,,,,,0,252,0
src/main/java/nonapi/io/github/classgraph/scanspec/AcceptReject.java,nonapi.io.github.classgraph.scanspec.AcceptReject,"nonapi.io.github.classgraph.scanspec.AcceptReject{name=addToReject,return=void,parameters=[java.lang.String]}",95eccf1f9ca004759e0a292b3712f874c1553211a561cc9d239d95eff44f472c,,,,,,0,252,0
src/main/java/nonapi/io/github/classgraph/scanspec/AcceptReject.java,nonapi.io.github.classgraph.scanspec.AcceptReject,"nonapi.io.github.classgraph.scanspec.AcceptReject{name=acceptHasPrefix,return=boolean,parameters=[java.lang.String]}",f2e3ccb6874b9f985a67690ef6bf8dc61f6bc1fc2ae52c6d62983fdbd5330651,,,,,,0,275,0
src/main/java/nonapi/io/github/classgraph/scanspec/AcceptReject.java,nonapi.io.github.classgraph.scanspec.AcceptReject,"nonapi.io.github.classgraph.scanspec.AcceptReject{name=normalizePath,return=java.lang.String,parameters=[java.lang.String]}",09026dc0d3bede3744b60fa1f39320794599c2a34d6e1aaf97e3b886bef5835a,,,,,,0,312,0
src/main/java/nonapi/io/github/classgraph/scanspec/AcceptReject.java,nonapi.io.github.classgraph.scanspec.AcceptReject,"nonapi.io.github.classgraph.scanspec.AcceptReject{name=normalizePackageOrClassName,return=java.lang.String,parameters=[java.lang.String]}",e97e2f791b94ec62d0e165458c465b11b9fcf6b7f9255671ea510261295eba2b,,,,,,0,292,0
src/main/java/nonapi/io/github/classgraph/scanspec/AcceptReject.java,nonapi.io.github.classgraph.scanspec.AcceptReject,"nonapi.io.github.classgraph.scanspec.AcceptReject{name=pathToPackageName,return=java.lang.String,parameters=[java.lang.String]}",7fc7ccc5c15a537914fa837c6e0670f45742e4a77197f8813a7db43cbe205c47,,,,,,0,271,0
src/main/java/nonapi/io/github/classgraph/scanspec/AcceptReject.java,nonapi.io.github.classgraph.scanspec.AcceptReject,"nonapi.io.github.classgraph.scanspec.AcceptReject{name=packageNameToPath,return=java.lang.String,parameters=[java.lang.String]}",958d46cd967133d4eb59fc38f5d9ed8fdcbdbbf56b1165d48a65c8fd33bdac37,,,,,,0,270,0
src/main/java/nonapi/io/github/classgraph/scanspec/AcceptReject.java,nonapi.io.github.classgraph.scanspec.AcceptReject,"nonapi.io.github.classgraph.scanspec.AcceptReject{name=classNameToClassfilePath,return=java.lang.String,parameters=[java.lang.String]}",bc446886e9fcfb689a59e27fb74b74ddb2b9fad6659cf9fe688dfe8387fdbb51,,,,,,0,293,0
src/main/java/nonapi/io/github/classgraph/scanspec/AcceptReject.java,nonapi.io.github.classgraph.scanspec.AcceptReject,"nonapi.io.github.classgraph.scanspec.AcceptReject{name=globToPattern,return=java.util.regex.Pattern,parameters=[java.lang.String,boolean]}",77a9ce06e8ac202f8a37f1e6d864c74e2225d8a59bca23522c83888dd0b48c8d,,,,,,0,554,0
src/main/java/nonapi/io/github/classgraph/scanspec/AcceptReject.java,nonapi.io.github.classgraph.scanspec.AcceptReject,"nonapi.io.github.classgraph.scanspec.AcceptReject{name=acceptIsEmpty,return=boolean,parameters=[]}",266ef0921398112bf15d794f5e3b31d060b357325c2c9eed5bf6fada66ffc9a1,,,,,,0,270,0
src/main/java/nonapi/io/github/classgraph/scanspec/AcceptReject.java,nonapi.io.github.classgraph.scanspec.AcceptReject,"nonapi.io.github.classgraph.scanspec.AcceptReject{name=rejectIsEmpty,return=boolean,parameters=[]}",36c5ca738f1cee518a4af0686fd9bc048f65521437b889e6d87c16fb3dfd72ee,,,,,,0,270,0
src/main/java/nonapi/io/github/classgraph/scanspec/AcceptReject.java,nonapi.io.github.classgraph.scanspec.AcceptReject,"nonapi.io.github.classgraph.scanspec.AcceptReject{name=acceptAndRejectAreEmpty,return=boolean,parameters=[]}",4a3660ade4cb2b3a164e9e105479c18575b2924c35f99c8271db3dc7a0ef0843,,,,,,0,268,0
src/main/java/nonapi/io/github/classgraph/scanspec/AcceptReject.java,nonapi.io.github.classgraph.scanspec.AcceptReject,"nonapi.io.github.classgraph.scanspec.AcceptReject{name=sortPrefixes,return=void,parameters=[]}",7c71a0da284c88a4ae5690b9119071ccc61b08949afacbb617baecbb19e7188a,,,,,,0,326,0
src/main/java/nonapi/io/github/classgraph/scanspec/ScanSpec.java,nonapi.io.github.classgraph.scanspec.ScanSpec,"nonapi.io.github.classgraph.scanspec.ScanSpec{name=sortPrefixes,return=void,parameters=[]}",498732e1c756e9ef69bb6576971c8fbd54782d87e37ce92a270281a1bc1d5ceb,,,,,,0,347,0
src/main/java/nonapi/io/github/classgraph/scanspec/ScanSpec.java,nonapi.io.github.classgraph.scanspec.ScanSpec,"nonapi.io.github.classgraph.scanspec.ScanSpec{name=addClasspathOverride,return=void,parameters=[java.lang.Object]}",3824fdf6b7a6d9c95f31358b7e0c5a5636e27145b62ee4bd2d4536bb506e44a6,,,,,,0,462,0
src/main/java/nonapi/io/github/classgraph/scanspec/ScanSpec.java,nonapi.io.github.classgraph.scanspec.ScanSpec,"nonapi.io.github.classgraph.scanspec.ScanSpec{name=filterClasspathElements,return=void,parameters=[java.lang.Object]}",7f92294fc8480f505d99228b4ee16738c2b30d825bbb75c1b573d668a3e29976,,,,,,0,425,0
src/main/java/nonapi/io/github/classgraph/scanspec/ScanSpec.java,nonapi.io.github.classgraph.scanspec.ScanSpec,"nonapi.io.github.classgraph.scanspec.ScanSpec{name=addClassLoader,return=void,parameters=[java.lang.ClassLoader]}",4a2213ea93d3ffef4a499bf3ca275d0b097b7383a6cdf250f7096b593d6c52b8,,,,,,0,338,0
src/main/java/nonapi/io/github/classgraph/scanspec/ScanSpec.java,nonapi.io.github.classgraph.scanspec.ScanSpec,"nonapi.io.github.classgraph.scanspec.ScanSpec{name=enableURLScheme,return=void,parameters=[java.lang.String]}",18da000b30d457d4df4189d222df0d5e42a4c6c1bc09e5b51cf41dd4d23edc4e,,,,,,0,326,0
src/main/java/nonapi/io/github/classgraph/scanspec/ScanSpec.java,nonapi.io.github.classgraph.scanspec.ScanSpec,"nonapi.io.github.classgraph.scanspec.ScanSpec{name=overrideClassLoaders,return=void,parameters=[java.lang.ClassLoader[]]}",2d94d785c788a0ab9e2c8215a79c559da62adc5983feb7ffbae670746993c841,,,,,,0,400,0
src/main/java/nonapi/io/github/classgraph/scanspec/ScanSpec.java,nonapi.io.github.classgraph.scanspec.ScanSpec,"nonapi.io.github.classgraph.scanspec.ScanSpec{name=addModuleLayer,return=void,parameters=[java.lang.Object]}",15fb2ea1da64ce0e077f980c9341506c3b44d2f0ae699a2d7887b36d3b05803d,,,,,,0,421,0
src/main/java/nonapi/io/github/classgraph/scanspec/ScanSpec.java,nonapi.io.github.classgraph.scanspec.ScanSpec,"nonapi.io.github.classgraph.scanspec.ScanSpec{name=overrideModuleLayers,return=void,parameters=[java.lang.Object[]]}",c6367f37492d8f1d47048316eb4390749f600860c4c89bf693373373af047340,,,,,,0,474,0
src/main/java/nonapi/io/github/classgraph/scanspec/ScanSpec.java,nonapi.io.github.classgraph.scanspec.ScanSpec,"nonapi.io.github.classgraph.scanspec.ScanSpec{name=dirAcceptMatchStatus,return=nonapi.io.github.classgraph.scanspec.ScanSpec$ScanSpecPathMatch,parameters=[java.lang.String]}",182a8f3b66d88caef4f5c162e4a14ed04e3714d7cd9e66a461b4d7c8f8ed5e52,,,,,,0,739,0
src/main/java/nonapi/io/github/classgraph/scanspec/ScanSpec.java,nonapi.io.github.classgraph.scanspec.ScanSpec,"nonapi.io.github.classgraph.scanspec.ScanSpec{name=classfileIsSpecificallyAccepted,return=boolean,parameters=[java.lang.String]}",fcd09f133134e14f48f177c220bdff2f7bb4cfc102f449a22a0ebd63f395eab7,,,,,,0,359,0
src/main/java/nonapi/io/github/classgraph/scanspec/ScanSpec.java,nonapi.io.github.classgraph.scanspec.ScanSpec,"nonapi.io.github.classgraph.scanspec.ScanSpec{name=classOrPackageIsRejected,return=boolean,parameters=[java.lang.String]}",617f6042d91abc76ac2f471c639baef6076436fd4f88df1332e4e4e0b60d6051,,,,,,0,332,0
src/main/java/nonapi/io/github/classgraph/scanspec/ScanSpec.java,nonapi.io.github.classgraph.scanspec.ScanSpec,"nonapi.io.github.classgraph.scanspec.ScanSpec{name=log,return=void,parameters=[nonapi.io.github.classgraph.utils.LogNode]}",6433bc82ea3c06600fa6a4d7784b455e84f6d66fc217ccfd7a9047aed5fc589c,,,,,,0,356,0
src/main/java/nonapi/io/github/classgraph/types/Parser.java,nonapi.io.github.classgraph.types.Parser,"nonapi.io.github.classgraph.types.Parser{name=expect,return=void,parameters=[char]}",71cbf02a68b68f66bd749324239496070a005f6a58c24dc36c0e65153f89985d,,,,,,0,331,0
src/main/java/nonapi/io/github/classgraph/types/Parser.java,nonapi.io.github.classgraph.types.Parser,"nonapi.io.github.classgraph.types.Parser{name=peek,return=char,parameters=[]}",2c26bfff553bd9068b73aa2993245f49d35ce1b433f214c46aee433bcbe3dcf5,,,,,,0,276,0
src/main/java/nonapi/io/github/classgraph/types/Parser.java,nonapi.io.github.classgraph.types.Parser,"nonapi.io.github.classgraph.types.Parser{name=peekExpect,return=void,parameters=[char]}",ffb6f74eb85943bd53e3a568acaf78a56e1dd7972efa65483b7e85685b96d022,,,,,,0,381,0
src/main/java/nonapi/io/github/classgraph/types/Parser.java,nonapi.io.github.classgraph.types.Parser,"nonapi.io.github.classgraph.types.Parser{name=peekMatches,return=boolean,parameters=[java.lang.String]}",31b16e2c49429e438230e38787434e006674f180224a88bf5895d68f6c1fb49d,,,,,,0,311,0
src/main/java/nonapi/io/github/classgraph/types/Parser.java,nonapi.io.github.classgraph.types.Parser,"nonapi.io.github.classgraph.types.Parser{name=next,return=void,parameters=[]}",cc5bf6686df53785a80d4b8a36b153b08dc9393df7d69464dc39dcc67193f534,,,,,,0,245,0
src/main/java/nonapi/io/github/classgraph/types/Parser.java,nonapi.io.github.classgraph.types.Parser,"nonapi.io.github.classgraph.types.Parser{name=advance,return=void,parameters=[int]}",a9e5872a91daf59d2e606d3aaf1a041c3222da636268ddc00cf6462e47115937,,,,,,0,305,0
src/main/java/nonapi/io/github/classgraph/types/Parser.java,nonapi.io.github.classgraph.types.Parser,"nonapi.io.github.classgraph.types.Parser{name=hasMore,return=boolean,parameters=[]}",b5e1975f3327a20910a0df40162833739b1874bada6c19fc5dd6cc1a75f6993e,,,,,,0,264,0
src/main/java/nonapi/io/github/classgraph/types/Parser.java,nonapi.io.github.classgraph.types.Parser,"nonapi.io.github.classgraph.types.Parser{name=appendToToken,return=void,parameters=[java.lang.String]}",9a61725778ff9aac66239be5ad4214636c7b0bad2cba867385ea868a863d7fde,,,,,,0,264,0
src/main/java/nonapi/io/github/classgraph/types/Parser.java,nonapi.io.github.classgraph.types.Parser,"nonapi.io.github.classgraph.types.Parser{name=appendToToken,return=void,parameters=[char]}",9a708a5e1a49a61b5855b3f7d9bd15d1aa9b5f6cc457158c190ccff37d6b73bc,,,,,,0,264,0
src/main/java/nonapi/io/github/classgraph/types/Parser.java,nonapi.io.github.classgraph.types.Parser,"nonapi.io.github.classgraph.types.Parser{name=skipWhitespace,return=void,parameters=[]}",eeb1aa47cb57011ab0c6b80da21927bf67c5cbca0903c34fb5e1ba01bc91c3e2,,,,,,0,298,0
src/main/java/nonapi/io/github/classgraph/types/Parser.java,nonapi.io.github.classgraph.types.Parser,"nonapi.io.github.classgraph.types.Parser{name=currToken,return=java.lang.String,parameters=[]}",4f0960ca32c0ce0143ec2d9716a2db30e1a80606d09ec47be5ca5bdeda23d179,,,,,,0,279,0
src/main/java/nonapi/io/github/classgraph/types/TypeUtils.java,nonapi.io.github.classgraph.types.TypeUtils,"nonapi.io.github.classgraph.types.TypeUtils{name=modifiersToString,return=void,parameters=[int,nonapi.io.github.classgraph.types.TypeUtils$ModifierType,boolean,java.lang.StringBuilder]}",556017495b0839bd9876bbdc28ffeeb472462b896a9620d4eb7839eb87c3e348,,,,,,0,825,0
src/main/java/nonapi/io/github/classgraph/utils/CollectionUtils.java,nonapi.io.github.classgraph.utils.CollectionUtils,"nonapi.io.github.classgraph.utils.CollectionUtils{name=sortIfNotEmpty,return=void,parameters=[java.util.List<Generic{T extends java.lang.Comparable<Generic{? super Generic{T}}>}>]}",8b2ffb2fef330246611554f857c14adc70c5aa6b6869a1c1cb826fd33455ee51,,,,,,0,334,0
src/main/java/nonapi/io/github/classgraph/utils/CollectionUtils.java,nonapi.io.github.classgraph.utils.CollectionUtils,"nonapi.io.github.classgraph.utils.CollectionUtils{name=sortIfNotEmpty,return=void,parameters=[java.util.List<Generic{T}>,java.util.Comparator<Generic{? super Generic{T}}>]}",6cbe72da8ea890ec4aa4a6506c270ad048971444d1391a1cc7df98bf2c56e784,,,,,,0,349,0
src/main/java/nonapi/io/github/classgraph/utils/FastPathResolver.java,nonapi.io.github.classgraph.utils.FastPathResolver,"nonapi.io.github.classgraph.utils.FastPathResolver{name=normalizePath,return=java.lang.String,parameters=[java.lang.String,boolean]}",20b28fb776275514c404add57cb703f193ae4a7bc6986161451e1e7af8e2af7e,,,,,,0,617,0
src/main/java/nonapi/io/github/classgraph/utils/FastPathResolver.java,nonapi.io.github.classgraph.utils.FastPathResolver,"nonapi.io.github.classgraph.utils.FastPathResolver{name=resolve,return=java.lang.String,parameters=[java.lang.String,java.lang.String]}",4998cbec7b883f9399c0dd2b5b348b3d98934e4ba57f63ea422c4880f6191152,,,,,,0,1808,0
src/main/java/nonapi/io/github/classgraph/utils/FastPathResolver.java,nonapi.io.github.classgraph.utils.FastPathResolver,"nonapi.io.github.classgraph.utils.FastPathResolver{name=resolve,return=java.lang.String,parameters=[java.lang.String]}",50eb90df62e62e097d77dbadfc857b31cfeee92681351133fc4fc50517e96bde,,,,,,0,314,0
src/main/java/nonapi/io/github/classgraph/utils/FileUtils.java,nonapi.io.github.classgraph.utils.FileUtils,"nonapi.io.github.classgraph.utils.FileUtils{name=currDirPath,return=java.lang.String,parameters=[]}",6c4c6f39f788152d8ebd616b58dd69df038d72fb43d16d399ffd210d8ef2c0d6,,,,,,0,514,0
src/main/java/nonapi/io/github/classgraph/utils/FileUtils.java,nonapi.io.github.classgraph.utils.FileUtils,"nonapi.io.github.classgraph.utils.FileUtils{name=sanitizeEntryPath,return=java.lang.String,parameters=[java.lang.String,boolean,boolean]}",96d55c1c8ddb76f9f0fef39a43527c81e595b5c9a4d74fd50ef7d38c3f599fea,,,,,,0,1409,0
src/main/java/nonapi/io/github/classgraph/utils/FileUtils.java,nonapi.io.github.classgraph.utils.FileUtils,"nonapi.io.github.classgraph.utils.FileUtils{name=canRead,return=boolean,parameters=[java.io.File]}",1a88b715bd53a9af2ea6f73bb1b3b4899819e7fb455c07038747922aacaf67d2,,,,,,0,304,0
src/main/java/nonapi/io/github/classgraph/utils/FileUtils.java,nonapi.io.github.classgraph.utils.FileUtils,"nonapi.io.github.classgraph.utils.FileUtils{name=canReadAndIsFile,return=boolean,parameters=[java.io.File]}",d2920aa141a7266e2c33df5a3209d91e27a4d42ce26105398784beef26c4995c,,,,,,0,328,0
src/main/java/nonapi/io/github/classgraph/utils/FileUtils.java,nonapi.io.github.classgraph.utils.FileUtils,"nonapi.io.github.classgraph.utils.FileUtils{name=canReadAndIsFile,return=boolean,parameters=[java.nio.file.Path]}",3a59666ffb8330428262342f73360144cf6e0d3cc5d3313f6d8aaad59a190d4c,,,,,,0,331,0
src/main/java/nonapi/io/github/classgraph/utils/FileUtils.java,nonapi.io.github.classgraph.utils.FileUtils,"nonapi.io.github.classgraph.utils.FileUtils{name=checkCanReadAndIsFile,return=void,parameters=[java.io.File]}",1b38cdb871c47238d5f9b0eb08b5171ac3495eb10a3b5fef55691094be70b585,,,,,,0,384,0
src/main/java/nonapi/io/github/classgraph/utils/FileUtils.java,nonapi.io.github.classgraph.utils.FileUtils,"nonapi.io.github.classgraph.utils.FileUtils{name=checkCanReadAndIsFile,return=void,parameters=[java.nio.file.Path]}",7d216b65ab5885211827b092bfd8ba383caa9e7833cec02fdea465394e48db44,,,,,,0,387,0
src/main/java/nonapi/io/github/classgraph/utils/FileUtils.java,nonapi.io.github.classgraph.utils.FileUtils,"nonapi.io.github.classgraph.utils.FileUtils{name=canReadAndIsDir,return=boolean,parameters=[java.io.File]}",2bde858937612f30924d69956a6d80e6588f7a5f0fb2a79b4f2e65a30d739829,,,,,,0,326,0
src/main/java/nonapi/io/github/classgraph/utils/FileUtils.java,nonapi.io.github.classgraph.utils.FileUtils,"nonapi.io.github.classgraph.utils.FileUtils{name=canReadAndIsDir,return=boolean,parameters=[java.nio.file.Path]}",d2287c9407556e3f09619331936152f6ac9199f1eceae3b5df89709f7b65580b,,,,,,0,327,0
src/main/java/nonapi/io/github/classgraph/utils/FileUtils.java,nonapi.io.github.classgraph.utils.FileUtils,"nonapi.io.github.classgraph.utils.FileUtils{name=checkCanReadAndIsDir,return=void,parameters=[java.io.File]}",5e6f89545f6da92e9c525e061e2ad7ae0da1dd3f8f2e1eae38ef46aaa41fd25f,,,,,,0,381,0
src/main/java/nonapi/io/github/classgraph/utils/FileUtils.java,nonapi.io.github.classgraph.utils.FileUtils$1,"nonapi.io.github.classgraph.utils.FileUtils$1{name=call,return=java.lang.Void,parameters=[]}",7207e165b2c6671f04ef1f2f81b0f704b9a184208a74e24c88e261155e5e6faa,,,,,,0,243,0
src/main/java/nonapi/io/github/classgraph/utils/FileUtils.java,nonapi.io.github.classgraph.utils.FileUtils,"nonapi.io.github.classgraph.utils.FileUtils{name=closeDirectByteBuffer,return=boolean,parameters=[java.nio.ByteBuffer,nonapi.io.github.classgraph.utils.LogNode]}",2727b6fd6a3c9bbb089707e19dc3a710b8298bd8ed30741ffd265945e3681fe3,,,,,,0,414,0
src/main/java/nonapi/io/github/classgraph/utils/JarUtils.java,nonapi.io.github.classgraph.utils.JarUtils,"nonapi.io.github.classgraph.utils.JarUtils{name=smartPathSplit,return=java.lang.String[],parameters=[java.lang.String,nonapi.io.github.classgraph.scanspec.ScanSpec]}",f086dfde38847cdfe96b9c08f7db49b55646cbfc6e2ba7fda9135174eb362b37,,,,,,0,354,0
src/main/java/nonapi/io/github/classgraph/utils/JarUtils.java,nonapi.io.github.classgraph.utils.JarUtils,"nonapi.io.github.classgraph.utils.JarUtils{name=smartPathSplit,return=java.lang.String[],parameters=[java.lang.String,char,nonapi.io.github.classgraph.scanspec.ScanSpec]}",de314bd849617ca80f333e27d846347076ebff828a527e6e54537595137a717d,,,,,,0,1163,0
src/main/java/nonapi/io/github/classgraph/utils/JarUtils.java,nonapi.io.github.classgraph.utils.JarUtils,"nonapi.io.github.classgraph.utils.JarUtils{name=pathElementsToPathStr,return=java.lang.String,parameters=[java.lang.Object[]]}",ffa6403667cac0c25304d80159f7a4d773362e8a4e5ef186ad00c2e6005e8c37,,,,,,0,371,0
src/main/java/nonapi/io/github/classgraph/utils/JarUtils.java,nonapi.io.github.classgraph.utils.JarUtils,"nonapi.io.github.classgraph.utils.JarUtils{name=pathElementsToPathStr,return=java.lang.String,parameters=[java.lang.Iterable<Generic{?}>]}",e4ffd13725e40829db58da01afdd5e8db273a26261b7bedf6918f783c174e88a,,,,,,0,380,0
src/main/java/nonapi/io/github/classgraph/utils/JarUtils.java,nonapi.io.github.classgraph.utils.JarUtils,"nonapi.io.github.classgraph.utils.JarUtils{name=leafName,return=java.lang.String,parameters=[java.lang.String]}",161dc6f5331ef5f39e3699df5e89e06c5b91561310d9c72b100627af553f1367,,,,,,0,486,0
src/main/java/nonapi/io/github/classgraph/utils/JarUtils.java,nonapi.io.github.classgraph.utils.JarUtils,"nonapi.io.github.classgraph.utils.JarUtils{name=classfilePathToClassName,return=java.lang.String,parameters=[java.lang.String]}",c75531160c1bf3c6df6088abca55a2c9de2376008a8e30f0265db4602f39bad9,,,,,,0,328,0
src/main/java/nonapi/io/github/classgraph/utils/JarUtils.java,nonapi.io.github.classgraph.utils.JarUtils,"nonapi.io.github.classgraph.utils.JarUtils{name=classNameToClassfilePath,return=java.lang.String,parameters=[java.lang.String]}",461e7bbfffc556ade2a7e3524ad0c2098f764980198f5874a172c75fb03e482e,,,,,,0,279,0
src/main/java/nonapi/io/github/classgraph/utils/JarUtils.java,nonapi.io.github.classgraph.utils.JarUtils,"nonapi.io.github.classgraph.utils.JarUtils{name=derivedAutomaticModuleName,return=java.lang.String,parameters=[java.lang.String]}",3c2a255ff6b6dcc944630958a7a382ce1790ad15303e712b3b3fee8fd907d9e8,,,,,,0,804,0
src/main/java/nonapi/io/github/classgraph/utils/LogNode.java,nonapi.io.github.classgraph.utils.LogNode,"nonapi.io.github.classgraph.utils.LogNode{name=logInRealtime,return=void,parameters=[boolean]}",114f3206cb20bb8515a571ec7b279093be81a3e2c01438f68553fb14d14eac3e,,,,,,0,344,0
src/main/java/nonapi/io/github/classgraph/utils/LogNode.java,nonapi.io.github.classgraph.utils.LogNode,"nonapi.io.github.classgraph.utils.LogNode{name=addElapsedTime,return=void,parameters=[]}",fdb54a5c5fa6f5457ef6cef50c8d34e1bafda2e83d2dd64f60d29fc6f4905f3c,,,,,,0,272,0
src/main/java/nonapi/io/github/classgraph/utils/LogNode.java,nonapi.io.github.classgraph.utils.LogNode,"nonapi.io.github.classgraph.utils.LogNode{name=log,return=nonapi.io.github.classgraph.utils.LogNode,parameters=[java.lang.String,java.lang.String,long,java.lang.Throwable]}",018e47f9463e9ec181c3eb7bf69a15c9c99f5d47f46b26e97abb9b1939f7fb50,,,,,,0,357,0
src/main/java/nonapi/io/github/classgraph/utils/LogNode.java,nonapi.io.github.classgraph.utils.LogNode,"nonapi.io.github.classgraph.utils.LogNode{name=log,return=nonapi.io.github.classgraph.utils.LogNode,parameters=[java.lang.String,java.lang.String,long]}",b5322fd187dcb4cd634bc5a7549a4042d754a2ef052d05465ff0b054b31f4765,,,,,,0,334,0
src/main/java/nonapi/io/github/classgraph/utils/LogNode.java,nonapi.io.github.classgraph.utils.LogNode,"nonapi.io.github.classgraph.utils.LogNode{name=log,return=nonapi.io.github.classgraph.utils.LogNode,parameters=[java.lang.String,java.lang.String,java.lang.Throwable]}",29fbdde5cade341240aa3da256cb9a2465a62816fd0baf5fd72d9932b4c76379,,,,,,0,338,0
src/main/java/nonapi/io/github/classgraph/utils/LogNode.java,nonapi.io.github.classgraph.utils.LogNode,"nonapi.io.github.classgraph.utils.LogNode{name=log,return=nonapi.io.github.classgraph.utils.LogNode,parameters=[java.lang.String,java.lang.String]}",b54ec6e344bd1f5bd7a744cf42840e498a3fb280eca034e9ee5e469674d417a4,,,,,,0,315,0
src/main/java/nonapi/io/github/classgraph/utils/LogNode.java,nonapi.io.github.classgraph.utils.LogNode,"nonapi.io.github.classgraph.utils.LogNode{name=log,return=nonapi.io.github.classgraph.utils.LogNode,parameters=[java.lang.String,long,java.lang.Throwable]}",fa224299e42cd2b6d1b622b1e246fce65b7c65e114c106ddd57bd1ec9b4f32e8,,,,,,0,328,0
src/main/java/nonapi/io/github/classgraph/utils/LogNode.java,nonapi.io.github.classgraph.utils.LogNode,"nonapi.io.github.classgraph.utils.LogNode{name=log,return=nonapi.io.github.classgraph.utils.LogNode,parameters=[java.lang.String,long]}",ff0dec4ac4d1367651dfe600a92419ca1fab04ff99ad714040b453fcdabf5c77,,,,,,0,304,0
src/main/java/nonapi/io/github/classgraph/utils/LogNode.java,nonapi.io.github.classgraph.utils.LogNode,"nonapi.io.github.classgraph.utils.LogNode{name=log,return=nonapi.io.github.classgraph.utils.LogNode,parameters=[java.lang.String,java.lang.Throwable]}",158d7520e287a90db9a9d9999f02474d8269ca142601f0d3ae4899c9cceeee52,,,,,,0,309,0
src/main/java/nonapi/io/github/classgraph/utils/LogNode.java,nonapi.io.github.classgraph.utils.LogNode,"nonapi.io.github.classgraph.utils.LogNode{name=log,return=nonapi.io.github.classgraph.utils.LogNode,parameters=[java.lang.String]}",37f94e2b17d609afbc7ac0fec45e1a94dc6ebc96f866301f03a0bcb8bd61d38c,,,,,,0,286,0
src/main/java/nonapi/io/github/classgraph/utils/LogNode.java,nonapi.io.github.classgraph.utils.LogNode,"nonapi.io.github.classgraph.utils.LogNode{name=log,return=nonapi.io.github.classgraph.utils.LogNode,parameters=[java.util.Collection<java.lang.String>]}",951824e2a020b2a274ec3b9474e2a61fc0c8a0ae0e4246200856336784e67ed8,,,,,,0,317,0
src/main/java/nonapi/io/github/classgraph/utils/LogNode.java,nonapi.io.github.classgraph.utils.LogNode,"nonapi.io.github.classgraph.utils.LogNode{name=log,return=nonapi.io.github.classgraph.utils.LogNode,parameters=[java.lang.Throwable]}",2c2d97e5f464fa57a3c15b5e052772ab50babdedb7a6056e0ddbc92c09d00a52,,,,,,0,292,0
src/main/java/nonapi/io/github/classgraph/utils/LogNode.java,nonapi.io.github.classgraph.utils.LogNode,"nonapi.io.github.classgraph.utils.LogNode{name=flush,return=void,parameters=[]}",46655a185c3d3c591686cd375378c672320dfef8ad8f15543d703ae307019963,,,,,,0,347,0
src/main/java/nonapi/io/github/classgraph/utils/ProxyingInputStream.java,nonapi.io.github.classgraph.utils.ProxyingInputStream,"nonapi.io.github.classgraph.utils.ProxyingInputStream{name=read,return=int,parameters=[]}",71e21429c4090c19bec0f7fe299394b4dc5d569ebfc90c61dfd7b07a95698bfa,,,,,,0,237,0
src/main/java/nonapi/io/github/classgraph/utils/ProxyingInputStream.java,nonapi.io.github.classgraph.utils.ProxyingInputStream,"nonapi.io.github.classgraph.utils.ProxyingInputStream{name=read,return=int,parameters=[byte[]]}",89829c8944daf13ebdd3925c3057ebd7987d7fd6b75782061803c76b6532d688,,,,,,0,242,0
src/main/java/nonapi/io/github/classgraph/utils/ProxyingInputStream.java,nonapi.io.github.classgraph.utils.ProxyingInputStream,"nonapi.io.github.classgraph.utils.ProxyingInputStream{name=read,return=int,parameters=[byte[],int,int]}",a22f9e0161829da9d1ae6ff916c5a07899d297f6ab247f9be1f76be93a3c627b,,,,,,0,254,0
src/main/java/nonapi/io/github/classgraph/utils/ProxyingInputStream.java,nonapi.io.github.classgraph.utils.ProxyingInputStream,"nonapi.io.github.classgraph.utils.ProxyingInputStream{name=readAllBytes,return=byte[],parameters=[]}",feabcec05cb0cfb3f8ebca09ab31820f4ff3859dccaa3f4abcacbc27e9823ec2,,,,,,0,297,0
src/main/java/nonapi/io/github/classgraph/utils/ProxyingInputStream.java,nonapi.io.github.classgraph.utils.ProxyingInputStream,"nonapi.io.github.classgraph.utils.ProxyingInputStream{name=readNBytes,return=byte[],parameters=[int]}",7ce3ada772902eccd27709efa387e62efa5d964e745ee4167da2b7496f8f441b,,,,,,0,304,0
src/main/java/nonapi/io/github/classgraph/utils/ProxyingInputStream.java,nonapi.io.github.classgraph.utils.ProxyingInputStream,"nonapi.io.github.classgraph.utils.ProxyingInputStream{name=readNBytes,return=int,parameters=[byte[],int,int]}",25afb09609bfde82ab04ae8a781075edd75cc4726b645a1c5b910406524e869e,,,,,,0,316,0
src/main/java/nonapi/io/github/classgraph/utils/ProxyingInputStream.java,nonapi.io.github.classgraph.utils.ProxyingInputStream,"nonapi.io.github.classgraph.utils.ProxyingInputStream{name=available,return=int,parameters=[]}",ee7cbaf4ea8dde48d6e9cb43f95b3ca2453da4e7c58e66ae3aed279dcac7ec8a,,,,,,0,237,0
src/main/java/nonapi/io/github/classgraph/utils/ProxyingInputStream.java,nonapi.io.github.classgraph.utils.ProxyingInputStream,"nonapi.io.github.classgraph.utils.ProxyingInputStream{name=markSupported,return=boolean,parameters=[]}",cd7ecdd3ac15eec43988b9b37bb5971db712562ac86bc0021cb817613c763680,,,,,,0,237,0
src/main/java/nonapi/io/github/classgraph/utils/ProxyingInputStream.java,nonapi.io.github.classgraph.utils.ProxyingInputStream,"nonapi.io.github.classgraph.utils.ProxyingInputStream{name=mark,return=void,parameters=[int]}",4c6bb71caa85768439fff989e3aee6fabf61f2eaab676c8d47ce0ff2beb278e7,,,,,,0,241,0
src/main/java/nonapi/io/github/classgraph/utils/ProxyingInputStream.java,nonapi.io.github.classgraph.utils.ProxyingInputStream,"nonapi.io.github.classgraph.utils.ProxyingInputStream{name=reset,return=void,parameters=[]}",8342edc9782f61d984afb39bcc8cd66e9c64a93a2c9440ff2beb43b440a90baa,,,,,,0,237,0
src/main/java/nonapi/io/github/classgraph/utils/ProxyingInputStream.java,nonapi.io.github.classgraph.utils.ProxyingInputStream,"nonapi.io.github.classgraph.utils.ProxyingInputStream{name=skip,return=long,parameters=[long]}",7e213e97588de25e6a38bbf1d350b50147c4b8851b94418b2484b44ab052fbfa,,,,,,0,241,0
src/main/java/nonapi/io/github/classgraph/utils/ProxyingInputStream.java,nonapi.io.github.classgraph.utils.ProxyingInputStream,"nonapi.io.github.classgraph.utils.ProxyingInputStream{name=skipNBytes,return=void,parameters=[long]}",2309eac96119af78657f1c8c31884f03685f5c64895ec8c38af561be5dfd0799,,,,,,0,297,0
src/main/java/nonapi/io/github/classgraph/utils/ProxyingInputStream.java,nonapi.io.github.classgraph.utils.ProxyingInputStream,"nonapi.io.github.classgraph.utils.ProxyingInputStream{name=transferTo,return=long,parameters=[java.io.OutputStream]}",0c2b8d02078721c77d30aef2679b8f849a18b135d6b10f5ddd025e8dc3db678f,,,,,,0,298,0
src/main/java/nonapi/io/github/classgraph/utils/ProxyingInputStream.java,nonapi.io.github.classgraph.utils.ProxyingInputStream,"nonapi.io.github.classgraph.utils.ProxyingInputStream{name=close,return=void,parameters=[]}",4a8624933579e3ad0c809a903ce3367f4828d569aedfc17ed2ca4d90c78a3b83,,,,,,0,261,0
src/main/java/nonapi/io/github/classgraph/utils/StringUtils.java,nonapi.io.github.classgraph.utils.StringUtils,"nonapi.io.github.classgraph.utils.StringUtils{name=readString,return=java.lang.String,parameters=[byte[],int,int,boolean,boolean]}",932f46bfc11086b894417a178dbfd167f219282f538f9ff93f956ff2004ec88c,,,,,,0,1138,0
src/main/java/nonapi/io/github/classgraph/utils/StringUtils.java,nonapi.io.github.classgraph.utils.StringUtils,"nonapi.io.github.classgraph.utils.StringUtils{name=join,return=void,parameters=[java.lang.StringBuilder,java.lang.String,java.lang.String,java.lang.String,java.lang.Iterable<Generic{?}>]}",8736ad66eb5556be682facbb95a50aeff16d9391258b8e07dfc1ffe2c4ddb6bf,,,,,,0,439,0
src/main/java/nonapi/io/github/classgraph/utils/StringUtils.java,nonapi.io.github.classgraph.utils.StringUtils,"nonapi.io.github.classgraph.utils.StringUtils{name=join,return=java.lang.String,parameters=[java.lang.String,java.lang.Iterable<Generic{?}>]}",42ab2f47cff51f45e537e349e9ef65417c3fc1647ef5270d3fd473b5463b190b,,,,,,0,312,0
src/main/java/nonapi/io/github/classgraph/utils/StringUtils.java,nonapi.io.github.classgraph.utils.StringUtils,"nonapi.io.github.classgraph.utils.StringUtils{name=join,return=java.lang.String,parameters=[java.lang.String,java.lang.Object[]]}",af36b25dec3a0f94de626aeabfe1834c1f743f29b85acac746613dc7fee10dcd,,,,,,0,346,0
src/main/java/nonapi/io/github/classgraph/utils/URLPathEncoder.java,nonapi.io.github.classgraph.utils.URLPathEncoder,"nonapi.io.github.classgraph.utils.URLPathEncoder{name=decodePath,return=java.lang.String,parameters=[java.lang.String]}",7a2a468196fa2e253936c5dd2f25b83b9f7d83b0e680327de4e3e419e0d4cf03,,,,,,0,380,0
src/main/java/nonapi/io/github/classgraph/utils/URLPathEncoder.java,nonapi.io.github.classgraph.utils.URLPathEncoder,"nonapi.io.github.classgraph.utils.URLPathEncoder{name=encodePath,return=java.lang.String,parameters=[java.lang.String]}",eae3fac387687abed9cc243e735fb38910757b47b2a96ac8c3d9476053e2898c,,,,,,0,620,0
src/main/java/nonapi/io/github/classgraph/utils/URLPathEncoder.java,nonapi.io.github.classgraph.utils.URLPathEncoder,"nonapi.io.github.classgraph.utils.URLPathEncoder{name=normalizeURLPath,return=java.lang.String,parameters=[java.lang.String]}",5333037d349eca6f908b76295a38a237b1d513dc8cbbf7472cca8196de64c91c,,,,,,0,826,0
